26-04 15:33:24 +00:00: /root/JDMO/main/main/database/Maps
26-04 15:33:24 +00:00: JDM API Server running at https://2.56.246.74:443/
26-04 15:33:24 +00:00: JWT Module Redis client connected
26-04 15:55:14 +00:00: Saved data to /root/JDMO/main/main/database/Maps/Gnarly.json
26-04 15:55:32 +00:00: Saved data to /root/JDMO/main/main/database/Maps/Gnarly.json
26-04 16:05:57 +00:00: Saved data to /root/JDMO/main/main/database/Maps/Gnarly.json
26-04 16:06:17 +00:00: Saved data to /root/JDMO/main/main/database/Maps/Gnarly.json
26-04 16:06:39 +00:00: Saved data to /root/JDMO/main/main/database/Maps/Gnarly.json
26-04 16:13:15 +00:00: Saved data to /root/JDMO/main/main/database/Maps/Gnarly.json
26-04 16:13:34 +00:00: Saved data to /root/JDMO/main/main/database/Maps/Gnarly.json
26-04 16:13:57 +00:00: Saved data to /root/JDMO/main/main/database/Maps/Gnarly.json
26-04 16:22:40 +00:00: Uploading file: jdmelody-nx-all.json as jdmelody-nx-all.2616eab3f2b9b96aaa1f4c1de4cd39db.json
26-04 16:22:42 +00:00: File uploaded: jdmelody-nx-all.2616eab3f2b9b96aaa1f4c1de4cd39db.json
26-04 16:22:42 +00:00: Updated local JSON file: data/songdb/NX/SongDB.json with URL: https://jdmo-cdn.c0llydoll.com/private/songdb/jdmelody-nx-all.2616eab3f2b9b96aaa1f4c1de4cd39db.json
26-04 16:22:42 +00:00: Uploading file: jdmelody-ps4-all.json as jdmelody-ps4-all.9cf34bf774fba6a3990c7b7eabdf4a83.json
26-04 16:22:42 +00:00: File uploaded: jdmelody-ps4-all.9cf34bf774fba6a3990c7b7eabdf4a83.json
26-04 16:22:42 +00:00: Updated local JSON file: data/songdb/PS4/SongDB.json with URL: https://jdmo-cdn.c0llydoll.com/private/songdb/jdmelody-ps4-all.9cf34bf774fba6a3990c7b7eabdf4a83.json
26-04 16:22:43 +00:00: Uploading file: jdmelody-pc-all.json as jdmelody-pc-all.88f250530cdde1f93a4bbac516d10d85.json
26-04 16:22:43 +00:00: File uploaded: jdmelody-pc-all.88f250530cdde1f93a4bbac516d10d85.json
26-04 16:22:43 +00:00: Updated local JSON file: data/songdb/PC/SongDB.json with URL: https://jdmo-cdn.c0llydoll.com/private/songdb/jdmelody-pc-all.88f250530cdde1f93a4bbac516d10d85.json
26-04 16:22:43 +00:00: Uploading file: jdmelody-nx-patreon.json as jdmelody-nx-patreon.af18f95324a8ac0daba98bb0a73f2429.json
26-04 16:22:44 +00:00: File uploaded: jdmelody-nx-patreon.af18f95324a8ac0daba98bb0a73f2429.json
26-04 16:22:44 +00:00: Updated local JSON file: data/songdb/NX/SongDB_Patreon.json with URL: https://jdmo-cdn.c0llydoll.com/private/songdb/jdmelody-nx-patreon.af18f95324a8ac0daba98bb0a73f2429.json
26-04 16:22:44 +00:00: Uploading file: jdmelody-ps4-patreon.json as jdmelody-ps4-patreon.ac3c168f9300262aaa55ec54353dd53b.json
26-04 16:22:44 +00:00: File uploaded: jdmelody-ps4-patreon.ac3c168f9300262aaa55ec54353dd53b.json
26-04 16:22:44 +00:00: Updated local JSON file: data/songdb/PS4/SongDB_Patreon.json with URL: https://jdmo-cdn.c0llydoll.com/private/songdb/jdmelody-ps4-patreon.ac3c168f9300262aaa55ec54353dd53b.json
26-04 16:22:44 +00:00: Uploading file: jdmelody-pc-patreon.json as jdmelody-pc-patreon.6248d820bd56bb593c8b9f604790ece5.json
26-04 16:22:44 +00:00: File uploaded: jdmelody-pc-patreon.6248d820bd56bb593c8b9f604790ece5.json
26-04 16:22:44 +00:00: Updated local JSON file: data/songdb/PC/SongDB_Patreon.json with URL: https://jdmo-cdn.c0llydoll.com/private/songdb/jdmelody-pc-patreon.6248d820bd56bb593c8b9f604790ece5.json
26-04 16:22:44 +00:00: Uploading file: jdmelody-nx-dev.json as jdmelody-nx-dev.c789c64d996cdec7656bf1f48377633c.json
26-04 16:22:45 +00:00: File uploaded: jdmelody-nx-dev.c789c64d996cdec7656bf1f48377633c.json
26-04 16:22:45 +00:00: Updated local JSON file: data/songdb/NX/SongDB_Dev.json with URL: https://jdmo-cdn.c0llydoll.com/private/songdb/jdmelody-nx-dev.c789c64d996cdec7656bf1f48377633c.json
26-04 16:22:45 +00:00: Uploading file: jdmelody-ps4-dev.json as jdmelody-ps4-dev.a7b2d6ef1fd293d27db527e08f99bf6f.json
26-04 16:22:45 +00:00: File uploaded: jdmelody-ps4-dev.a7b2d6ef1fd293d27db527e08f99bf6f.json
26-04 16:22:45 +00:00: Updated local JSON file: data/songdb/PS4/SongDB_Dev.json with URL: https://jdmo-cdn.c0llydoll.com/private/songdb/jdmelody-ps4-dev.a7b2d6ef1fd293d27db527e08f99bf6f.json
26-04 16:22:45 +00:00: Uploading file: jdmelody-pc-dev.json as jdmelody-pc-dev.73a8c2a9e8b5aabea60a0d720ca9507b.json
26-04 16:22:45 +00:00: File uploaded: jdmelody-pc-dev.73a8c2a9e8b5aabea60a0d720ca9507b.json
26-04 16:22:45 +00:00: Updated local JSON file: data/songdb/PC/SongDB_Dev.json with URL: https://jdmo-cdn.c0llydoll.com/private/songdb/jdmelody-pc-dev.73a8c2a9e8b5aabea60a0d720ca9507b.json
27-04 04:58:45 +00:00: Saved data to /root/JDMO/main/main/database/Maps/MJWannaBeRETAKE.json
27-04 05:00:21 +00:00: Saved data to /root/JDMO/main/main/database/Maps/MJWannaBeRETAKE.json
27-04 05:02:01 +00:00: Saved data to /root/JDMO/main/main/database/Maps/MJWannaBeRETAKE.json
27-04 05:03:25 +00:00: Uploading file: jdmelody-nx-all.json as jdmelody-nx-all.2616eab3f2b9b96aaa1f4c1de4cd39db.json
27-04 05:03:26 +00:00: File uploaded: jdmelody-nx-all.2616eab3f2b9b96aaa1f4c1de4cd39db.json
27-04 05:03:26 +00:00: Updated local JSON file: data/songdb/NX/SongDB.json with URL: https://jdmo-cdn.c0llydoll.com/private/songdb/jdmelody-nx-all.2616eab3f2b9b96aaa1f4c1de4cd39db.json
27-04 05:03:26 +00:00: Uploading file: jdmelody-ps4-all.json as jdmelody-ps4-all.9cf34bf774fba6a3990c7b7eabdf4a83.json
27-04 05:03:27 +00:00: File uploaded: jdmelody-ps4-all.9cf34bf774fba6a3990c7b7eabdf4a83.json
27-04 05:03:27 +00:00: Updated local JSON file: data/songdb/PS4/SongDB.json with URL: https://jdmo-cdn.c0llydoll.com/private/songdb/jdmelody-ps4-all.9cf34bf774fba6a3990c7b7eabdf4a83.json
27-04 05:03:27 +00:00: Uploading file: jdmelody-pc-all.json as jdmelody-pc-all.88f250530cdde1f93a4bbac516d10d85.json
27-04 05:03:27 +00:00: File uploaded: jdmelody-pc-all.88f250530cdde1f93a4bbac516d10d85.json
27-04 05:03:27 +00:00: Updated local JSON file: data/songdb/PC/SongDB.json with URL: https://jdmo-cdn.c0llydoll.com/private/songdb/jdmelody-pc-all.88f250530cdde1f93a4bbac516d10d85.json
27-04 05:03:27 +00:00: Uploading file: jdmelody-nx-patreon.json as jdmelody-nx-patreon.48811c93920eaab8e8851a069b1afd78.json
27-04 05:03:28 +00:00: File uploaded: jdmelody-nx-patreon.48811c93920eaab8e8851a069b1afd78.json
27-04 05:03:28 +00:00: Updated local JSON file: data/songdb/NX/SongDB_Patreon.json with URL: https://jdmo-cdn.c0llydoll.com/private/songdb/jdmelody-nx-patreon.48811c93920eaab8e8851a069b1afd78.json
27-04 05:03:28 +00:00: Uploading file: jdmelody-ps4-patreon.json as jdmelody-ps4-patreon.c994201c2fad20da2b4bec5a89cc616a.json
27-04 05:03:28 +00:00: File uploaded: jdmelody-ps4-patreon.c994201c2fad20da2b4bec5a89cc616a.json
27-04 05:03:28 +00:00: Updated local JSON file: data/songdb/PS4/SongDB_Patreon.json with URL: https://jdmo-cdn.c0llydoll.com/private/songdb/jdmelody-ps4-patreon.c994201c2fad20da2b4bec5a89cc616a.json
27-04 05:03:28 +00:00: Uploading file: jdmelody-pc-patreon.json as jdmelody-pc-patreon.e0162ec8bfd75da504106ee7ad5a87f8.json
27-04 05:03:29 +00:00: File uploaded: jdmelody-pc-patreon.e0162ec8bfd75da504106ee7ad5a87f8.json
27-04 05:03:29 +00:00: Updated local JSON file: data/songdb/PC/SongDB_Patreon.json with URL: https://jdmo-cdn.c0llydoll.com/private/songdb/jdmelody-pc-patreon.e0162ec8bfd75da504106ee7ad5a87f8.json
27-04 05:03:29 +00:00: Uploading file: jdmelody-nx-dev.json as jdmelody-nx-dev.48b81c9fc13f9d70c0622a7e543c564a.json
27-04 05:03:29 +00:00: File uploaded: jdmelody-nx-dev.48b81c9fc13f9d70c0622a7e543c564a.json
27-04 05:03:29 +00:00: Updated local JSON file: data/songdb/NX/SongDB_Dev.json with URL: https://jdmo-cdn.c0llydoll.com/private/songdb/jdmelody-nx-dev.48b81c9fc13f9d70c0622a7e543c564a.json
27-04 05:03:29 +00:00: Uploading file: jdmelody-ps4-dev.json as jdmelody-ps4-dev.4fa4bbb8f50fbf6ea5d13497bdcd0a74.json
27-04 05:03:29 +00:00: File uploaded: jdmelody-ps4-dev.4fa4bbb8f50fbf6ea5d13497bdcd0a74.json
27-04 05:03:29 +00:00: Updated local JSON file: data/songdb/PS4/SongDB_Dev.json with URL: https://jdmo-cdn.c0llydoll.com/private/songdb/jdmelody-ps4-dev.4fa4bbb8f50fbf6ea5d13497bdcd0a74.json
27-04 05:03:29 +00:00: Uploading file: jdmelody-pc-dev.json as jdmelody-pc-dev.0fee0506789af8f7010a1a6e233d7a1a.json
27-04 05:03:30 +00:00: File uploaded: jdmelody-pc-dev.0fee0506789af8f7010a1a6e233d7a1a.json
27-04 05:03:30 +00:00: Updated local JSON file: data/songdb/PC/SongDB_Dev.json with URL: https://jdmo-cdn.c0llydoll.com/private/songdb/jdmelody-pc-dev.0fee0506789af8f7010a1a6e233d7a1a.json
27-04 05:04:46 +00:00: Saved data to /root/JDMO/main/main/database/Maps/MJSpeedDemon.json
27-04 05:10:20 +00:00: Saved data to /root/JDMO/main/main/database/Maps/MJSpeedDemon.json
27-04 05:13:13 +00:00: Saved data to /root/JDMO/main/main/database/Maps/MJSpeedDemon.json
27-04 05:14:54 +00:00: Saved data to /root/JDMO/main/main/database/Maps/MJSpeedDemon.json
27-04 05:15:21 +00:00: Saved data to /root/JDMO/main/main/database/Maps/MJSpeedDemon.json
27-04 05:15:48 +00:00: Saved data to /root/JDMO/main/main/database/Maps/MJSpeedDemon.json
27-04 05:26:38 +00:00: Saved data to /root/JDMO/main/main/database/Maps/MJWorkingDayNight.json
27-04 05:29:52 +00:00: Saved data to /root/JDMO/main/main/database/Maps/MJWorkingDayNight.json
27-04 05:30:45 +00:00: Saved data to /root/JDMO/main/main/database/Maps/MJWorkingDayNight.json
27-04 05:32:19 +00:00: Saved data to /root/JDMO/main/main/database/Maps/MJWorkingDayNight.json
27-04 05:32:43 +00:00: Saved data to /root/JDMO/main/main/database/Maps/MJWorkingDayNight.json
27-04 05:33:07 +00:00: Saved data to /root/JDMO/main/main/database/Maps/MJWorkingDayNight.json
27-04 05:33:59 +00:00: Uploading file: jdmelody-nx-all.json as jdmelody-nx-all.2616eab3f2b9b96aaa1f4c1de4cd39db.json
27-04 05:33:59 +00:00: File uploaded: jdmelody-nx-all.2616eab3f2b9b96aaa1f4c1de4cd39db.json
27-04 05:33:59 +00:00: Updated local JSON file: data/songdb/NX/SongDB.json with URL: https://jdmo-cdn.c0llydoll.com/private/songdb/jdmelody-nx-all.2616eab3f2b9b96aaa1f4c1de4cd39db.json
27-04 05:33:59 +00:00: Uploading file: jdmelody-ps4-all.json as jdmelody-ps4-all.9cf34bf774fba6a3990c7b7eabdf4a83.json
27-04 05:33:59 +00:00: File uploaded: jdmelody-ps4-all.9cf34bf774fba6a3990c7b7eabdf4a83.json
27-04 05:33:59 +00:00: Updated local JSON file: data/songdb/PS4/SongDB.json with URL: https://jdmo-cdn.c0llydoll.com/private/songdb/jdmelody-ps4-all.9cf34bf774fba6a3990c7b7eabdf4a83.json
27-04 05:33:59 +00:00: Uploading file: jdmelody-pc-all.json as jdmelody-pc-all.88f250530cdde1f93a4bbac516d10d85.json
27-04 05:33:59 +00:00: File uploaded: jdmelody-pc-all.88f250530cdde1f93a4bbac516d10d85.json
27-04 05:33:59 +00:00: Updated local JSON file: data/songdb/PC/SongDB.json with URL: https://jdmo-cdn.c0llydoll.com/private/songdb/jdmelody-pc-all.88f250530cdde1f93a4bbac516d10d85.json
27-04 05:33:59 +00:00: Uploading file: jdmelody-nx-patreon.json as jdmelody-nx-patreon.48811c93920eaab8e8851a069b1afd78.json
27-04 05:34:00 +00:00: File uploaded: jdmelody-nx-patreon.48811c93920eaab8e8851a069b1afd78.json
27-04 05:34:00 +00:00: Updated local JSON file: data/songdb/NX/SongDB_Patreon.json with URL: https://jdmo-cdn.c0llydoll.com/private/songdb/jdmelody-nx-patreon.48811c93920eaab8e8851a069b1afd78.json
27-04 05:34:00 +00:00: Uploading file: jdmelody-ps4-patreon.json as jdmelody-ps4-patreon.c994201c2fad20da2b4bec5a89cc616a.json
27-04 05:34:00 +00:00: File uploaded: jdmelody-ps4-patreon.c994201c2fad20da2b4bec5a89cc616a.json
27-04 05:34:00 +00:00: Updated local JSON file: data/songdb/PS4/SongDB_Patreon.json with URL: https://jdmo-cdn.c0llydoll.com/private/songdb/jdmelody-ps4-patreon.c994201c2fad20da2b4bec5a89cc616a.json
27-04 05:34:00 +00:00: Uploading file: jdmelody-pc-patreon.json as jdmelody-pc-patreon.e0162ec8bfd75da504106ee7ad5a87f8.json
27-04 05:34:01 +00:00: File uploaded: jdmelody-pc-patreon.e0162ec8bfd75da504106ee7ad5a87f8.json
27-04 05:34:01 +00:00: Updated local JSON file: data/songdb/PC/SongDB_Patreon.json with URL: https://jdmo-cdn.c0llydoll.com/private/songdb/jdmelody-pc-patreon.e0162ec8bfd75da504106ee7ad5a87f8.json
27-04 05:34:01 +00:00: Uploading file: jdmelody-nx-dev.json as jdmelody-nx-dev.0af8f83b99fe2ef7e1d92be23a6d3388.json
27-04 05:34:03 +00:00: File uploaded: jdmelody-nx-dev.0af8f83b99fe2ef7e1d92be23a6d3388.json
27-04 05:34:03 +00:00: Updated local JSON file: data/songdb/NX/SongDB_Dev.json with URL: https://jdmo-cdn.c0llydoll.com/private/songdb/jdmelody-nx-dev.0af8f83b99fe2ef7e1d92be23a6d3388.json
27-04 05:34:03 +00:00: Uploading file: jdmelody-ps4-dev.json as jdmelody-ps4-dev.80b82b405a0fbbe061b9b5d7b773b642.json
27-04 05:34:03 +00:00: File uploaded: jdmelody-ps4-dev.80b82b405a0fbbe061b9b5d7b773b642.json
27-04 05:34:03 +00:00: Updated local JSON file: data/songdb/PS4/SongDB_Dev.json with URL: https://jdmo-cdn.c0llydoll.com/private/songdb/jdmelody-ps4-dev.80b82b405a0fbbe061b9b5d7b773b642.json
27-04 05:34:03 +00:00: Uploading file: jdmelody-pc-dev.json as jdmelody-pc-dev.9cb6b7978e605e498fe1dabd7989c3c8.json
27-04 05:34:03 +00:00: File uploaded: jdmelody-pc-dev.9cb6b7978e605e498fe1dabd7989c3c8.json
27-04 05:34:03 +00:00: Updated local JSON file: data/songdb/PC/SongDB_Dev.json with URL: https://jdmo-cdn.c0llydoll.com/private/songdb/jdmelody-pc-dev.9cb6b7978e605e498fe1dabd7989c3c8.json
27-04 05:41:54 +00:00: Saved data to /root/JDMO/main/main/database/Maps/MJWannaBeRETAKE.json
27-04 05:42:19 +00:00: Saved data to /root/JDMO/main/main/database/Maps/MJWannaBeRETAKE.json
27-04 05:42:43 +00:00: Saved data to /root/JDMO/main/main/database/Maps/MJWannaBeRETAKE.json
27-04 14:03:13 +00:00: Saved data to /root/JDMO/main/main/database/Maps/Gnarly.json
27-04 14:03:30 +00:00: Saved data to /root/JDMO/main/main/database/Maps/Gnarly.json
27-04 14:03:50 +00:00: Saved data to /root/JDMO/main/main/database/Maps/Gnarly.json
27-04 18:59:21 +00:00: /root/JDMO/main/main/database/Maps
27-04 18:59:21 +00:00: JDM API Server running at https://2.56.246.74:443/
27-04 18:59:21 +00:00: JWT Module Redis client connected
27-04 19:03:54 +00:00: Saved data to /root/JDMO/main/main/database/Maps/MJThrillerRETAKE.json
27-04 19:03:55 +00:00: Saved data to /root/JDMO/main/main/database/Maps/MJThrillerRETAKE.json
27-04 19:08:44 +00:00: Saved data to /root/JDMO/main/main/database/Maps/MJWannaBeRETAKE.json
27-04 19:09:14 +00:00: Saved data to /root/JDMO/main/main/database/Maps/MJWannaBeRETAKE.json
27-04 19:10:48 +00:00: Saved data to /root/JDMO/main/main/database/Maps/MJWorkingDayNight.json
27-04 19:11:16 +00:00: Saved data to /root/JDMO/main/main/database/Maps/MJWorkingDayNight.json
27-04 19:11:44 +00:00: Saved data to /root/JDMO/main/main/database/Maps/MJWorkingDayNight.json
27-04 19:12:21 +00:00: Uploading file: jdmelody-nx-all.json as jdmelody-nx-all.2616eab3f2b9b96aaa1f4c1de4cd39db.json
27-04 19:12:21 +00:00: File uploaded: jdmelody-nx-all.2616eab3f2b9b96aaa1f4c1de4cd39db.json
27-04 19:12:21 +00:00: Updated local JSON file: data/songdb/NX/SongDB.json with URL: https://jdmo-cdn.c0llydoll.com/private/songdb/jdmelody-nx-all.2616eab3f2b9b96aaa1f4c1de4cd39db.json
27-04 19:12:21 +00:00: Uploading file: jdmelody-ps4-all.json as jdmelody-ps4-all.9cf34bf774fba6a3990c7b7eabdf4a83.json
27-04 19:12:23 +00:00: File uploaded: jdmelody-ps4-all.9cf34bf774fba6a3990c7b7eabdf4a83.json
27-04 19:12:23 +00:00: Updated local JSON file: data/songdb/PS4/SongDB.json with URL: https://jdmo-cdn.c0llydoll.com/private/songdb/jdmelody-ps4-all.9cf34bf774fba6a3990c7b7eabdf4a83.json
27-04 19:12:23 +00:00: Uploading file: jdmelody-pc-all.json as jdmelody-pc-all.88f250530cdde1f93a4bbac516d10d85.json
27-04 19:12:24 +00:00: File uploaded: jdmelody-pc-all.88f250530cdde1f93a4bbac516d10d85.json
27-04 19:12:24 +00:00: Updated local JSON file: data/songdb/PC/SongDB.json with URL: https://jdmo-cdn.c0llydoll.com/private/songdb/jdmelody-pc-all.88f250530cdde1f93a4bbac516d10d85.json
27-04 19:12:24 +00:00: Uploading file: jdmelody-nx-patreon.json as jdmelody-nx-patreon.48811c93920eaab8e8851a069b1afd78.json
27-04 19:12:24 +00:00: File uploaded: jdmelody-nx-patreon.48811c93920eaab8e8851a069b1afd78.json
27-04 19:12:24 +00:00: Updated local JSON file: data/songdb/NX/SongDB_Patreon.json with URL: https://jdmo-cdn.c0llydoll.com/private/songdb/jdmelody-nx-patreon.48811c93920eaab8e8851a069b1afd78.json
27-04 19:12:24 +00:00: Uploading file: jdmelody-ps4-patreon.json as jdmelody-ps4-patreon.c994201c2fad20da2b4bec5a89cc616a.json
27-04 19:12:25 +00:00: File uploaded: jdmelody-ps4-patreon.c994201c2fad20da2b4bec5a89cc616a.json
27-04 19:12:25 +00:00: Updated local JSON file: data/songdb/PS4/SongDB_Patreon.json with URL: https://jdmo-cdn.c0llydoll.com/private/songdb/jdmelody-ps4-patreon.c994201c2fad20da2b4bec5a89cc616a.json
27-04 19:12:25 +00:00: Uploading file: jdmelody-pc-patreon.json as jdmelody-pc-patreon.e0162ec8bfd75da504106ee7ad5a87f8.json
27-04 19:12:27 +00:00: File uploaded: jdmelody-pc-patreon.e0162ec8bfd75da504106ee7ad5a87f8.json
27-04 19:12:27 +00:00: Updated local JSON file: data/songdb/PC/SongDB_Patreon.json with URL: https://jdmo-cdn.c0llydoll.com/private/songdb/jdmelody-pc-patreon.e0162ec8bfd75da504106ee7ad5a87f8.json
27-04 19:12:27 +00:00: Uploading file: jdmelody-nx-dev.json as jdmelody-nx-dev.a5ced64a1985ed72d2ad6d665a38b1fa.json
27-04 19:12:27 +00:00: File uploaded: jdmelody-nx-dev.a5ced64a1985ed72d2ad6d665a38b1fa.json
27-04 19:12:27 +00:00: Updated local JSON file: data/songdb/NX/SongDB_Dev.json with URL: https://jdmo-cdn.c0llydoll.com/private/songdb/jdmelody-nx-dev.a5ced64a1985ed72d2ad6d665a38b1fa.json
27-04 19:12:27 +00:00: Uploading file: jdmelody-ps4-dev.json as jdmelody-ps4-dev.c0ea7a4e943467e2749439578f83113f.json
27-04 19:12:27 +00:00: File uploaded: jdmelody-ps4-dev.c0ea7a4e943467e2749439578f83113f.json
27-04 19:12:27 +00:00: Updated local JSON file: data/songdb/PS4/SongDB_Dev.json with URL: https://jdmo-cdn.c0llydoll.com/private/songdb/jdmelody-ps4-dev.c0ea7a4e943467e2749439578f83113f.json
27-04 19:12:27 +00:00: Uploading file: jdmelody-pc-dev.json as jdmelody-pc-dev.879eb3b69330625f078a9c90d599d8e8.json
27-04 19:12:28 +00:00: File uploaded: jdmelody-pc-dev.879eb3b69330625f078a9c90d599d8e8.json
27-04 19:12:28 +00:00: Updated local JSON file: data/songdb/PC/SongDB_Dev.json with URL: https://jdmo-cdn.c0llydoll.com/private/songdb/jdmelody-pc-dev.879eb3b69330625f078a9c90d599d8e8.json
28-04 07:25:54 +00:00: Saved data to /root/JDMO/main/main/database/Maps/MJDontStop.json
28-04 07:38:36 +00:00: Saved data to /root/JDMO/main/main/database/Maps/SurvivalDance.json
28-04 07:39:22 +00:00: Uploading file: jdmelody-nx-all.json as jdmelody-nx-all.2616eab3f2b9b96aaa1f4c1de4cd39db.json
28-04 07:39:22 +00:00: File uploaded: jdmelody-nx-all.2616eab3f2b9b96aaa1f4c1de4cd39db.json
28-04 07:39:22 +00:00: Updated local JSON file: data/songdb/NX/SongDB.json with URL: https://jdmo-cdn.c0llydoll.com/private/songdb/jdmelody-nx-all.2616eab3f2b9b96aaa1f4c1de4cd39db.json
28-04 07:39:22 +00:00: Uploading file: jdmelody-ps4-all.json as jdmelody-ps4-all.9cf34bf774fba6a3990c7b7eabdf4a83.json
28-04 07:39:23 +00:00: File uploaded: jdmelody-ps4-all.9cf34bf774fba6a3990c7b7eabdf4a83.json
28-04 07:39:23 +00:00: Updated local JSON file: data/songdb/PS4/SongDB.json with URL: https://jdmo-cdn.c0llydoll.com/private/songdb/jdmelody-ps4-all.9cf34bf774fba6a3990c7b7eabdf4a83.json
28-04 07:39:23 +00:00: Uploading file: jdmelody-pc-all.json as jdmelody-pc-all.88f250530cdde1f93a4bbac516d10d85.json
28-04 07:39:23 +00:00: File uploaded: jdmelody-pc-all.88f250530cdde1f93a4bbac516d10d85.json
28-04 07:39:23 +00:00: Updated local JSON file: data/songdb/PC/SongDB.json with URL: https://jdmo-cdn.c0llydoll.com/private/songdb/jdmelody-pc-all.88f250530cdde1f93a4bbac516d10d85.json
28-04 07:39:23 +00:00: Uploading file: jdmelody-nx-patreon.json as jdmelody-nx-patreon.48811c93920eaab8e8851a069b1afd78.json
28-04 07:39:24 +00:00: File uploaded: jdmelody-nx-patreon.48811c93920eaab8e8851a069b1afd78.json
28-04 07:39:24 +00:00: Updated local JSON file: data/songdb/NX/SongDB_Patreon.json with URL: https://jdmo-cdn.c0llydoll.com/private/songdb/jdmelody-nx-patreon.48811c93920eaab8e8851a069b1afd78.json
28-04 07:39:24 +00:00: Uploading file: jdmelody-ps4-patreon.json as jdmelody-ps4-patreon.c994201c2fad20da2b4bec5a89cc616a.json
28-04 07:39:25 +00:00: File uploaded: jdmelody-ps4-patreon.c994201c2fad20da2b4bec5a89cc616a.json
28-04 07:39:25 +00:00: Updated local JSON file: data/songdb/PS4/SongDB_Patreon.json with URL: https://jdmo-cdn.c0llydoll.com/private/songdb/jdmelody-ps4-patreon.c994201c2fad20da2b4bec5a89cc616a.json
28-04 07:39:25 +00:00: Uploading file: jdmelody-pc-patreon.json as jdmelody-pc-patreon.e0162ec8bfd75da504106ee7ad5a87f8.json
28-04 07:39:25 +00:00: File uploaded: jdmelody-pc-patreon.e0162ec8bfd75da504106ee7ad5a87f8.json
28-04 07:39:25 +00:00: Updated local JSON file: data/songdb/PC/SongDB_Patreon.json with URL: https://jdmo-cdn.c0llydoll.com/private/songdb/jdmelody-pc-patreon.e0162ec8bfd75da504106ee7ad5a87f8.json
28-04 07:39:25 +00:00: Uploading file: jdmelody-nx-dev.json as jdmelody-nx-dev.fc1b54b9480727813ad13294cbe30db8.json
28-04 07:39:26 +00:00: File uploaded: jdmelody-nx-dev.fc1b54b9480727813ad13294cbe30db8.json
28-04 07:39:26 +00:00: Updated local JSON file: data/songdb/NX/SongDB_Dev.json with URL: https://jdmo-cdn.c0llydoll.com/private/songdb/jdmelody-nx-dev.fc1b54b9480727813ad13294cbe30db8.json
28-04 07:39:26 +00:00: Uploading file: jdmelody-ps4-dev.json as jdmelody-ps4-dev.b4e75201947433c9beecc99b46e6820b.json
28-04 07:39:27 +00:00: File uploaded: jdmelody-ps4-dev.b4e75201947433c9beecc99b46e6820b.json
28-04 07:39:27 +00:00: Updated local JSON file: data/songdb/PS4/SongDB_Dev.json with URL: https://jdmo-cdn.c0llydoll.com/private/songdb/jdmelody-ps4-dev.b4e75201947433c9beecc99b46e6820b.json
28-04 07:39:27 +00:00: Uploading file: jdmelody-pc-dev.json as jdmelody-pc-dev.1dd0c46a78fabc724cd075db5c33f966.json
28-04 07:39:27 +00:00: File uploaded: jdmelody-pc-dev.1dd0c46a78fabc724cd075db5c33f966.json
28-04 07:39:27 +00:00: Updated local JSON file: data/songdb/PC/SongDB_Dev.json with URL: https://jdmo-cdn.c0llydoll.com/private/songdb/jdmelody-pc-dev.1dd0c46a78fabc724cd075db5c33f966.json
28-04 07:50:56 +00:00: Uploading file: jdmelody-nx-all.json as jdmelody-nx-all.e4b1674c1ff1e6581a565339e274c6f8.json
28-04 07:50:56 +00:00: File uploaded: jdmelody-nx-all.e4b1674c1ff1e6581a565339e274c6f8.json
28-04 07:50:56 +00:00: Updated local JSON file: data/songdb/NX/SongDB.json with URL: https://jdmo-cdn.c0llydoll.com/private/songdb/jdmelody-nx-all.e4b1674c1ff1e6581a565339e274c6f8.json
28-04 07:50:56 +00:00: Uploading file: jdmelody-ps4-all.json as jdmelody-ps4-all.94fad992217e5629c2da6f41c5b42c4d.json
28-04 07:50:57 +00:00: File uploaded: jdmelody-ps4-all.94fad992217e5629c2da6f41c5b42c4d.json
28-04 07:50:57 +00:00: Updated local JSON file: data/songdb/PS4/SongDB.json with URL: https://jdmo-cdn.c0llydoll.com/private/songdb/jdmelody-ps4-all.94fad992217e5629c2da6f41c5b42c4d.json
28-04 07:50:57 +00:00: Uploading file: jdmelody-pc-all.json as jdmelody-pc-all.b3544395c7b309cde5551394ad2d89c9.json
28-04 07:50:57 +00:00: File uploaded: jdmelody-pc-all.b3544395c7b309cde5551394ad2d89c9.json
28-04 07:50:57 +00:00: Updated local JSON file: data/songdb/PC/SongDB.json with URL: https://jdmo-cdn.c0llydoll.com/private/songdb/jdmelody-pc-all.b3544395c7b309cde5551394ad2d89c9.json
28-04 07:50:57 +00:00: Uploading file: jdmelody-nx-patreon.json as jdmelody-nx-patreon.386c78518184a0da5b8112e1eb52ceea.json
28-04 07:50:58 +00:00: File uploaded: jdmelody-nx-patreon.386c78518184a0da5b8112e1eb52ceea.json
28-04 07:50:58 +00:00: Updated local JSON file: data/songdb/NX/SongDB_Patreon.json with URL: https://jdmo-cdn.c0llydoll.com/private/songdb/jdmelody-nx-patreon.386c78518184a0da5b8112e1eb52ceea.json
28-04 07:50:58 +00:00: Uploading file: jdmelody-ps4-patreon.json as jdmelody-ps4-patreon.b110e9844c5fe16060fc3ac997a5ed75.json
28-04 07:50:58 +00:00: File uploaded: jdmelody-ps4-patreon.b110e9844c5fe16060fc3ac997a5ed75.json
28-04 07:50:58 +00:00: Updated local JSON file: data/songdb/PS4/SongDB_Patreon.json with URL: https://jdmo-cdn.c0llydoll.com/private/songdb/jdmelody-ps4-patreon.b110e9844c5fe16060fc3ac997a5ed75.json
28-04 07:50:58 +00:00: Uploading file: jdmelody-pc-patreon.json as jdmelody-pc-patreon.a36f0c21533d35da94ccd17fec6fb083.json
28-04 07:50:58 +00:00: File uploaded: jdmelody-pc-patreon.a36f0c21533d35da94ccd17fec6fb083.json
28-04 07:50:58 +00:00: Updated local JSON file: data/songdb/PC/SongDB_Patreon.json with URL: https://jdmo-cdn.c0llydoll.com/private/songdb/jdmelody-pc-patreon.a36f0c21533d35da94ccd17fec6fb083.json
28-04 07:50:58 +00:00: Uploading file: jdmelody-nx-dev.json as jdmelody-nx-dev.5cedf78300558e1713d27930362f44a1.json
28-04 07:50:59 +00:00: File uploaded: jdmelody-nx-dev.5cedf78300558e1713d27930362f44a1.json
28-04 07:50:59 +00:00: Updated local JSON file: data/songdb/NX/SongDB_Dev.json with URL: https://jdmo-cdn.c0llydoll.com/private/songdb/jdmelody-nx-dev.5cedf78300558e1713d27930362f44a1.json
28-04 07:50:59 +00:00: Uploading file: jdmelody-ps4-dev.json as jdmelody-ps4-dev.777a99af8a129c0e367bf72253e0c566.json
28-04 07:50:59 +00:00: File uploaded: jdmelody-ps4-dev.777a99af8a129c0e367bf72253e0c566.json
28-04 07:50:59 +00:00: Updated local JSON file: data/songdb/PS4/SongDB_Dev.json with URL: https://jdmo-cdn.c0llydoll.com/private/songdb/jdmelody-ps4-dev.777a99af8a129c0e367bf72253e0c566.json
28-04 07:50:59 +00:00: Uploading file: jdmelody-pc-dev.json as jdmelody-pc-dev.23655ef6c1dba327e25fa94e9b5dbfd5.json
28-04 07:50:59 +00:00: File uploaded: jdmelody-pc-dev.23655ef6c1dba327e25fa94e9b5dbfd5.json
28-04 07:50:59 +00:00: Updated local JSON file: data/songdb/PC/SongDB_Dev.json with URL: https://jdmo-cdn.c0llydoll.com/private/songdb/jdmelody-pc-dev.23655ef6c1dba327e25fa94e9b5dbfd5.json
28-04 07:51:38 +00:00: Uploading file: jdmelody-nx-all.json as jdmelody-nx-all.d60896672f5419c4c3e998e38fe31371.json
28-04 07:51:38 +00:00: File uploaded: jdmelody-nx-all.d60896672f5419c4c3e998e38fe31371.json
28-04 07:51:38 +00:00: Updated local JSON file: data/songdb/NX/SongDB.json with URL: https://jdmo-cdn.c0llydoll.com/private/songdb/jdmelody-nx-all.d60896672f5419c4c3e998e38fe31371.json
28-04 07:51:39 +00:00: Uploading file: jdmelody-ps4-all.json as jdmelody-ps4-all.ee9c899eac069551dacc5151fcaa21f6.json
28-04 07:51:39 +00:00: File uploaded: jdmelody-ps4-all.ee9c899eac069551dacc5151fcaa21f6.json
28-04 07:51:39 +00:00: Updated local JSON file: data/songdb/PS4/SongDB.json with URL: https://jdmo-cdn.c0llydoll.com/private/songdb/jdmelody-ps4-all.ee9c899eac069551dacc5151fcaa21f6.json
28-04 07:51:39 +00:00: Uploading file: jdmelody-pc-all.json as jdmelody-pc-all.26d8bf50d99721c106b3df56f6a8e3fb.json
28-04 07:51:39 +00:00: File uploaded: jdmelody-pc-all.26d8bf50d99721c106b3df56f6a8e3fb.json
28-04 07:51:39 +00:00: Updated local JSON file: data/songdb/PC/SongDB.json with URL: https://jdmo-cdn.c0llydoll.com/private/songdb/jdmelody-pc-all.26d8bf50d99721c106b3df56f6a8e3fb.json
28-04 07:51:39 +00:00: Uploading file: jdmelody-nx-patreon.json as jdmelody-nx-patreon.f7f8103c9702c0c89f08ed314d40bd8c.json
28-04 07:51:40 +00:00: File uploaded: jdmelody-nx-patreon.f7f8103c9702c0c89f08ed314d40bd8c.json
28-04 07:51:40 +00:00: Updated local JSON file: data/songdb/NX/SongDB_Patreon.json with URL: https://jdmo-cdn.c0llydoll.com/private/songdb/jdmelody-nx-patreon.f7f8103c9702c0c89f08ed314d40bd8c.json
28-04 07:51:40 +00:00: Uploading file: jdmelody-ps4-patreon.json as jdmelody-ps4-patreon.84f1c5f14a840fcd23d95fb5afa5623c.json
28-04 07:51:40 +00:00: File uploaded: jdmelody-ps4-patreon.84f1c5f14a840fcd23d95fb5afa5623c.json
28-04 07:51:40 +00:00: Updated local JSON file: data/songdb/PS4/SongDB_Patreon.json with URL: https://jdmo-cdn.c0llydoll.com/private/songdb/jdmelody-ps4-patreon.84f1c5f14a840fcd23d95fb5afa5623c.json
28-04 07:51:40 +00:00: Uploading file: jdmelody-pc-patreon.json as jdmelody-pc-patreon.7fdd7d0b1ec3dad435f0bceb6a6d09d9.json
28-04 07:51:40 +00:00: File uploaded: jdmelody-pc-patreon.7fdd7d0b1ec3dad435f0bceb6a6d09d9.json
28-04 07:51:40 +00:00: Updated local JSON file: data/songdb/PC/SongDB_Patreon.json with URL: https://jdmo-cdn.c0llydoll.com/private/songdb/jdmelody-pc-patreon.7fdd7d0b1ec3dad435f0bceb6a6d09d9.json
28-04 07:51:40 +00:00: Uploading file: jdmelody-nx-dev.json as jdmelody-nx-dev.5cedf78300558e1713d27930362f44a1.json
28-04 07:51:41 +00:00: File uploaded: jdmelody-nx-dev.5cedf78300558e1713d27930362f44a1.json
28-04 07:51:41 +00:00: Updated local JSON file: data/songdb/NX/SongDB_Dev.json with URL: https://jdmo-cdn.c0llydoll.com/private/songdb/jdmelody-nx-dev.5cedf78300558e1713d27930362f44a1.json
28-04 07:51:41 +00:00: Uploading file: jdmelody-ps4-dev.json as jdmelody-ps4-dev.777a99af8a129c0e367bf72253e0c566.json
28-04 07:51:41 +00:00: File uploaded: jdmelody-ps4-dev.777a99af8a129c0e367bf72253e0c566.json
28-04 07:51:41 +00:00: Updated local JSON file: data/songdb/PS4/SongDB_Dev.json with URL: https://jdmo-cdn.c0llydoll.com/private/songdb/jdmelody-ps4-dev.777a99af8a129c0e367bf72253e0c566.json
28-04 07:51:41 +00:00: Uploading file: jdmelody-pc-dev.json as jdmelody-pc-dev.23655ef6c1dba327e25fa94e9b5dbfd5.json
28-04 07:51:42 +00:00: File uploaded: jdmelody-pc-dev.23655ef6c1dba327e25fa94e9b5dbfd5.json
28-04 07:51:42 +00:00: Updated local JSON file: data/songdb/PC/SongDB_Dev.json with URL: https://jdmo-cdn.c0llydoll.com/private/songdb/jdmelody-pc-dev.23655ef6c1dba327e25fa94e9b5dbfd5.json
28-04 08:20:28 +00:00: Saved data to /root/JDMO/main/main/database/Maps/SurvivalDance.json
28-04 08:21:15 +00:00: Saved data to /root/JDMO/main/main/database/Maps/SurvivalDance.json
28-04 08:22:25 +00:00: Saved data to /root/JDMO/main/main/database/Maps/SurvivalDance.json
28-04 08:24:19 +00:00: Saved data to /root/JDMO/main/main/database/Maps/MJDontStop.json
28-04 08:25:12 +00:00: Saved data to /root/JDMO/main/main/database/Maps/MJDontStop.json
28-04 08:26:17 +00:00: Saved data to /root/JDMO/main/main/database/Maps/MJDontStop.json
28-04 08:42:23 +00:00: Saved data to /root/JDMO/main/main/database/Maps/MJBillieJeanRETAKE.json
28-04 08:43:11 +00:00: Saved data to /root/JDMO/main/main/database/Maps/MJBillieJeanRETAKE.json
28-04 08:46:28 +00:00: Saved data to /root/JDMO/main/main/database/Maps/MJWorkingDayNight.json
28-04 08:49:45 +00:00: Saved data to /root/JDMO/main/main/database/Maps/UFORETAKE.json
28-04 08:50:39 +00:00: Saved data to /root/JDMO/main/main/database/Maps/UFORETAKE.json
28-04 08:52:18 +00:00: Uploading file: jdmelody-nx-all.json as jdmelody-nx-all.e067e3bd5fd4a16c697fddede10b4163.json
28-04 08:52:18 +00:00: File uploaded: jdmelody-nx-all.e067e3bd5fd4a16c697fddede10b4163.json
28-04 08:52:18 +00:00: Updated local JSON file: data/songdb/NX/SongDB.json with URL: https://jdmo-cdn.c0llydoll.com/private/songdb/jdmelody-nx-all.e067e3bd5fd4a16c697fddede10b4163.json
28-04 08:52:18 +00:00: Uploading file: jdmelody-ps4-all.json as jdmelody-ps4-all.f6f1d24c09b862caeaebaf3803c61161.json
28-04 08:52:19 +00:00: File uploaded: jdmelody-ps4-all.f6f1d24c09b862caeaebaf3803c61161.json
28-04 08:52:19 +00:00: Updated local JSON file: data/songdb/PS4/SongDB.json with URL: https://jdmo-cdn.c0llydoll.com/private/songdb/jdmelody-ps4-all.f6f1d24c09b862caeaebaf3803c61161.json
28-04 08:52:19 +00:00: Uploading file: jdmelody-pc-all.json as jdmelody-pc-all.a42e6ca3f44441ace4bb4b0f7ae8441c.json
28-04 08:52:19 +00:00: File uploaded: jdmelody-pc-all.a42e6ca3f44441ace4bb4b0f7ae8441c.json
28-04 08:52:19 +00:00: Updated local JSON file: data/songdb/PC/SongDB.json with URL: https://jdmo-cdn.c0llydoll.com/private/songdb/jdmelody-pc-all.a42e6ca3f44441ace4bb4b0f7ae8441c.json
28-04 08:52:19 +00:00: Uploading file: jdmelody-nx-patreon.json as jdmelody-nx-patreon.efeade517a620d85c5886cf6e5b363f3.json
28-04 08:52:20 +00:00: File uploaded: jdmelody-nx-patreon.efeade517a620d85c5886cf6e5b363f3.json
28-04 08:52:20 +00:00: Updated local JSON file: data/songdb/NX/SongDB_Patreon.json with URL: https://jdmo-cdn.c0llydoll.com/private/songdb/jdmelody-nx-patreon.efeade517a620d85c5886cf6e5b363f3.json
28-04 08:52:20 +00:00: Uploading file: jdmelody-ps4-patreon.json as jdmelody-ps4-patreon.1af10e705380421c849d54ea07d1ea2c.json
28-04 08:52:20 +00:00: File uploaded: jdmelody-ps4-patreon.1af10e705380421c849d54ea07d1ea2c.json
28-04 08:52:20 +00:00: Updated local JSON file: data/songdb/PS4/SongDB_Patreon.json with URL: https://jdmo-cdn.c0llydoll.com/private/songdb/jdmelody-ps4-patreon.1af10e705380421c849d54ea07d1ea2c.json
28-04 08:52:20 +00:00: Uploading file: jdmelody-pc-patreon.json as jdmelody-pc-patreon.32ab8f73ce1b469a8f30e98886d8c7ad.json
28-04 08:52:20 +00:00: File uploaded: jdmelody-pc-patreon.32ab8f73ce1b469a8f30e98886d8c7ad.json
28-04 08:52:20 +00:00: Updated local JSON file: data/songdb/PC/SongDB_Patreon.json with URL: https://jdmo-cdn.c0llydoll.com/private/songdb/jdmelody-pc-patreon.32ab8f73ce1b469a8f30e98886d8c7ad.json
28-04 08:52:20 +00:00: Uploading file: jdmelody-nx-dev.json as jdmelody-nx-dev.5cedf78300558e1713d27930362f44a1.json
28-04 08:52:21 +00:00: File uploaded: jdmelody-nx-dev.5cedf78300558e1713d27930362f44a1.json
28-04 08:52:21 +00:00: Updated local JSON file: data/songdb/NX/SongDB_Dev.json with URL: https://jdmo-cdn.c0llydoll.com/private/songdb/jdmelody-nx-dev.5cedf78300558e1713d27930362f44a1.json
28-04 08:52:21 +00:00: Uploading file: jdmelody-ps4-dev.json as jdmelody-ps4-dev.777a99af8a129c0e367bf72253e0c566.json
28-04 08:52:21 +00:00: File uploaded: jdmelody-ps4-dev.777a99af8a129c0e367bf72253e0c566.json
28-04 08:52:21 +00:00: Updated local JSON file: data/songdb/PS4/SongDB_Dev.json with URL: https://jdmo-cdn.c0llydoll.com/private/songdb/jdmelody-ps4-dev.777a99af8a129c0e367bf72253e0c566.json
28-04 08:52:21 +00:00: Uploading file: jdmelody-pc-dev.json as jdmelody-pc-dev.23655ef6c1dba327e25fa94e9b5dbfd5.json
28-04 08:52:22 +00:00: File uploaded: jdmelody-pc-dev.23655ef6c1dba327e25fa94e9b5dbfd5.json
28-04 08:52:22 +00:00: Updated local JSON file: data/songdb/PC/SongDB_Dev.json with URL: https://jdmo-cdn.c0llydoll.com/private/songdb/jdmelody-pc-dev.23655ef6c1dba327e25fa94e9b5dbfd5.json
28-04 08:53:29 +00:00: Uploading file: jdmelody-nx-all.json as jdmelody-nx-all.e067e3bd5fd4a16c697fddede10b4163.json
28-04 08:53:29 +00:00: File uploaded: jdmelody-nx-all.e067e3bd5fd4a16c697fddede10b4163.json
28-04 08:53:29 +00:00: Updated local JSON file: data/songdb/NX/SongDB.json with URL: https://jdmo-cdn.c0llydoll.com/private/songdb/jdmelody-nx-all.e067e3bd5fd4a16c697fddede10b4163.json
28-04 08:53:29 +00:00: Uploading file: jdmelody-ps4-all.json as jdmelody-ps4-all.f6f1d24c09b862caeaebaf3803c61161.json
28-04 08:53:30 +00:00: File uploaded: jdmelody-ps4-all.f6f1d24c09b862caeaebaf3803c61161.json
28-04 08:53:30 +00:00: Updated local JSON file: data/songdb/PS4/SongDB.json with URL: https://jdmo-cdn.c0llydoll.com/private/songdb/jdmelody-ps4-all.f6f1d24c09b862caeaebaf3803c61161.json
28-04 08:53:30 +00:00: Uploading file: jdmelody-pc-all.json as jdmelody-pc-all.a42e6ca3f44441ace4bb4b0f7ae8441c.json
28-04 08:53:30 +00:00: File uploaded: jdmelody-pc-all.a42e6ca3f44441ace4bb4b0f7ae8441c.json
28-04 08:53:30 +00:00: Updated local JSON file: data/songdb/PC/SongDB.json with URL: https://jdmo-cdn.c0llydoll.com/private/songdb/jdmelody-pc-all.a42e6ca3f44441ace4bb4b0f7ae8441c.json
28-04 08:53:31 +00:00: Uploading file: jdmelody-nx-patreon.json as jdmelody-nx-patreon.efeade517a620d85c5886cf6e5b363f3.json
28-04 08:53:31 +00:00: File uploaded: jdmelody-nx-patreon.efeade517a620d85c5886cf6e5b363f3.json
28-04 08:53:31 +00:00: Updated local JSON file: data/songdb/NX/SongDB_Patreon.json with URL: https://jdmo-cdn.c0llydoll.com/private/songdb/jdmelody-nx-patreon.efeade517a620d85c5886cf6e5b363f3.json
28-04 08:53:31 +00:00: Uploading file: jdmelody-ps4-patreon.json as jdmelody-ps4-patreon.1af10e705380421c849d54ea07d1ea2c.json
28-04 08:53:32 +00:00: File uploaded: jdmelody-ps4-patreon.1af10e705380421c849d54ea07d1ea2c.json
28-04 08:53:32 +00:00: Updated local JSON file: data/songdb/PS4/SongDB_Patreon.json with URL: https://jdmo-cdn.c0llydoll.com/private/songdb/jdmelody-ps4-patreon.1af10e705380421c849d54ea07d1ea2c.json
28-04 08:53:32 +00:00: Uploading file: jdmelody-pc-patreon.json as jdmelody-pc-patreon.32ab8f73ce1b469a8f30e98886d8c7ad.json
28-04 08:53:32 +00:00: File uploaded: jdmelody-pc-patreon.32ab8f73ce1b469a8f30e98886d8c7ad.json
28-04 08:53:32 +00:00: Updated local JSON file: data/songdb/PC/SongDB_Patreon.json with URL: https://jdmo-cdn.c0llydoll.com/private/songdb/jdmelody-pc-patreon.32ab8f73ce1b469a8f30e98886d8c7ad.json
28-04 08:53:32 +00:00: Uploading file: jdmelody-nx-dev.json as jdmelody-nx-dev.5cedf78300558e1713d27930362f44a1.json
28-04 08:53:33 +00:00: File uploaded: jdmelody-nx-dev.5cedf78300558e1713d27930362f44a1.json
28-04 08:53:33 +00:00: Updated local JSON file: data/songdb/NX/SongDB_Dev.json with URL: https://jdmo-cdn.c0llydoll.com/private/songdb/jdmelody-nx-dev.5cedf78300558e1713d27930362f44a1.json
28-04 08:53:33 +00:00: Uploading file: jdmelody-ps4-dev.json as jdmelody-ps4-dev.777a99af8a129c0e367bf72253e0c566.json
28-04 08:53:33 +00:00: File uploaded: jdmelody-ps4-dev.777a99af8a129c0e367bf72253e0c566.json
28-04 08:53:33 +00:00: Updated local JSON file: data/songdb/PS4/SongDB_Dev.json with URL: https://jdmo-cdn.c0llydoll.com/private/songdb/jdmelody-ps4-dev.777a99af8a129c0e367bf72253e0c566.json
28-04 08:53:33 +00:00: Uploading file: jdmelody-pc-dev.json as jdmelody-pc-dev.23655ef6c1dba327e25fa94e9b5dbfd5.json
28-04 08:53:34 +00:00: File uploaded: jdmelody-pc-dev.23655ef6c1dba327e25fa94e9b5dbfd5.json
28-04 08:53:34 +00:00: Updated local JSON file: data/songdb/PC/SongDB_Dev.json with URL: https://jdmo-cdn.c0llydoll.com/private/songdb/jdmelody-pc-dev.23655ef6c1dba327e25fa94e9b5dbfd5.json
28-04 08:56:36 +00:00: Saved data to /root/JDMO/main/main/database/Maps/MJSpeedDemon.json
28-04 08:57:01 +00:00: Saved data to /root/JDMO/main/main/database/Maps/MJSpeedDemon.json
28-04 08:57:25 +00:00: Saved data to /root/JDMO/main/main/database/Maps/MJSpeedDemon.json
28-04 09:16:17 +00:00: Saved data to /root/JDMO/main/main/database/Maps/MJDontStop.json
28-04 09:16:43 +00:00: Saved data to /root/JDMO/main/main/database/Maps/MJDontStop.json
28-04 10:53:50 +00:00: /root/JDMO/main/main/database/Maps
28-04 10:53:50 +00:00: JDM API Server running at https://2.56.246.74:443/
28-04 10:53:50 +00:00: JWT Module Redis client connected
28-04 10:54:40 +00:00: Uploading file: jdmelody-nx-all.json as jdmelody-nx-all.5f379d66380daaa2a622af5d0dd8412c.json
28-04 10:54:40 +00:00: File uploaded: jdmelody-nx-all.5f379d66380daaa2a622af5d0dd8412c.json
28-04 10:54:40 +00:00: Updated local JSON file: data/songdb/NX/SongDB.json with URL: https://jdmo-cdn.c0llydoll.com/private/songdb/jdmelody-nx-all.5f379d66380daaa2a622af5d0dd8412c.json
28-04 10:54:40 +00:00: Uploading file: jdmelody-ps4-all.json as jdmelody-ps4-all.9e3e1ebf03a601880734000bbc12e53a.json
28-04 10:54:41 +00:00: File uploaded: jdmelody-ps4-all.9e3e1ebf03a601880734000bbc12e53a.json
28-04 10:54:41 +00:00: Updated local JSON file: data/songdb/PS4/SongDB.json with URL: https://jdmo-cdn.c0llydoll.com/private/songdb/jdmelody-ps4-all.9e3e1ebf03a601880734000bbc12e53a.json
28-04 10:54:41 +00:00: Uploading file: jdmelody-pc-all.json as jdmelody-pc-all.af7cb6f9248537e08861b1709d36864c.json
28-04 10:54:41 +00:00: File uploaded: jdmelody-pc-all.af7cb6f9248537e08861b1709d36864c.json
28-04 10:54:41 +00:00: Updated local JSON file: data/songdb/PC/SongDB.json with URL: https://jdmo-cdn.c0llydoll.com/private/songdb/jdmelody-pc-all.af7cb6f9248537e08861b1709d36864c.json
28-04 10:54:41 +00:00: Uploading file: jdmelody-nx-patreon.json as jdmelody-nx-patreon.408354bb771f718e72d2cdef3481d296.json
28-04 10:54:42 +00:00: File uploaded: jdmelody-nx-patreon.408354bb771f718e72d2cdef3481d296.json
28-04 10:54:42 +00:00: Updated local JSON file: data/songdb/NX/SongDB_Patreon.json with URL: https://jdmo-cdn.c0llydoll.com/private/songdb/jdmelody-nx-patreon.408354bb771f718e72d2cdef3481d296.json
28-04 10:54:42 +00:00: Uploading file: jdmelody-ps4-patreon.json as jdmelody-ps4-patreon.34e2e471f601f52da26c5d35dd2a6af4.json
28-04 10:54:42 +00:00: File uploaded: jdmelody-ps4-patreon.34e2e471f601f52da26c5d35dd2a6af4.json
28-04 10:54:42 +00:00: Updated local JSON file: data/songdb/PS4/SongDB_Patreon.json with URL: https://jdmo-cdn.c0llydoll.com/private/songdb/jdmelody-ps4-patreon.34e2e471f601f52da26c5d35dd2a6af4.json
28-04 10:54:42 +00:00: Uploading file: jdmelody-pc-patreon.json as jdmelody-pc-patreon.fec1512ad44f3314e367a0a4505724d0.json
28-04 10:54:43 +00:00: File uploaded: jdmelody-pc-patreon.fec1512ad44f3314e367a0a4505724d0.json
28-04 10:54:43 +00:00: Updated local JSON file: data/songdb/PC/SongDB_Patreon.json with URL: https://jdmo-cdn.c0llydoll.com/private/songdb/jdmelody-pc-patreon.fec1512ad44f3314e367a0a4505724d0.json
28-04 10:54:43 +00:00: Uploading file: jdmelody-nx-dev.json as jdmelody-nx-dev.1d0ed33ecd472172a6c3b6173426ff56.json
28-04 10:54:43 +00:00: File uploaded: jdmelody-nx-dev.1d0ed33ecd472172a6c3b6173426ff56.json
28-04 10:54:43 +00:00: Updated local JSON file: data/songdb/NX/SongDB_Dev.json with URL: https://jdmo-cdn.c0llydoll.com/private/songdb/jdmelody-nx-dev.1d0ed33ecd472172a6c3b6173426ff56.json
28-04 10:54:43 +00:00: Uploading file: jdmelody-ps4-dev.json as jdmelody-ps4-dev.a79acfa19cde614fbe41967b0df5fa13.json
28-04 10:54:43 +00:00: File uploaded: jdmelody-ps4-dev.a79acfa19cde614fbe41967b0df5fa13.json
28-04 10:54:43 +00:00: Updated local JSON file: data/songdb/PS4/SongDB_Dev.json with URL: https://jdmo-cdn.c0llydoll.com/private/songdb/jdmelody-ps4-dev.a79acfa19cde614fbe41967b0df5fa13.json
28-04 10:54:43 +00:00: Uploading file: jdmelody-pc-dev.json as jdmelody-pc-dev.e8f8b4748478d104a406aa35dced4be4.json
28-04 10:54:44 +00:00: File uploaded: jdmelody-pc-dev.e8f8b4748478d104a406aa35dced4be4.json
28-04 10:54:44 +00:00: Updated local JSON file: data/songdb/PC/SongDB_Dev.json with URL: https://jdmo-cdn.c0llydoll.com/private/songdb/jdmelody-pc-dev.e8f8b4748478d104a406aa35dced4be4.json
28-04 13:19:35 +00:00: Saved data to /root/JDMO/main/main/database/Maps/Power.json
28-04 13:47:48 +00:00: Saved data to /root/JDMO/main/main/database/Maps/ProfesseurDLC.json
28-04 14:43:56 +00:00: Saved data to /root/JDMO/main/main/database/Maps/PumpUp.json
28-04 15:50:37 +00:00: Uploading file: jdmelody-nx-all.json as jdmelody-nx-all.5f379d66380daaa2a622af5d0dd8412c.json
28-04 15:50:38 +00:00: File uploaded: jdmelody-nx-all.5f379d66380daaa2a622af5d0dd8412c.json
28-04 15:50:38 +00:00: Updated local JSON file: data/songdb/NX/SongDB.json with URL: https://jdmo-cdn.c0llydoll.com/private/songdb/jdmelody-nx-all.5f379d66380daaa2a622af5d0dd8412c.json
28-04 15:50:38 +00:00: Uploading file: jdmelody-ps4-all.json as jdmelody-ps4-all.9e3e1ebf03a601880734000bbc12e53a.json
28-04 15:50:38 +00:00: File uploaded: jdmelody-ps4-all.9e3e1ebf03a601880734000bbc12e53a.json
28-04 15:50:38 +00:00: Updated local JSON file: data/songdb/PS4/SongDB.json with URL: https://jdmo-cdn.c0llydoll.com/private/songdb/jdmelody-ps4-all.9e3e1ebf03a601880734000bbc12e53a.json
28-04 15:50:38 +00:00: Uploading file: jdmelody-pc-all.json as jdmelody-pc-all.af7cb6f9248537e08861b1709d36864c.json
28-04 15:50:39 +00:00: File uploaded: jdmelody-pc-all.af7cb6f9248537e08861b1709d36864c.json
28-04 15:50:39 +00:00: Updated local JSON file: data/songdb/PC/SongDB.json with URL: https://jdmo-cdn.c0llydoll.com/private/songdb/jdmelody-pc-all.af7cb6f9248537e08861b1709d36864c.json
28-04 15:50:39 +00:00: Uploading file: jdmelody-nx-patreon.json as jdmelody-nx-patreon.408354bb771f718e72d2cdef3481d296.json
28-04 15:50:39 +00:00: File uploaded: jdmelody-nx-patreon.408354bb771f718e72d2cdef3481d296.json
28-04 15:50:39 +00:00: Updated local JSON file: data/songdb/NX/SongDB_Patreon.json with URL: https://jdmo-cdn.c0llydoll.com/private/songdb/jdmelody-nx-patreon.408354bb771f718e72d2cdef3481d296.json
28-04 15:50:39 +00:00: Uploading file: jdmelody-ps4-patreon.json as jdmelody-ps4-patreon.34e2e471f601f52da26c5d35dd2a6af4.json
28-04 15:50:39 +00:00: File uploaded: jdmelody-ps4-patreon.34e2e471f601f52da26c5d35dd2a6af4.json
28-04 15:50:39 +00:00: Updated local JSON file: data/songdb/PS4/SongDB_Patreon.json with URL: https://jdmo-cdn.c0llydoll.com/private/songdb/jdmelody-ps4-patreon.34e2e471f601f52da26c5d35dd2a6af4.json
28-04 15:50:39 +00:00: Uploading file: jdmelody-pc-patreon.json as jdmelody-pc-patreon.fec1512ad44f3314e367a0a4505724d0.json
28-04 15:50:45 +00:00: File uploaded: jdmelody-pc-patreon.fec1512ad44f3314e367a0a4505724d0.json
28-04 15:50:45 +00:00: Updated local JSON file: data/songdb/PC/SongDB_Patreon.json with URL: https://jdmo-cdn.c0llydoll.com/private/songdb/jdmelody-pc-patreon.fec1512ad44f3314e367a0a4505724d0.json
28-04 15:50:45 +00:00: Uploading file: jdmelody-nx-dev.json as jdmelody-nx-dev.8fbc18f7b42acc2c7839360fcfdfa041.json
28-04 15:50:46 +00:00: File uploaded: jdmelody-nx-dev.8fbc18f7b42acc2c7839360fcfdfa041.json
28-04 15:50:46 +00:00: Updated local JSON file: data/songdb/NX/SongDB_Dev.json with URL: https://jdmo-cdn.c0llydoll.com/private/songdb/jdmelody-nx-dev.8fbc18f7b42acc2c7839360fcfdfa041.json
28-04 15:50:46 +00:00: Uploading file: jdmelody-ps4-dev.json as jdmelody-ps4-dev.db0f6b68f51c1d7da92956f2bc162c85.json
28-04 15:50:47 +00:00: File uploaded: jdmelody-ps4-dev.db0f6b68f51c1d7da92956f2bc162c85.json
28-04 15:50:47 +00:00: Updated local JSON file: data/songdb/PS4/SongDB_Dev.json with URL: https://jdmo-cdn.c0llydoll.com/private/songdb/jdmelody-ps4-dev.db0f6b68f51c1d7da92956f2bc162c85.json
28-04 15:50:47 +00:00: Uploading file: jdmelody-pc-dev.json as jdmelody-pc-dev.b1d76fe07f9a3aa49d119f4296c0655b.json
28-04 15:50:47 +00:00: File uploaded: jdmelody-pc-dev.b1d76fe07f9a3aa49d119f4296c0655b.json
28-04 15:50:47 +00:00: Updated local JSON file: data/songdb/PC/SongDB_Dev.json with URL: https://jdmo-cdn.c0llydoll.com/private/songdb/jdmelody-pc-dev.b1d76fe07f9a3aa49d119f4296c0655b.json
28-04 15:53:03 +00:00: Saved data to /root/JDMO/main/main/database/Maps/Pon.json
28-04 16:36:26 +00:00: /root/JDMO/main/main/database/Maps
28-04 16:36:26 +00:00: JDM API Server running at https://2.56.246.74:443/
28-04 16:36:26 +00:00: JWT Module Redis client connected
29-04 12:35:05 +00:00: Saved data to /root/JDMO/main/main/database/Maps/Rasputin.json
29-04 12:57:12 +00:00: Saved data to /root/JDMO/main/main/database/Maps/RiverSide.json
29-04 12:57:50 +00:00: Uploading file: jdmelody-nx-all.json as jdmelody-nx-all.5f379d66380daaa2a622af5d0dd8412c.json
29-04 12:57:50 +00:00: File uploaded: jdmelody-nx-all.5f379d66380daaa2a622af5d0dd8412c.json
29-04 12:57:50 +00:00: Updated local JSON file: data/songdb/NX/SongDB.json with URL: https://jdmo-cdn.c0llydoll.com/private/songdb/jdmelody-nx-all.5f379d66380daaa2a622af5d0dd8412c.json
29-04 12:57:50 +00:00: Uploading file: jdmelody-ps4-all.json as jdmelody-ps4-all.9e3e1ebf03a601880734000bbc12e53a.json
29-04 12:57:51 +00:00: File uploaded: jdmelody-ps4-all.9e3e1ebf03a601880734000bbc12e53a.json
29-04 12:57:51 +00:00: Updated local JSON file: data/songdb/PS4/SongDB.json with URL: https://jdmo-cdn.c0llydoll.com/private/songdb/jdmelody-ps4-all.9e3e1ebf03a601880734000bbc12e53a.json
29-04 12:57:51 +00:00: Uploading file: jdmelody-pc-all.json as jdmelody-pc-all.af7cb6f9248537e08861b1709d36864c.json
29-04 12:57:51 +00:00: File uploaded: jdmelody-pc-all.af7cb6f9248537e08861b1709d36864c.json
29-04 12:57:51 +00:00: Updated local JSON file: data/songdb/PC/SongDB.json with URL: https://jdmo-cdn.c0llydoll.com/private/songdb/jdmelody-pc-all.af7cb6f9248537e08861b1709d36864c.json
29-04 12:57:51 +00:00: Uploading file: jdmelody-nx-patreon.json as jdmelody-nx-patreon.408354bb771f718e72d2cdef3481d296.json
29-04 12:57:52 +00:00: File uploaded: jdmelody-nx-patreon.408354bb771f718e72d2cdef3481d296.json
29-04 12:57:52 +00:00: Updated local JSON file: data/songdb/NX/SongDB_Patreon.json with URL: https://jdmo-cdn.c0llydoll.com/private/songdb/jdmelody-nx-patreon.408354bb771f718e72d2cdef3481d296.json
29-04 12:57:52 +00:00: Uploading file: jdmelody-ps4-patreon.json as jdmelody-ps4-patreon.34e2e471f601f52da26c5d35dd2a6af4.json
29-04 12:57:52 +00:00: File uploaded: jdmelody-ps4-patreon.34e2e471f601f52da26c5d35dd2a6af4.json
29-04 12:57:52 +00:00: Updated local JSON file: data/songdb/PS4/SongDB_Patreon.json with URL: https://jdmo-cdn.c0llydoll.com/private/songdb/jdmelody-ps4-patreon.34e2e471f601f52da26c5d35dd2a6af4.json
29-04 12:57:52 +00:00: Uploading file: jdmelody-pc-patreon.json as jdmelody-pc-patreon.fec1512ad44f3314e367a0a4505724d0.json
29-04 12:57:52 +00:00: File uploaded: jdmelody-pc-patreon.fec1512ad44f3314e367a0a4505724d0.json
29-04 12:57:52 +00:00: Updated local JSON file: data/songdb/PC/SongDB_Patreon.json with URL: https://jdmo-cdn.c0llydoll.com/private/songdb/jdmelody-pc-patreon.fec1512ad44f3314e367a0a4505724d0.json
29-04 12:57:52 +00:00: Uploading file: jdmelody-nx-dev.json as jdmelody-nx-dev.85c06c43a92e82c7c77c4b57d873184a.json
29-04 12:57:52 +00:00: File uploaded: jdmelody-nx-dev.85c06c43a92e82c7c77c4b57d873184a.json
29-04 12:57:52 +00:00: Updated local JSON file: data/songdb/NX/SongDB_Dev.json with URL: https://jdmo-cdn.c0llydoll.com/private/songdb/jdmelody-nx-dev.85c06c43a92e82c7c77c4b57d873184a.json
29-04 12:57:52 +00:00: Uploading file: jdmelody-ps4-dev.json as jdmelody-ps4-dev.4854ef54d25fe711933a31a8317b126c.json
29-04 12:57:53 +00:00: File uploaded: jdmelody-ps4-dev.4854ef54d25fe711933a31a8317b126c.json
29-04 12:57:53 +00:00: Updated local JSON file: data/songdb/PS4/SongDB_Dev.json with URL: https://jdmo-cdn.c0llydoll.com/private/songdb/jdmelody-ps4-dev.4854ef54d25fe711933a31a8317b126c.json
29-04 12:57:53 +00:00: Uploading file: jdmelody-pc-dev.json as jdmelody-pc-dev.d43f70aeeac00328b4217b19bec4f845.json
29-04 12:57:54 +00:00: File uploaded: jdmelody-pc-dev.d43f70aeeac00328b4217b19bec4f845.json
29-04 12:57:54 +00:00: Updated local JSON file: data/songdb/PC/SongDB_Dev.json with URL: https://jdmo-cdn.c0llydoll.com/private/songdb/jdmelody-pc-dev.d43f70aeeac00328b4217b19bec4f845.json
29-04 13:45:43 +00:00: Saved data to /root/JDMO/main/main/database/Maps/Rockafeller.json
29-04 14:32:18 +00:00: Saved data to /root/JDMO/main/main/database/Maps/ShoopShoop.json
29-04 14:33:36 +00:00: Uploading file: jdmelody-nx-all.json as jdmelody-nx-all.5f379d66380daaa2a622af5d0dd8412c.json
29-04 14:33:36 +00:00: File uploaded: jdmelody-nx-all.5f379d66380daaa2a622af5d0dd8412c.json
29-04 14:33:36 +00:00: Updated local JSON file: data/songdb/NX/SongDB.json with URL: https://jdmo-cdn.c0llydoll.com/private/songdb/jdmelody-nx-all.5f379d66380daaa2a622af5d0dd8412c.json
29-04 14:33:36 +00:00: Uploading file: jdmelody-ps4-all.json as jdmelody-ps4-all.9e3e1ebf03a601880734000bbc12e53a.json
29-04 14:33:36 +00:00: File uploaded: jdmelody-ps4-all.9e3e1ebf03a601880734000bbc12e53a.json
29-04 14:33:36 +00:00: Updated local JSON file: data/songdb/PS4/SongDB.json with URL: https://jdmo-cdn.c0llydoll.com/private/songdb/jdmelody-ps4-all.9e3e1ebf03a601880734000bbc12e53a.json
29-04 14:33:36 +00:00: Uploading file: jdmelody-pc-all.json as jdmelody-pc-all.af7cb6f9248537e08861b1709d36864c.json
29-04 14:33:37 +00:00: File uploaded: jdmelody-pc-all.af7cb6f9248537e08861b1709d36864c.json
29-04 14:33:37 +00:00: Updated local JSON file: data/songdb/PC/SongDB.json with URL: https://jdmo-cdn.c0llydoll.com/private/songdb/jdmelody-pc-all.af7cb6f9248537e08861b1709d36864c.json
29-04 14:33:37 +00:00: Uploading file: jdmelody-nx-patreon.json as jdmelody-nx-patreon.408354bb771f718e72d2cdef3481d296.json
29-04 14:33:37 +00:00: File uploaded: jdmelody-nx-patreon.408354bb771f718e72d2cdef3481d296.json
29-04 14:33:37 +00:00: Updated local JSON file: data/songdb/NX/SongDB_Patreon.json with URL: https://jdmo-cdn.c0llydoll.com/private/songdb/jdmelody-nx-patreon.408354bb771f718e72d2cdef3481d296.json
29-04 14:33:37 +00:00: Uploading file: jdmelody-ps4-patreon.json as jdmelody-ps4-patreon.34e2e471f601f52da26c5d35dd2a6af4.json
29-04 14:33:37 +00:00: File uploaded: jdmelody-ps4-patreon.34e2e471f601f52da26c5d35dd2a6af4.json
29-04 14:33:37 +00:00: Updated local JSON file: data/songdb/PS4/SongDB_Patreon.json with URL: https://jdmo-cdn.c0llydoll.com/private/songdb/jdmelody-ps4-patreon.34e2e471f601f52da26c5d35dd2a6af4.json
29-04 14:33:37 +00:00: Uploading file: jdmelody-pc-patreon.json as jdmelody-pc-patreon.fec1512ad44f3314e367a0a4505724d0.json
29-04 14:33:38 +00:00: File uploaded: jdmelody-pc-patreon.fec1512ad44f3314e367a0a4505724d0.json
29-04 14:33:38 +00:00: Updated local JSON file: data/songdb/PC/SongDB_Patreon.json with URL: https://jdmo-cdn.c0llydoll.com/private/songdb/jdmelody-pc-patreon.fec1512ad44f3314e367a0a4505724d0.json
29-04 14:33:38 +00:00: Uploading file: jdmelody-nx-dev.json as jdmelody-nx-dev.4516b250c8c7c2fcbe26895d71292da4.json
29-04 14:33:38 +00:00: File uploaded: jdmelody-nx-dev.4516b250c8c7c2fcbe26895d71292da4.json
29-04 14:33:38 +00:00: Updated local JSON file: data/songdb/NX/SongDB_Dev.json with URL: https://jdmo-cdn.c0llydoll.com/private/songdb/jdmelody-nx-dev.4516b250c8c7c2fcbe26895d71292da4.json
29-04 14:33:38 +00:00: Uploading file: jdmelody-ps4-dev.json as jdmelody-ps4-dev.e4683321db86405f627685ec7028e260.json
29-04 14:33:39 +00:00: File uploaded: jdmelody-ps4-dev.e4683321db86405f627685ec7028e260.json
29-04 14:33:39 +00:00: Updated local JSON file: data/songdb/PS4/SongDB_Dev.json with URL: https://jdmo-cdn.c0llydoll.com/private/songdb/jdmelody-ps4-dev.e4683321db86405f627685ec7028e260.json
29-04 14:33:39 +00:00: Uploading file: jdmelody-pc-dev.json as jdmelody-pc-dev.c137dbab8bc039fe22711d9c854e0f77.json
29-04 14:33:39 +00:00: File uploaded: jdmelody-pc-dev.c137dbab8bc039fe22711d9c854e0f77.json
29-04 14:33:39 +00:00: Updated local JSON file: data/songdb/PC/SongDB_Dev.json with URL: https://jdmo-cdn.c0llydoll.com/private/songdb/jdmelody-pc-dev.c137dbab8bc039fe22711d9c854e0f77.json
29-04 15:04:18 +00:00: Saved data to /root/JDMO/main/main/database/Maps/SkinToSkin.json
29-04 15:47:17 +00:00: Saved data to /root/JDMO/main/main/database/Maps/Song2.json
29-04 16:12:50 +00:00: Saved data to /root/JDMO/main/main/database/Maps/SOS.json
29-04 16:52:17 +00:00: Saved data to /root/JDMO/main/main/database/Maps/SpiceUp.json
29-04 17:19:05 +00:00: Saved data to /root/JDMO/main/main/database/Maps/Sway.json
29-04 17:19:23 +00:00: Uploading file: jdmelody-nx-all.json as jdmelody-nx-all.5f379d66380daaa2a622af5d0dd8412c.json
29-04 17:19:23 +00:00: File uploaded: jdmelody-nx-all.5f379d66380daaa2a622af5d0dd8412c.json
29-04 17:19:23 +00:00: Updated local JSON file: data/songdb/NX/SongDB.json with URL: https://jdmo-cdn.c0llydoll.com/private/songdb/jdmelody-nx-all.5f379d66380daaa2a622af5d0dd8412c.json
29-04 17:19:23 +00:00: Uploading file: jdmelody-ps4-all.json as jdmelody-ps4-all.9e3e1ebf03a601880734000bbc12e53a.json
29-04 17:19:24 +00:00: File uploaded: jdmelody-ps4-all.9e3e1ebf03a601880734000bbc12e53a.json
29-04 17:19:24 +00:00: Updated local JSON file: data/songdb/PS4/SongDB.json with URL: https://jdmo-cdn.c0llydoll.com/private/songdb/jdmelody-ps4-all.9e3e1ebf03a601880734000bbc12e53a.json
29-04 17:19:24 +00:00: Uploading file: jdmelody-pc-all.json as jdmelody-pc-all.af7cb6f9248537e08861b1709d36864c.json
29-04 17:19:24 +00:00: File uploaded: jdmelody-pc-all.af7cb6f9248537e08861b1709d36864c.json
29-04 17:19:24 +00:00: Updated local JSON file: data/songdb/PC/SongDB.json with URL: https://jdmo-cdn.c0llydoll.com/private/songdb/jdmelody-pc-all.af7cb6f9248537e08861b1709d36864c.json
29-04 17:19:24 +00:00: Uploading file: jdmelody-nx-patreon.json as jdmelody-nx-patreon.408354bb771f718e72d2cdef3481d296.json
29-04 17:19:25 +00:00: File uploaded: jdmelody-nx-patreon.408354bb771f718e72d2cdef3481d296.json
29-04 17:19:25 +00:00: Updated local JSON file: data/songdb/NX/SongDB_Patreon.json with URL: https://jdmo-cdn.c0llydoll.com/private/songdb/jdmelody-nx-patreon.408354bb771f718e72d2cdef3481d296.json
29-04 17:19:25 +00:00: Uploading file: jdmelody-ps4-patreon.json as jdmelody-ps4-patreon.34e2e471f601f52da26c5d35dd2a6af4.json
29-04 17:19:25 +00:00: File uploaded: jdmelody-ps4-patreon.34e2e471f601f52da26c5d35dd2a6af4.json
29-04 17:19:25 +00:00: Updated local JSON file: data/songdb/PS4/SongDB_Patreon.json with URL: https://jdmo-cdn.c0llydoll.com/private/songdb/jdmelody-ps4-patreon.34e2e471f601f52da26c5d35dd2a6af4.json
29-04 17:19:25 +00:00: Uploading file: jdmelody-pc-patreon.json as jdmelody-pc-patreon.fec1512ad44f3314e367a0a4505724d0.json
29-04 17:19:26 +00:00: File uploaded: jdmelody-pc-patreon.fec1512ad44f3314e367a0a4505724d0.json
29-04 17:19:26 +00:00: Updated local JSON file: data/songdb/PC/SongDB_Patreon.json with URL: https://jdmo-cdn.c0llydoll.com/private/songdb/jdmelody-pc-patreon.fec1512ad44f3314e367a0a4505724d0.json
29-04 17:19:26 +00:00: Uploading file: jdmelody-nx-dev.json as jdmelody-nx-dev.f11b7205ebb6baced097898a408532aa.json
29-04 17:19:27 +00:00: File uploaded: jdmelody-nx-dev.f11b7205ebb6baced097898a408532aa.json
29-04 17:19:27 +00:00: Updated local JSON file: data/songdb/NX/SongDB_Dev.json with URL: https://jdmo-cdn.c0llydoll.com/private/songdb/jdmelody-nx-dev.f11b7205ebb6baced097898a408532aa.json
29-04 17:19:27 +00:00: Uploading file: jdmelody-ps4-dev.json as jdmelody-ps4-dev.564797796a506e2d7a14fe4407a2272b.json
29-04 17:19:27 +00:00: File uploaded: jdmelody-ps4-dev.564797796a506e2d7a14fe4407a2272b.json
29-04 17:19:27 +00:00: Updated local JSON file: data/songdb/PS4/SongDB_Dev.json with URL: https://jdmo-cdn.c0llydoll.com/private/songdb/jdmelody-ps4-dev.564797796a506e2d7a14fe4407a2272b.json
29-04 17:19:27 +00:00: Uploading file: jdmelody-pc-dev.json as jdmelody-pc-dev.4a77ba26452e582fcee32d012b840857.json
29-04 17:19:27 +00:00: File uploaded: jdmelody-pc-dev.4a77ba26452e582fcee32d012b840857.json
29-04 17:19:27 +00:00: Updated local JSON file: data/songdb/PC/SongDB_Dev.json with URL: https://jdmo-cdn.c0llydoll.com/private/songdb/jdmelody-pc-dev.4a77ba26452e582fcee32d012b840857.json
29-04 19:01:16 +00:00: Saved data to /root/JDMO/main/main/database/Maps/RiverSide.json
29-04 19:02:14 +00:00: Saved data to /root/JDMO/main/main/database/Maps/RiverSide.json
29-04 19:02:54 +00:00: Saved data to /root/JDMO/main/main/database/Maps/RiverSide.json
29-04 19:06:18 +00:00: Saved data to /root/JDMO/main/main/database/Maps/Satisfaction.json
29-04 19:06:25 +00:00: Uploading file: jdmelody-nx-all.json as jdmelody-nx-all.5f379d66380daaa2a622af5d0dd8412c.json
29-04 19:06:26 +00:00: File uploaded: jdmelody-nx-all.5f379d66380daaa2a622af5d0dd8412c.json
29-04 19:06:26 +00:00: Updated local JSON file: data/songdb/NX/SongDB.json with URL: https://jdmo-cdn.c0llydoll.com/private/songdb/jdmelody-nx-all.5f379d66380daaa2a622af5d0dd8412c.json
29-04 19:06:26 +00:00: Uploading file: jdmelody-ps4-all.json as jdmelody-ps4-all.9e3e1ebf03a601880734000bbc12e53a.json
29-04 19:06:26 +00:00: File uploaded: jdmelody-ps4-all.9e3e1ebf03a601880734000bbc12e53a.json
29-04 19:06:26 +00:00: Updated local JSON file: data/songdb/PS4/SongDB.json with URL: https://jdmo-cdn.c0llydoll.com/private/songdb/jdmelody-ps4-all.9e3e1ebf03a601880734000bbc12e53a.json
29-04 19:06:26 +00:00: Uploading file: jdmelody-pc-all.json as jdmelody-pc-all.af7cb6f9248537e08861b1709d36864c.json
29-04 19:06:26 +00:00: File uploaded: jdmelody-pc-all.af7cb6f9248537e08861b1709d36864c.json
29-04 19:06:26 +00:00: Updated local JSON file: data/songdb/PC/SongDB.json with URL: https://jdmo-cdn.c0llydoll.com/private/songdb/jdmelody-pc-all.af7cb6f9248537e08861b1709d36864c.json
29-04 19:06:26 +00:00: Uploading file: jdmelody-nx-patreon.json as jdmelody-nx-patreon.408354bb771f718e72d2cdef3481d296.json
29-04 19:06:27 +00:00: File uploaded: jdmelody-nx-patreon.408354bb771f718e72d2cdef3481d296.json
29-04 19:06:27 +00:00: Updated local JSON file: data/songdb/NX/SongDB_Patreon.json with URL: https://jdmo-cdn.c0llydoll.com/private/songdb/jdmelody-nx-patreon.408354bb771f718e72d2cdef3481d296.json
29-04 19:06:27 +00:00: Uploading file: jdmelody-ps4-patreon.json as jdmelody-ps4-patreon.34e2e471f601f52da26c5d35dd2a6af4.json
29-04 19:06:28 +00:00: File uploaded: jdmelody-ps4-patreon.34e2e471f601f52da26c5d35dd2a6af4.json
29-04 19:06:28 +00:00: Updated local JSON file: data/songdb/PS4/SongDB_Patreon.json with URL: https://jdmo-cdn.c0llydoll.com/private/songdb/jdmelody-ps4-patreon.34e2e471f601f52da26c5d35dd2a6af4.json
29-04 19:06:28 +00:00: Uploading file: jdmelody-pc-patreon.json as jdmelody-pc-patreon.fec1512ad44f3314e367a0a4505724d0.json
29-04 19:06:28 +00:00: File uploaded: jdmelody-pc-patreon.fec1512ad44f3314e367a0a4505724d0.json
29-04 19:06:28 +00:00: Updated local JSON file: data/songdb/PC/SongDB_Patreon.json with URL: https://jdmo-cdn.c0llydoll.com/private/songdb/jdmelody-pc-patreon.fec1512ad44f3314e367a0a4505724d0.json
29-04 19:06:28 +00:00: Uploading file: jdmelody-nx-dev.json as jdmelody-nx-dev.4d86e93132d866eef99a78a6d5f7ba08.json
29-04 19:06:29 +00:00: File uploaded: jdmelody-nx-dev.4d86e93132d866eef99a78a6d5f7ba08.json
29-04 19:06:29 +00:00: Updated local JSON file: data/songdb/NX/SongDB_Dev.json with URL: https://jdmo-cdn.c0llydoll.com/private/songdb/jdmelody-nx-dev.4d86e93132d866eef99a78a6d5f7ba08.json
29-04 19:06:29 +00:00: Uploading file: jdmelody-ps4-dev.json as jdmelody-ps4-dev.bad56374f5edf80954b2372971b078ba.json
29-04 19:06:29 +00:00: File uploaded: jdmelody-ps4-dev.bad56374f5edf80954b2372971b078ba.json
29-04 19:06:29 +00:00: Updated local JSON file: data/songdb/PS4/SongDB_Dev.json with URL: https://jdmo-cdn.c0llydoll.com/private/songdb/jdmelody-ps4-dev.bad56374f5edf80954b2372971b078ba.json
29-04 19:06:29 +00:00: Uploading file: jdmelody-pc-dev.json as jdmelody-pc-dev.9887d04a6c9b0c1a0247b56005218039.json
29-04 19:06:29 +00:00: File uploaded: jdmelody-pc-dev.9887d04a6c9b0c1a0247b56005218039.json
29-04 19:06:29 +00:00: Updated local JSON file: data/songdb/PC/SongDB_Dev.json with URL: https://jdmo-cdn.c0llydoll.com/private/songdb/jdmelody-pc-dev.9887d04a6c9b0c1a0247b56005218039.json
29-04 19:14:41 +00:00: Saved data to /root/JDMO/main/main/database/Maps/ShoopShoopRETAKE.json
29-04 19:24:47 +00:00: Saved data to /root/JDMO/main/main/database/Maps/Song2.json
29-04 19:25:01 +00:00: Uploading file: jdmelody-nx-all.json as jdmelody-nx-all.5f379d66380daaa2a622af5d0dd8412c.json
29-04 19:25:02 +00:00: File uploaded: jdmelody-nx-all.5f379d66380daaa2a622af5d0dd8412c.json
29-04 19:25:02 +00:00: Updated local JSON file: data/songdb/NX/SongDB.json with URL: https://jdmo-cdn.c0llydoll.com/private/songdb/jdmelody-nx-all.5f379d66380daaa2a622af5d0dd8412c.json
29-04 19:25:02 +00:00: Uploading file: jdmelody-ps4-all.json as jdmelody-ps4-all.9e3e1ebf03a601880734000bbc12e53a.json
29-04 19:25:03 +00:00: File uploaded: jdmelody-ps4-all.9e3e1ebf03a601880734000bbc12e53a.json
29-04 19:25:03 +00:00: Updated local JSON file: data/songdb/PS4/SongDB.json with URL: https://jdmo-cdn.c0llydoll.com/private/songdb/jdmelody-ps4-all.9e3e1ebf03a601880734000bbc12e53a.json
29-04 19:25:03 +00:00: Uploading file: jdmelody-pc-all.json as jdmelody-pc-all.af7cb6f9248537e08861b1709d36864c.json
29-04 19:25:04 +00:00: File uploaded: jdmelody-pc-all.af7cb6f9248537e08861b1709d36864c.json
29-04 19:25:04 +00:00: Updated local JSON file: data/songdb/PC/SongDB.json with URL: https://jdmo-cdn.c0llydoll.com/private/songdb/jdmelody-pc-all.af7cb6f9248537e08861b1709d36864c.json
29-04 19:25:04 +00:00: Uploading file: jdmelody-nx-patreon.json as jdmelody-nx-patreon.408354bb771f718e72d2cdef3481d296.json
29-04 19:25:04 +00:00: File uploaded: jdmelody-nx-patreon.408354bb771f718e72d2cdef3481d296.json
29-04 19:25:04 +00:00: Updated local JSON file: data/songdb/NX/SongDB_Patreon.json with URL: https://jdmo-cdn.c0llydoll.com/private/songdb/jdmelody-nx-patreon.408354bb771f718e72d2cdef3481d296.json
29-04 19:25:04 +00:00: Uploading file: jdmelody-ps4-patreon.json as jdmelody-ps4-patreon.34e2e471f601f52da26c5d35dd2a6af4.json
29-04 19:25:04 +00:00: File uploaded: jdmelody-ps4-patreon.34e2e471f601f52da26c5d35dd2a6af4.json
29-04 19:25:04 +00:00: Updated local JSON file: data/songdb/PS4/SongDB_Patreon.json with URL: https://jdmo-cdn.c0llydoll.com/private/songdb/jdmelody-ps4-patreon.34e2e471f601f52da26c5d35dd2a6af4.json
29-04 19:25:04 +00:00: Uploading file: jdmelody-pc-patreon.json as jdmelody-pc-patreon.fec1512ad44f3314e367a0a4505724d0.json
29-04 19:25:05 +00:00: File uploaded: jdmelody-pc-patreon.fec1512ad44f3314e367a0a4505724d0.json
29-04 19:25:05 +00:00: Updated local JSON file: data/songdb/PC/SongDB_Patreon.json with URL: https://jdmo-cdn.c0llydoll.com/private/songdb/jdmelody-pc-patreon.fec1512ad44f3314e367a0a4505724d0.json
29-04 19:25:05 +00:00: Uploading file: jdmelody-nx-dev.json as jdmelody-nx-dev.55250df661601f3202885c7454ad37a8.json
29-04 19:25:05 +00:00: File uploaded: jdmelody-nx-dev.55250df661601f3202885c7454ad37a8.json
29-04 19:25:05 +00:00: Updated local JSON file: data/songdb/NX/SongDB_Dev.json with URL: https://jdmo-cdn.c0llydoll.com/private/songdb/jdmelody-nx-dev.55250df661601f3202885c7454ad37a8.json
29-04 19:25:06 +00:00: Uploading file: jdmelody-ps4-dev.json as jdmelody-ps4-dev.95b4dee1daad8dac8a4c558cc6966fac.json
29-04 19:25:06 +00:00: File uploaded: jdmelody-ps4-dev.95b4dee1daad8dac8a4c558cc6966fac.json
29-04 19:25:06 +00:00: Updated local JSON file: data/songdb/PS4/SongDB_Dev.json with URL: https://jdmo-cdn.c0llydoll.com/private/songdb/jdmelody-ps4-dev.95b4dee1daad8dac8a4c558cc6966fac.json
29-04 19:25:06 +00:00: Uploading file: jdmelody-pc-dev.json as jdmelody-pc-dev.779a44819319040ca33b7ca1430867ca.json
29-04 19:25:06 +00:00: File uploaded: jdmelody-pc-dev.779a44819319040ca33b7ca1430867ca.json
29-04 19:25:06 +00:00: Updated local JSON file: data/songdb/PC/SongDB_Dev.json with URL: https://jdmo-cdn.c0llydoll.com/private/songdb/jdmelody-pc-dev.779a44819319040ca33b7ca1430867ca.json
29-04 19:37:48 +00:00: Saved data to /root/JDMO/main/main/database/Maps/Song2.json
29-04 19:45:06 +00:00: Saved data to /root/JDMO/main/main/database/Maps/SOS.json
29-04 19:45:15 +00:00: Uploading file: jdmelody-nx-all.json as jdmelody-nx-all.5f379d66380daaa2a622af5d0dd8412c.json
29-04 19:45:15 +00:00: File uploaded: jdmelody-nx-all.5f379d66380daaa2a622af5d0dd8412c.json
29-04 19:45:15 +00:00: Updated local JSON file: data/songdb/NX/SongDB.json with URL: https://jdmo-cdn.c0llydoll.com/private/songdb/jdmelody-nx-all.5f379d66380daaa2a622af5d0dd8412c.json
29-04 19:45:15 +00:00: Uploading file: jdmelody-ps4-all.json as jdmelody-ps4-all.9e3e1ebf03a601880734000bbc12e53a.json
29-04 19:45:15 +00:00: File uploaded: jdmelody-ps4-all.9e3e1ebf03a601880734000bbc12e53a.json
29-04 19:45:15 +00:00: Updated local JSON file: data/songdb/PS4/SongDB.json with URL: https://jdmo-cdn.c0llydoll.com/private/songdb/jdmelody-ps4-all.9e3e1ebf03a601880734000bbc12e53a.json
29-04 19:45:15 +00:00: Uploading file: jdmelody-pc-all.json as jdmelody-pc-all.af7cb6f9248537e08861b1709d36864c.json
29-04 19:45:16 +00:00: File uploaded: jdmelody-pc-all.af7cb6f9248537e08861b1709d36864c.json
29-04 19:45:16 +00:00: Updated local JSON file: data/songdb/PC/SongDB.json with URL: https://jdmo-cdn.c0llydoll.com/private/songdb/jdmelody-pc-all.af7cb6f9248537e08861b1709d36864c.json
29-04 19:45:16 +00:00: Uploading file: jdmelody-nx-patreon.json as jdmelody-nx-patreon.408354bb771f718e72d2cdef3481d296.json
29-04 19:45:17 +00:00: File uploaded: jdmelody-nx-patreon.408354bb771f718e72d2cdef3481d296.json
29-04 19:45:17 +00:00: Updated local JSON file: data/songdb/NX/SongDB_Patreon.json with URL: https://jdmo-cdn.c0llydoll.com/private/songdb/jdmelody-nx-patreon.408354bb771f718e72d2cdef3481d296.json
29-04 19:45:17 +00:00: Uploading file: jdmelody-ps4-patreon.json as jdmelody-ps4-patreon.34e2e471f601f52da26c5d35dd2a6af4.json
29-04 19:45:17 +00:00: File uploaded: jdmelody-ps4-patreon.34e2e471f601f52da26c5d35dd2a6af4.json
29-04 19:45:17 +00:00: Updated local JSON file: data/songdb/PS4/SongDB_Patreon.json with URL: https://jdmo-cdn.c0llydoll.com/private/songdb/jdmelody-ps4-patreon.34e2e471f601f52da26c5d35dd2a6af4.json
29-04 19:45:17 +00:00: Uploading file: jdmelody-pc-patreon.json as jdmelody-pc-patreon.fec1512ad44f3314e367a0a4505724d0.json
29-04 19:45:17 +00:00: File uploaded: jdmelody-pc-patreon.fec1512ad44f3314e367a0a4505724d0.json
29-04 19:45:17 +00:00: Updated local JSON file: data/songdb/PC/SongDB_Patreon.json with URL: https://jdmo-cdn.c0llydoll.com/private/songdb/jdmelody-pc-patreon.fec1512ad44f3314e367a0a4505724d0.json
29-04 19:45:17 +00:00: Uploading file: jdmelody-nx-dev.json as jdmelody-nx-dev.199217b0ea16524e260105b9c5983901.json
29-04 19:45:17 +00:00: File uploaded: jdmelody-nx-dev.199217b0ea16524e260105b9c5983901.json
29-04 19:45:17 +00:00: Updated local JSON file: data/songdb/NX/SongDB_Dev.json with URL: https://jdmo-cdn.c0llydoll.com/private/songdb/jdmelody-nx-dev.199217b0ea16524e260105b9c5983901.json
29-04 19:45:18 +00:00: Uploading file: jdmelody-ps4-dev.json as jdmelody-ps4-dev.fb1ca8eee2345b60a261ecd3444ada7a.json
29-04 19:45:18 +00:00: File uploaded: jdmelody-ps4-dev.fb1ca8eee2345b60a261ecd3444ada7a.json
29-04 19:45:18 +00:00: Updated local JSON file: data/songdb/PS4/SongDB_Dev.json with URL: https://jdmo-cdn.c0llydoll.com/private/songdb/jdmelody-ps4-dev.fb1ca8eee2345b60a261ecd3444ada7a.json
29-04 19:45:18 +00:00: Uploading file: jdmelody-pc-dev.json as jdmelody-pc-dev.ef17034a2a18949a6501dd7d5fc5b474.json
29-04 19:45:18 +00:00: File uploaded: jdmelody-pc-dev.ef17034a2a18949a6501dd7d5fc5b474.json
29-04 19:45:18 +00:00: Updated local JSON file: data/songdb/PC/SongDB_Dev.json with URL: https://jdmo-cdn.c0llydoll.com/private/songdb/jdmelody-pc-dev.ef17034a2a18949a6501dd7d5fc5b474.json
29-04 19:48:30 +00:00: Uploading file: jdmelody-nx-all.json as jdmelody-nx-all.5f379d66380daaa2a622af5d0dd8412c.json
29-04 19:48:30 +00:00: File uploaded: jdmelody-nx-all.5f379d66380daaa2a622af5d0dd8412c.json
29-04 19:48:30 +00:00: Updated local JSON file: data/songdb/NX/SongDB.json with URL: https://jdmo-cdn.c0llydoll.com/private/songdb/jdmelody-nx-all.5f379d66380daaa2a622af5d0dd8412c.json
29-04 19:48:30 +00:00: Uploading file: jdmelody-ps4-all.json as jdmelody-ps4-all.9e3e1ebf03a601880734000bbc12e53a.json
29-04 19:48:31 +00:00: File uploaded: jdmelody-ps4-all.9e3e1ebf03a601880734000bbc12e53a.json
29-04 19:48:31 +00:00: Updated local JSON file: data/songdb/PS4/SongDB.json with URL: https://jdmo-cdn.c0llydoll.com/private/songdb/jdmelody-ps4-all.9e3e1ebf03a601880734000bbc12e53a.json
29-04 19:48:31 +00:00: Uploading file: jdmelody-pc-all.json as jdmelody-pc-all.af7cb6f9248537e08861b1709d36864c.json
29-04 19:48:31 +00:00: File uploaded: jdmelody-pc-all.af7cb6f9248537e08861b1709d36864c.json
29-04 19:48:31 +00:00: Updated local JSON file: data/songdb/PC/SongDB.json with URL: https://jdmo-cdn.c0llydoll.com/private/songdb/jdmelody-pc-all.af7cb6f9248537e08861b1709d36864c.json
29-04 19:48:31 +00:00: Uploading file: jdmelody-nx-patreon.json as jdmelody-nx-patreon.408354bb771f718e72d2cdef3481d296.json
29-04 19:48:32 +00:00: File uploaded: jdmelody-nx-patreon.408354bb771f718e72d2cdef3481d296.json
29-04 19:48:32 +00:00: Updated local JSON file: data/songdb/NX/SongDB_Patreon.json with URL: https://jdmo-cdn.c0llydoll.com/private/songdb/jdmelody-nx-patreon.408354bb771f718e72d2cdef3481d296.json
29-04 19:48:32 +00:00: Uploading file: jdmelody-ps4-patreon.json as jdmelody-ps4-patreon.34e2e471f601f52da26c5d35dd2a6af4.json
29-04 19:48:32 +00:00: File uploaded: jdmelody-ps4-patreon.34e2e471f601f52da26c5d35dd2a6af4.json
29-04 19:48:32 +00:00: Updated local JSON file: data/songdb/PS4/SongDB_Patreon.json with URL: https://jdmo-cdn.c0llydoll.com/private/songdb/jdmelody-ps4-patreon.34e2e471f601f52da26c5d35dd2a6af4.json
29-04 19:48:32 +00:00: Uploading file: jdmelody-pc-patreon.json as jdmelody-pc-patreon.fec1512ad44f3314e367a0a4505724d0.json
29-04 19:48:33 +00:00: File uploaded: jdmelody-pc-patreon.fec1512ad44f3314e367a0a4505724d0.json
29-04 19:48:33 +00:00: Updated local JSON file: data/songdb/PC/SongDB_Patreon.json with URL: https://jdmo-cdn.c0llydoll.com/private/songdb/jdmelody-pc-patreon.fec1512ad44f3314e367a0a4505724d0.json
29-04 19:48:33 +00:00: Uploading file: jdmelody-nx-dev.json as jdmelody-nx-dev.e4a52d85c8776db1333a2e61a856d0f0.json
29-04 19:48:33 +00:00: File uploaded: jdmelody-nx-dev.e4a52d85c8776db1333a2e61a856d0f0.json
29-04 19:48:33 +00:00: Updated local JSON file: data/songdb/NX/SongDB_Dev.json with URL: https://jdmo-cdn.c0llydoll.com/private/songdb/jdmelody-nx-dev.e4a52d85c8776db1333a2e61a856d0f0.json
29-04 19:48:33 +00:00: Uploading file: jdmelody-ps4-dev.json as jdmelody-ps4-dev.9bcec56576f354459945a65cb2cf9294.json
29-04 19:48:34 +00:00: File uploaded: jdmelody-ps4-dev.9bcec56576f354459945a65cb2cf9294.json
29-04 19:48:34 +00:00: Updated local JSON file: data/songdb/PS4/SongDB_Dev.json with URL: https://jdmo-cdn.c0llydoll.com/private/songdb/jdmelody-ps4-dev.9bcec56576f354459945a65cb2cf9294.json
29-04 19:48:34 +00:00: Uploading file: jdmelody-pc-dev.json as jdmelody-pc-dev.b978b3da219faa3f069181fa3549fb0f.json
29-04 19:48:34 +00:00: File uploaded: jdmelody-pc-dev.b978b3da219faa3f069181fa3549fb0f.json
29-04 19:48:34 +00:00: Updated local JSON file: data/songdb/PC/SongDB_Dev.json with URL: https://jdmo-cdn.c0llydoll.com/private/songdb/jdmelody-pc-dev.b978b3da219faa3f069181fa3549fb0f.json
29-04 20:37:56 +00:00: Saved data to /root/JDMO/main/main/database/Maps/ThatsNotMyName.json
29-04 20:49:24 +00:00: Saved data to /root/JDMO/main/main/database/Maps/TikTok.json
29-04 20:57:46 +00:00: Saved data to /root/JDMO/main/main/database/Maps/Toxic.json
29-04 21:09:12 +00:00: Saved data to /root/JDMO/main/main/database/Maps/Unusual.json
29-04 21:09:22 +00:00: Uploading file: jdmelody-nx-all.json as jdmelody-nx-all.5f379d66380daaa2a622af5d0dd8412c.json
29-04 21:09:22 +00:00: File uploaded: jdmelody-nx-all.5f379d66380daaa2a622af5d0dd8412c.json
29-04 21:09:22 +00:00: Updated local JSON file: data/songdb/NX/SongDB.json with URL: https://jdmo-cdn.c0llydoll.com/private/songdb/jdmelody-nx-all.5f379d66380daaa2a622af5d0dd8412c.json
29-04 21:09:22 +00:00: Uploading file: jdmelody-ps4-all.json as jdmelody-ps4-all.9e3e1ebf03a601880734000bbc12e53a.json
29-04 21:09:22 +00:00: File uploaded: jdmelody-ps4-all.9e3e1ebf03a601880734000bbc12e53a.json
29-04 21:09:22 +00:00: Updated local JSON file: data/songdb/PS4/SongDB.json with URL: https://jdmo-cdn.c0llydoll.com/private/songdb/jdmelody-ps4-all.9e3e1ebf03a601880734000bbc12e53a.json
29-04 21:09:22 +00:00: Uploading file: jdmelody-pc-all.json as jdmelody-pc-all.af7cb6f9248537e08861b1709d36864c.json
29-04 21:09:22 +00:00: File uploaded: jdmelody-pc-all.af7cb6f9248537e08861b1709d36864c.json
29-04 21:09:22 +00:00: Updated local JSON file: data/songdb/PC/SongDB.json with URL: https://jdmo-cdn.c0llydoll.com/private/songdb/jdmelody-pc-all.af7cb6f9248537e08861b1709d36864c.json
29-04 21:09:22 +00:00: Uploading file: jdmelody-nx-patreon.json as jdmelody-nx-patreon.408354bb771f718e72d2cdef3481d296.json
29-04 21:09:23 +00:00: File uploaded: jdmelody-nx-patreon.408354bb771f718e72d2cdef3481d296.json
29-04 21:09:23 +00:00: Updated local JSON file: data/songdb/NX/SongDB_Patreon.json with URL: https://jdmo-cdn.c0llydoll.com/private/songdb/jdmelody-nx-patreon.408354bb771f718e72d2cdef3481d296.json
29-04 21:09:23 +00:00: Uploading file: jdmelody-ps4-patreon.json as jdmelody-ps4-patreon.34e2e471f601f52da26c5d35dd2a6af4.json
29-04 21:09:24 +00:00: File uploaded: jdmelody-ps4-patreon.34e2e471f601f52da26c5d35dd2a6af4.json
29-04 21:09:24 +00:00: Updated local JSON file: data/songdb/PS4/SongDB_Patreon.json with URL: https://jdmo-cdn.c0llydoll.com/private/songdb/jdmelody-ps4-patreon.34e2e471f601f52da26c5d35dd2a6af4.json
29-04 21:09:24 +00:00: Uploading file: jdmelody-pc-patreon.json as jdmelody-pc-patreon.fec1512ad44f3314e367a0a4505724d0.json
29-04 21:09:25 +00:00: File uploaded: jdmelody-pc-patreon.fec1512ad44f3314e367a0a4505724d0.json
29-04 21:09:25 +00:00: Updated local JSON file: data/songdb/PC/SongDB_Patreon.json with URL: https://jdmo-cdn.c0llydoll.com/private/songdb/jdmelody-pc-patreon.fec1512ad44f3314e367a0a4505724d0.json
29-04 21:09:25 +00:00: Uploading file: jdmelody-nx-dev.json as jdmelody-nx-dev.b14916cea75af0227512d40e3d13b116.json
29-04 21:09:25 +00:00: File uploaded: jdmelody-nx-dev.b14916cea75af0227512d40e3d13b116.json
29-04 21:09:25 +00:00: Updated local JSON file: data/songdb/NX/SongDB_Dev.json with URL: https://jdmo-cdn.c0llydoll.com/private/songdb/jdmelody-nx-dev.b14916cea75af0227512d40e3d13b116.json
29-04 21:09:25 +00:00: Uploading file: jdmelody-ps4-dev.json as jdmelody-ps4-dev.b391730c9b7a15f5e58b4451f30bbe77.json
29-04 21:09:25 +00:00: File uploaded: jdmelody-ps4-dev.b391730c9b7a15f5e58b4451f30bbe77.json
29-04 21:09:25 +00:00: Updated local JSON file: data/songdb/PS4/SongDB_Dev.json with URL: https://jdmo-cdn.c0llydoll.com/private/songdb/jdmelody-ps4-dev.b391730c9b7a15f5e58b4451f30bbe77.json
29-04 21:09:25 +00:00: Uploading file: jdmelody-pc-dev.json as jdmelody-pc-dev.0f1f7b5ed2ca0ac11c3a49141ccab881.json
29-04 21:09:26 +00:00: File uploaded: jdmelody-pc-dev.0f1f7b5ed2ca0ac11c3a49141ccab881.json
29-04 21:09:26 +00:00: Updated local JSON file: data/songdb/PC/SongDB_Dev.json with URL: https://jdmo-cdn.c0llydoll.com/private/songdb/jdmelody-pc-dev.0f1f7b5ed2ca0ac11c3a49141ccab881.json
29-04 22:02:38 +00:00: Saved data to /root/JDMO/main/main/database/Maps/WakeMeUp.json
29-04 22:12:43 +00:00: Saved data to /root/JDMO/main/main/database/Maps/WalkLike.json
29-04 22:22:19 +00:00: Saved data to /root/JDMO/main/main/database/Maps/WhenIGrowUp.json
29-04 23:06:58 +00:00: Saved data to /root/JDMO/main/main/database/Maps/Xmas.json
29-04 23:07:18 +00:00: Uploading file: jdmelody-nx-all.json as jdmelody-nx-all.5f379d66380daaa2a622af5d0dd8412c.json
29-04 23:07:18 +00:00: File uploaded: jdmelody-nx-all.5f379d66380daaa2a622af5d0dd8412c.json
29-04 23:07:18 +00:00: Updated local JSON file: data/songdb/NX/SongDB.json with URL: https://jdmo-cdn.c0llydoll.com/private/songdb/jdmelody-nx-all.5f379d66380daaa2a622af5d0dd8412c.json
29-04 23:07:18 +00:00: Uploading file: jdmelody-ps4-all.json as jdmelody-ps4-all.9e3e1ebf03a601880734000bbc12e53a.json
29-04 23:07:19 +00:00: File uploaded: jdmelody-ps4-all.9e3e1ebf03a601880734000bbc12e53a.json
29-04 23:07:19 +00:00: Updated local JSON file: data/songdb/PS4/SongDB.json with URL: https://jdmo-cdn.c0llydoll.com/private/songdb/jdmelody-ps4-all.9e3e1ebf03a601880734000bbc12e53a.json
29-04 23:07:19 +00:00: Uploading file: jdmelody-pc-all.json as jdmelody-pc-all.af7cb6f9248537e08861b1709d36864c.json
29-04 23:07:20 +00:00: File uploaded: jdmelody-pc-all.af7cb6f9248537e08861b1709d36864c.json
29-04 23:07:20 +00:00: Updated local JSON file: data/songdb/PC/SongDB.json with URL: https://jdmo-cdn.c0llydoll.com/private/songdb/jdmelody-pc-all.af7cb6f9248537e08861b1709d36864c.json
29-04 23:07:20 +00:00: Uploading file: jdmelody-nx-patreon.json as jdmelody-nx-patreon.408354bb771f718e72d2cdef3481d296.json
29-04 23:07:20 +00:00: File uploaded: jdmelody-nx-patreon.408354bb771f718e72d2cdef3481d296.json
29-04 23:07:20 +00:00: Updated local JSON file: data/songdb/NX/SongDB_Patreon.json with URL: https://jdmo-cdn.c0llydoll.com/private/songdb/jdmelody-nx-patreon.408354bb771f718e72d2cdef3481d296.json
29-04 23:07:20 +00:00: Uploading file: jdmelody-ps4-patreon.json as jdmelody-ps4-patreon.34e2e471f601f52da26c5d35dd2a6af4.json
29-04 23:07:23 +00:00: File uploaded: jdmelody-ps4-patreon.34e2e471f601f52da26c5d35dd2a6af4.json
29-04 23:07:23 +00:00: Updated local JSON file: data/songdb/PS4/SongDB_Patreon.json with URL: https://jdmo-cdn.c0llydoll.com/private/songdb/jdmelody-ps4-patreon.34e2e471f601f52da26c5d35dd2a6af4.json
29-04 23:07:23 +00:00: Uploading file: jdmelody-pc-patreon.json as jdmelody-pc-patreon.fec1512ad44f3314e367a0a4505724d0.json
29-04 23:07:24 +00:00: File uploaded: jdmelody-pc-patreon.fec1512ad44f3314e367a0a4505724d0.json
29-04 23:07:24 +00:00: Updated local JSON file: data/songdb/PC/SongDB_Patreon.json with URL: https://jdmo-cdn.c0llydoll.com/private/songdb/jdmelody-pc-patreon.fec1512ad44f3314e367a0a4505724d0.json
29-04 23:07:24 +00:00: Uploading file: jdmelody-nx-dev.json as jdmelody-nx-dev.35be92b5634e2046620beb077f17a798.json
29-04 23:07:24 +00:00: File uploaded: jdmelody-nx-dev.35be92b5634e2046620beb077f17a798.json
29-04 23:07:24 +00:00: Updated local JSON file: data/songdb/NX/SongDB_Dev.json with URL: https://jdmo-cdn.c0llydoll.com/private/songdb/jdmelody-nx-dev.35be92b5634e2046620beb077f17a798.json
29-04 23:07:24 +00:00: Uploading file: jdmelody-ps4-dev.json as jdmelody-ps4-dev.b58feac6890c16015d9982df4b9d7e41.json
29-04 23:07:25 +00:00: File uploaded: jdmelody-ps4-dev.b58feac6890c16015d9982df4b9d7e41.json
29-04 23:07:25 +00:00: Updated local JSON file: data/songdb/PS4/SongDB_Dev.json with URL: https://jdmo-cdn.c0llydoll.com/private/songdb/jdmelody-ps4-dev.b58feac6890c16015d9982df4b9d7e41.json
29-04 23:07:25 +00:00: Uploading file: jdmelody-pc-dev.json as jdmelody-pc-dev.584dfeac475acbaa7cdc44bf755038a7.json
29-04 23:07:25 +00:00: File uploaded: jdmelody-pc-dev.584dfeac475acbaa7cdc44bf755038a7.json
29-04 23:07:25 +00:00: Updated local JSON file: data/songdb/PC/SongDB_Dev.json with URL: https://jdmo-cdn.c0llydoll.com/private/songdb/jdmelody-pc-dev.584dfeac475acbaa7cdc44bf755038a7.json
29-04 23:28:47 +00:00: Saved data to /root/JDMO/main/main/database/Maps/WhenIGrowUp.json
29-04 23:38:14 +00:00: Saved data to /root/JDMO/main/main/database/Maps/WhyOWhy.json
29-04 23:38:41 +00:00: Uploading file: jdmelody-nx-all.json as jdmelody-nx-all.5f379d66380daaa2a622af5d0dd8412c.json
29-04 23:38:42 +00:00: File uploaded: jdmelody-nx-all.5f379d66380daaa2a622af5d0dd8412c.json
29-04 23:38:42 +00:00: Updated local JSON file: data/songdb/NX/SongDB.json with URL: https://jdmo-cdn.c0llydoll.com/private/songdb/jdmelody-nx-all.5f379d66380daaa2a622af5d0dd8412c.json
29-04 23:38:42 +00:00: Uploading file: jdmelody-ps4-all.json as jdmelody-ps4-all.9e3e1ebf03a601880734000bbc12e53a.json
29-04 23:38:42 +00:00: File uploaded: jdmelody-ps4-all.9e3e1ebf03a601880734000bbc12e53a.json
29-04 23:38:42 +00:00: Updated local JSON file: data/songdb/PS4/SongDB.json with URL: https://jdmo-cdn.c0llydoll.com/private/songdb/jdmelody-ps4-all.9e3e1ebf03a601880734000bbc12e53a.json
29-04 23:38:42 +00:00: Uploading file: jdmelody-pc-all.json as jdmelody-pc-all.af7cb6f9248537e08861b1709d36864c.json
29-04 23:38:42 +00:00: File uploaded: jdmelody-pc-all.af7cb6f9248537e08861b1709d36864c.json
29-04 23:38:42 +00:00: Updated local JSON file: data/songdb/PC/SongDB.json with URL: https://jdmo-cdn.c0llydoll.com/private/songdb/jdmelody-pc-all.af7cb6f9248537e08861b1709d36864c.json
29-04 23:38:42 +00:00: Uploading file: jdmelody-nx-patreon.json as jdmelody-nx-patreon.408354bb771f718e72d2cdef3481d296.json
29-04 23:38:43 +00:00: File uploaded: jdmelody-nx-patreon.408354bb771f718e72d2cdef3481d296.json
29-04 23:38:43 +00:00: Updated local JSON file: data/songdb/NX/SongDB_Patreon.json with URL: https://jdmo-cdn.c0llydoll.com/private/songdb/jdmelody-nx-patreon.408354bb771f718e72d2cdef3481d296.json
29-04 23:38:43 +00:00: Uploading file: jdmelody-ps4-patreon.json as jdmelody-ps4-patreon.34e2e471f601f52da26c5d35dd2a6af4.json
29-04 23:38:44 +00:00: File uploaded: jdmelody-ps4-patreon.34e2e471f601f52da26c5d35dd2a6af4.json
29-04 23:38:44 +00:00: Updated local JSON file: data/songdb/PS4/SongDB_Patreon.json with URL: https://jdmo-cdn.c0llydoll.com/private/songdb/jdmelody-ps4-patreon.34e2e471f601f52da26c5d35dd2a6af4.json
29-04 23:38:44 +00:00: Uploading file: jdmelody-pc-patreon.json as jdmelody-pc-patreon.fec1512ad44f3314e367a0a4505724d0.json
29-04 23:38:44 +00:00: File uploaded: jdmelody-pc-patreon.fec1512ad44f3314e367a0a4505724d0.json
29-04 23:38:44 +00:00: Updated local JSON file: data/songdb/PC/SongDB_Patreon.json with URL: https://jdmo-cdn.c0llydoll.com/private/songdb/jdmelody-pc-patreon.fec1512ad44f3314e367a0a4505724d0.json
29-04 23:38:44 +00:00: Uploading file: jdmelody-nx-dev.json as jdmelody-nx-dev.7f3f183622ff440c9dd2ea8987257d36.json
29-04 23:38:44 +00:00: File uploaded: jdmelody-nx-dev.7f3f183622ff440c9dd2ea8987257d36.json
29-04 23:38:44 +00:00: Updated local JSON file: data/songdb/NX/SongDB_Dev.json with URL: https://jdmo-cdn.c0llydoll.com/private/songdb/jdmelody-nx-dev.7f3f183622ff440c9dd2ea8987257d36.json
29-04 23:38:44 +00:00: Uploading file: jdmelody-ps4-dev.json as jdmelody-ps4-dev.c958e83b4556350e42942a826043afbb.json
29-04 23:38:44 +00:00: File uploaded: jdmelody-ps4-dev.c958e83b4556350e42942a826043afbb.json
29-04 23:38:44 +00:00: Updated local JSON file: data/songdb/PS4/SongDB_Dev.json with URL: https://jdmo-cdn.c0llydoll.com/private/songdb/jdmelody-ps4-dev.c958e83b4556350e42942a826043afbb.json
29-04 23:38:44 +00:00: Uploading file: jdmelody-pc-dev.json as jdmelody-pc-dev.59d5187f7767cc0241d47b3fe5c90eab.json
29-04 23:38:45 +00:00: File uploaded: jdmelody-pc-dev.59d5187f7767cc0241d47b3fe5c90eab.json
29-04 23:38:45 +00:00: Updated local JSON file: data/songdb/PC/SongDB_Dev.json with URL: https://jdmo-cdn.c0llydoll.com/private/songdb/jdmelody-pc-dev.59d5187f7767cc0241d47b3fe5c90eab.json
30-04 00:16:31 +00:00: Saved data to /root/JDMO/main/main/database/Maps/Futebol.json
30-04 00:35:58 +00:00: Saved data to /root/JDMO/main/main/database/Maps/KattiKalandal.json
30-04 00:48:11 +00:00: Saved data to /root/JDMO/main/main/database/Maps/MonsterMash.json
30-04 11:47:15 +00:00: Saved data to /root/JDMO/main/main/database/Maps/CosmicGirl.json
30-04 11:47:55 +00:00: Saved data to /root/JDMO/main/main/database/Maps/WalkLike.json
30-04 11:48:44 +00:00: Saved data to /root/JDMO/main/main/database/Maps/WhenIGrowUp.json
30-04 11:52:19 +00:00: Saved data to /root/JDMO/main/main/database/Maps/ComeOn.json
30-04 14:10:31 +00:00: Uploading file: jdmelody-nx-all.json as jdmelody-nx-all.4bca212a14a235d355c04c99353d1671.json
30-04 14:10:32 +00:00: File uploaded: jdmelody-nx-all.4bca212a14a235d355c04c99353d1671.json
30-04 14:10:32 +00:00: Updated local JSON file: data/songdb/NX/SongDB.json with URL: https://jdmo-cdn.c0llydoll.com/private/songdb/jdmelody-nx-all.4bca212a14a235d355c04c99353d1671.json
30-04 14:10:32 +00:00: Uploading file: jdmelody-ps4-all.json as jdmelody-ps4-all.4645072f35e87bf7cac8db1c938fc98f.json
30-04 14:10:33 +00:00: File uploaded: jdmelody-ps4-all.4645072f35e87bf7cac8db1c938fc98f.json
30-04 14:10:33 +00:00: Updated local JSON file: data/songdb/PS4/SongDB.json with URL: https://jdmo-cdn.c0llydoll.com/private/songdb/jdmelody-ps4-all.4645072f35e87bf7cac8db1c938fc98f.json
30-04 14:10:33 +00:00: Uploading file: jdmelody-pc-all.json as jdmelody-pc-all.60f58bdc7feb085ec156baa9413cb360.json
30-04 14:10:34 +00:00: File uploaded: jdmelody-pc-all.60f58bdc7feb085ec156baa9413cb360.json
30-04 14:10:34 +00:00: Updated local JSON file: data/songdb/PC/SongDB.json with URL: https://jdmo-cdn.c0llydoll.com/private/songdb/jdmelody-pc-all.60f58bdc7feb085ec156baa9413cb360.json
30-04 14:10:34 +00:00: Uploading file: jdmelody-nx-patreon.json as jdmelody-nx-patreon.a34a23ee61267f985589df3da08e4c86.json
30-04 14:10:34 +00:00: File uploaded: jdmelody-nx-patreon.a34a23ee61267f985589df3da08e4c86.json
30-04 14:10:34 +00:00: Updated local JSON file: data/songdb/NX/SongDB_Patreon.json with URL: https://jdmo-cdn.c0llydoll.com/private/songdb/jdmelody-nx-patreon.a34a23ee61267f985589df3da08e4c86.json
30-04 14:10:34 +00:00: Uploading file: jdmelody-ps4-patreon.json as jdmelody-ps4-patreon.c4030df5f96eed958e169027b01c46bf.json
30-04 14:10:34 +00:00: File uploaded: jdmelody-ps4-patreon.c4030df5f96eed958e169027b01c46bf.json
30-04 14:10:34 +00:00: Updated local JSON file: data/songdb/PS4/SongDB_Patreon.json with URL: https://jdmo-cdn.c0llydoll.com/private/songdb/jdmelody-ps4-patreon.c4030df5f96eed958e169027b01c46bf.json
30-04 14:10:34 +00:00: Uploading file: jdmelody-pc-patreon.json as jdmelody-pc-patreon.e8b186a066c60bdaaa5ec4fd23a1c6b1.json
30-04 14:10:34 +00:00: File uploaded: jdmelody-pc-patreon.e8b186a066c60bdaaa5ec4fd23a1c6b1.json
30-04 14:10:34 +00:00: Updated local JSON file: data/songdb/PC/SongDB_Patreon.json with URL: https://jdmo-cdn.c0llydoll.com/private/songdb/jdmelody-pc-patreon.e8b186a066c60bdaaa5ec4fd23a1c6b1.json
30-04 14:10:34 +00:00: Uploading file: jdmelody-nx-dev.json as jdmelody-nx-dev.baff81e4d03542b6b1cd36cc582113c5.json
30-04 14:10:34 +00:00: File uploaded: jdmelody-nx-dev.baff81e4d03542b6b1cd36cc582113c5.json
30-04 14:10:34 +00:00: Updated local JSON file: data/songdb/NX/SongDB_Dev.json with URL: https://jdmo-cdn.c0llydoll.com/private/songdb/jdmelody-nx-dev.baff81e4d03542b6b1cd36cc582113c5.json
30-04 14:10:35 +00:00: Uploading file: jdmelody-ps4-dev.json as jdmelody-ps4-dev.bba19b376a55d99b1295632b8d1b4745.json
30-04 14:10:35 +00:00: File uploaded: jdmelody-ps4-dev.bba19b376a55d99b1295632b8d1b4745.json
30-04 14:10:35 +00:00: Updated local JSON file: data/songdb/PS4/SongDB_Dev.json with URL: https://jdmo-cdn.c0llydoll.com/private/songdb/jdmelody-ps4-dev.bba19b376a55d99b1295632b8d1b4745.json
30-04 14:10:35 +00:00: Uploading file: jdmelody-pc-dev.json as jdmelody-pc-dev.e97e4516eb0fccf1aa75c792e7b20016.json
30-04 14:10:35 +00:00: File uploaded: jdmelody-pc-dev.e97e4516eb0fccf1aa75c792e7b20016.json
30-04 14:10:35 +00:00: Updated local JSON file: data/songdb/PC/SongDB_Dev.json with URL: https://jdmo-cdn.c0llydoll.com/private/songdb/jdmelody-pc-dev.e97e4516eb0fccf1aa75c792e7b20016.json
30-04 14:10:38 +00:00: Uploading file: jdmelody-nx-all.json as jdmelody-nx-all.5fbd64ae0d714c4e09a6692a156e1c68.json
30-04 14:10:40 +00:00: File uploaded: jdmelody-nx-all.5fbd64ae0d714c4e09a6692a156e1c68.json
30-04 14:10:40 +00:00: Updated local JSON file: data/songdb/NX/SongDB.json with URL: https://jdmo-cdn.c0llydoll.com/private/songdb/jdmelody-nx-all.5fbd64ae0d714c4e09a6692a156e1c68.json
30-04 14:10:40 +00:00: Uploading file: jdmelody-ps4-all.json as jdmelody-ps4-all.a5ba408aa0b33eff4dc0f5c0284e2fdc.json
30-04 14:10:40 +00:00: File uploaded: jdmelody-ps4-all.a5ba408aa0b33eff4dc0f5c0284e2fdc.json
30-04 14:10:40 +00:00: Updated local JSON file: data/songdb/PS4/SongDB.json with URL: https://jdmo-cdn.c0llydoll.com/private/songdb/jdmelody-ps4-all.a5ba408aa0b33eff4dc0f5c0284e2fdc.json
30-04 14:10:40 +00:00: Uploading file: jdmelody-pc-all.json as jdmelody-pc-all.5914617afd9a48c6cdb9183974a16889.json
30-04 14:10:42 +00:00: File uploaded: jdmelody-pc-all.5914617afd9a48c6cdb9183974a16889.json
30-04 14:10:42 +00:00: Updated local JSON file: data/songdb/PC/SongDB.json with URL: https://jdmo-cdn.c0llydoll.com/private/songdb/jdmelody-pc-all.5914617afd9a48c6cdb9183974a16889.json
30-04 14:10:42 +00:00: Uploading file: jdmelody-nx-patreon.json as jdmelody-nx-patreon.4ae979d4b654e6edd68bd87eaef7f114.json
30-04 14:10:43 +00:00: File uploaded: jdmelody-nx-patreon.4ae979d4b654e6edd68bd87eaef7f114.json
30-04 14:10:43 +00:00: Updated local JSON file: data/songdb/NX/SongDB_Patreon.json with URL: https://jdmo-cdn.c0llydoll.com/private/songdb/jdmelody-nx-patreon.4ae979d4b654e6edd68bd87eaef7f114.json
30-04 14:10:43 +00:00: Uploading file: jdmelody-ps4-patreon.json as jdmelody-ps4-patreon.2608ea28e06d1d91bb17e091cd836a99.json
30-04 14:10:44 +00:00: File uploaded: jdmelody-ps4-patreon.2608ea28e06d1d91bb17e091cd836a99.json
30-04 14:10:44 +00:00: Updated local JSON file: data/songdb/PS4/SongDB_Patreon.json with URL: https://jdmo-cdn.c0llydoll.com/private/songdb/jdmelody-ps4-patreon.2608ea28e06d1d91bb17e091cd836a99.json
30-04 14:10:44 +00:00: Uploading file: jdmelody-pc-patreon.json as jdmelody-pc-patreon.a790539536306638cff1e0b5f2dd60e5.json
30-04 14:10:44 +00:00: File uploaded: jdmelody-pc-patreon.a790539536306638cff1e0b5f2dd60e5.json
30-04 14:10:44 +00:00: Updated local JSON file: data/songdb/PC/SongDB_Patreon.json with URL: https://jdmo-cdn.c0llydoll.com/private/songdb/jdmelody-pc-patreon.a790539536306638cff1e0b5f2dd60e5.json
30-04 14:10:44 +00:00: Uploading file: jdmelody-nx-dev.json as jdmelody-nx-dev.66e9485df969209d50382402bb06d308.json
30-04 14:10:45 +00:00: File uploaded: jdmelody-nx-dev.66e9485df969209d50382402bb06d308.json
30-04 14:10:45 +00:00: Updated local JSON file: data/songdb/NX/SongDB_Dev.json with URL: https://jdmo-cdn.c0llydoll.com/private/songdb/jdmelody-nx-dev.66e9485df969209d50382402bb06d308.json
30-04 14:10:45 +00:00: Uploading file: jdmelody-ps4-dev.json as jdmelody-ps4-dev.dfcbe8ec8ed90f09d441e65788707d4e.json
30-04 14:10:45 +00:00: File uploaded: jdmelody-ps4-dev.dfcbe8ec8ed90f09d441e65788707d4e.json
30-04 14:10:45 +00:00: Updated local JSON file: data/songdb/PS4/SongDB_Dev.json with URL: https://jdmo-cdn.c0llydoll.com/private/songdb/jdmelody-ps4-dev.dfcbe8ec8ed90f09d441e65788707d4e.json
30-04 14:10:45 +00:00: Uploading file: jdmelody-pc-dev.json as jdmelody-pc-dev.3d6173aac7768baa64f4145258de91e5.json
30-04 14:10:46 +00:00: File uploaded: jdmelody-pc-dev.3d6173aac7768baa64f4145258de91e5.json
30-04 14:10:46 +00:00: Updated local JSON file: data/songdb/PC/SongDB_Dev.json with URL: https://jdmo-cdn.c0llydoll.com/private/songdb/jdmelody-pc-dev.3d6173aac7768baa64f4145258de91e5.json
30-04 14:10:48 +00:00: Uploading file: jdmelody-nx-all.json as jdmelody-nx-all.dd474fecedda20f196fb00dc7895c387.json
30-04 14:10:49 +00:00: File uploaded: jdmelody-nx-all.dd474fecedda20f196fb00dc7895c387.json
30-04 14:10:49 +00:00: Updated local JSON file: data/songdb/NX/SongDB.json with URL: https://jdmo-cdn.c0llydoll.com/private/songdb/jdmelody-nx-all.dd474fecedda20f196fb00dc7895c387.json
30-04 14:10:49 +00:00: Uploading file: jdmelody-ps4-all.json as jdmelody-ps4-all.76c8f1b921d7ade1313b40411b95e793.json
30-04 14:10:49 +00:00: File uploaded: jdmelody-ps4-all.76c8f1b921d7ade1313b40411b95e793.json
30-04 14:10:49 +00:00: Updated local JSON file: data/songdb/PS4/SongDB.json with URL: https://jdmo-cdn.c0llydoll.com/private/songdb/jdmelody-ps4-all.76c8f1b921d7ade1313b40411b95e793.json
30-04 14:10:49 +00:00: Uploading file: jdmelody-pc-all.json as jdmelody-pc-all.27b26c966c91e29bdd9f8ee99dfd42e8.json
30-04 14:10:49 +00:00: File uploaded: jdmelody-pc-all.27b26c966c91e29bdd9f8ee99dfd42e8.json
30-04 14:10:49 +00:00: Updated local JSON file: data/songdb/PC/SongDB.json with URL: https://jdmo-cdn.c0llydoll.com/private/songdb/jdmelody-pc-all.27b26c966c91e29bdd9f8ee99dfd42e8.json
30-04 14:10:49 +00:00: Uploading file: jdmelody-nx-patreon.json as jdmelody-nx-patreon.e7fd795e37d3d2cd430f0ace23d64197.json
30-04 14:10:50 +00:00: File uploaded: jdmelody-nx-patreon.e7fd795e37d3d2cd430f0ace23d64197.json
30-04 14:10:50 +00:00: Updated local JSON file: data/songdb/NX/SongDB_Patreon.json with URL: https://jdmo-cdn.c0llydoll.com/private/songdb/jdmelody-nx-patreon.e7fd795e37d3d2cd430f0ace23d64197.json
30-04 14:10:50 +00:00: Uploading file: jdmelody-ps4-patreon.json as jdmelody-ps4-patreon.2b494fab9a309c321743a485993a5c17.json
30-04 14:10:50 +00:00: File uploaded: jdmelody-ps4-patreon.2b494fab9a309c321743a485993a5c17.json
30-04 14:10:50 +00:00: Updated local JSON file: data/songdb/PS4/SongDB_Patreon.json with URL: https://jdmo-cdn.c0llydoll.com/private/songdb/jdmelody-ps4-patreon.2b494fab9a309c321743a485993a5c17.json
30-04 14:10:50 +00:00: Uploading file: jdmelody-pc-patreon.json as jdmelody-pc-patreon.bb5724be4258d310e7b3aafc06d90030.json
30-04 14:10:50 +00:00: File uploaded: jdmelody-pc-patreon.bb5724be4258d310e7b3aafc06d90030.json
30-04 14:10:50 +00:00: Updated local JSON file: data/songdb/PC/SongDB_Patreon.json with URL: https://jdmo-cdn.c0llydoll.com/private/songdb/jdmelody-pc-patreon.bb5724be4258d310e7b3aafc06d90030.json
30-04 14:10:50 +00:00: Uploading file: jdmelody-nx-dev.json as jdmelody-nx-dev.0878bcc7ed06bcf27335cb1af3dcc83b.json
30-04 14:10:51 +00:00: File uploaded: jdmelody-nx-dev.0878bcc7ed06bcf27335cb1af3dcc83b.json
30-04 14:10:51 +00:00: Updated local JSON file: data/songdb/NX/SongDB_Dev.json with URL: https://jdmo-cdn.c0llydoll.com/private/songdb/jdmelody-nx-dev.0878bcc7ed06bcf27335cb1af3dcc83b.json
30-04 14:10:51 +00:00: Uploading file: jdmelody-ps4-dev.json as jdmelody-ps4-dev.fb76c633f361bd2377bbe656644621ce.json
30-04 14:10:52 +00:00: File uploaded: jdmelody-ps4-dev.fb76c633f361bd2377bbe656644621ce.json
30-04 14:10:52 +00:00: Updated local JSON file: data/songdb/PS4/SongDB_Dev.json with URL: https://jdmo-cdn.c0llydoll.com/private/songdb/jdmelody-ps4-dev.fb76c633f361bd2377bbe656644621ce.json
30-04 14:10:52 +00:00: Uploading file: jdmelody-pc-dev.json as jdmelody-pc-dev.dd11b32bfc18a8879dd256409a2b56ad.json
30-04 14:10:52 +00:00: File uploaded: jdmelody-pc-dev.dd11b32bfc18a8879dd256409a2b56ad.json
30-04 14:10:52 +00:00: Updated local JSON file: data/songdb/PC/SongDB_Dev.json with URL: https://jdmo-cdn.c0llydoll.com/private/songdb/jdmelody-pc-dev.dd11b32bfc18a8879dd256409a2b56ad.json
30-04 14:10:55 +00:00: Uploading file: jdmelody-nx-all.json as jdmelody-nx-all.7b92e5d8b59c6e77ef971fdaa6acdc97.json
30-04 14:10:55 +00:00: File uploaded: jdmelody-nx-all.7b92e5d8b59c6e77ef971fdaa6acdc97.json
30-04 14:10:55 +00:00: Updated local JSON file: data/songdb/NX/SongDB.json with URL: https://jdmo-cdn.c0llydoll.com/private/songdb/jdmelody-nx-all.7b92e5d8b59c6e77ef971fdaa6acdc97.json
30-04 14:10:55 +00:00: Uploading file: jdmelody-ps4-all.json as jdmelody-ps4-all.a9a884e7b4932ee03c0051ea5776ab50.json
30-04 14:10:56 +00:00: File uploaded: jdmelody-ps4-all.a9a884e7b4932ee03c0051ea5776ab50.json
30-04 14:10:56 +00:00: Updated local JSON file: data/songdb/PS4/SongDB.json with URL: https://jdmo-cdn.c0llydoll.com/private/songdb/jdmelody-ps4-all.a9a884e7b4932ee03c0051ea5776ab50.json
30-04 14:10:56 +00:00: Uploading file: jdmelody-pc-all.json as jdmelody-pc-all.936ad5e02722c760a638da0feb253624.json
30-04 14:10:58 +00:00: File uploaded: jdmelody-pc-all.936ad5e02722c760a638da0feb253624.json
30-04 14:10:58 +00:00: Updated local JSON file: data/songdb/PC/SongDB.json with URL: https://jdmo-cdn.c0llydoll.com/private/songdb/jdmelody-pc-all.936ad5e02722c760a638da0feb253624.json
30-04 14:10:58 +00:00: Uploading file: jdmelody-nx-patreon.json as jdmelody-nx-patreon.62d5b4096320a665c51e63de238c7147.json
30-04 14:11:00 +00:00: File uploaded: jdmelody-nx-patreon.62d5b4096320a665c51e63de238c7147.json
30-04 14:11:00 +00:00: Updated local JSON file: data/songdb/NX/SongDB_Patreon.json with URL: https://jdmo-cdn.c0llydoll.com/private/songdb/jdmelody-nx-patreon.62d5b4096320a665c51e63de238c7147.json
30-04 14:11:00 +00:00: Uploading file: jdmelody-ps4-patreon.json as jdmelody-ps4-patreon.b2dbc6ed7e38e6753628ecc72413c331.json
30-04 14:11:03 +00:00: File uploaded: jdmelody-ps4-patreon.b2dbc6ed7e38e6753628ecc72413c331.json
30-04 14:11:03 +00:00: Updated local JSON file: data/songdb/PS4/SongDB_Patreon.json with URL: https://jdmo-cdn.c0llydoll.com/private/songdb/jdmelody-ps4-patreon.b2dbc6ed7e38e6753628ecc72413c331.json
30-04 14:11:03 +00:00: Uploading file: jdmelody-pc-patreon.json as jdmelody-pc-patreon.c65d9a83483cbb181b92f2f4523e1115.json
30-04 14:11:04 +00:00: File uploaded: jdmelody-pc-patreon.c65d9a83483cbb181b92f2f4523e1115.json
30-04 14:11:04 +00:00: Updated local JSON file: data/songdb/PC/SongDB_Patreon.json with URL: https://jdmo-cdn.c0llydoll.com/private/songdb/jdmelody-pc-patreon.c65d9a83483cbb181b92f2f4523e1115.json
30-04 14:11:04 +00:00: Uploading file: jdmelody-nx-dev.json as jdmelody-nx-dev.d73769c50232059b2a11dc1160aa8ed8.json
30-04 14:11:04 +00:00: File uploaded: jdmelody-nx-dev.d73769c50232059b2a11dc1160aa8ed8.json
30-04 14:11:04 +00:00: Updated local JSON file: data/songdb/NX/SongDB_Dev.json with URL: https://jdmo-cdn.c0llydoll.com/private/songdb/jdmelody-nx-dev.d73769c50232059b2a11dc1160aa8ed8.json
30-04 14:11:04 +00:00: Uploading file: jdmelody-ps4-dev.json as jdmelody-ps4-dev.f9c05c91f792c69d3a8166a6b4a9637c.json
30-04 14:11:05 +00:00: File uploaded: jdmelody-ps4-dev.f9c05c91f792c69d3a8166a6b4a9637c.json
30-04 14:11:05 +00:00: Updated local JSON file: data/songdb/PS4/SongDB_Dev.json with URL: https://jdmo-cdn.c0llydoll.com/private/songdb/jdmelody-ps4-dev.f9c05c91f792c69d3a8166a6b4a9637c.json
30-04 14:11:05 +00:00: Uploading file: jdmelody-pc-dev.json as jdmelody-pc-dev.cfa8729daf18d3a12d3eaa9f1d45bcf0.json
30-04 14:11:05 +00:00: File uploaded: jdmelody-pc-dev.cfa8729daf18d3a12d3eaa9f1d45bcf0.json
30-04 14:11:05 +00:00: Updated local JSON file: data/songdb/PC/SongDB_Dev.json with URL: https://jdmo-cdn.c0llydoll.com/private/songdb/jdmelody-pc-dev.cfa8729daf18d3a12d3eaa9f1d45bcf0.json
30-04 14:11:08 +00:00: Uploading file: jdmelody-nx-all.json as jdmelody-nx-all.2bb1fd4be3677c53612043bb06a12895.json
30-04 14:11:08 +00:00: File uploaded: jdmelody-nx-all.2bb1fd4be3677c53612043bb06a12895.json
30-04 14:11:08 +00:00: Updated local JSON file: data/songdb/NX/SongDB.json with URL: https://jdmo-cdn.c0llydoll.com/private/songdb/jdmelody-nx-all.2bb1fd4be3677c53612043bb06a12895.json
30-04 14:11:08 +00:00: Uploading file: jdmelody-ps4-all.json as jdmelody-ps4-all.c2622d0cbddb9c121fa049c134ae5358.json
30-04 14:11:08 +00:00: File uploaded: jdmelody-ps4-all.c2622d0cbddb9c121fa049c134ae5358.json
30-04 14:11:08 +00:00: Updated local JSON file: data/songdb/PS4/SongDB.json with URL: https://jdmo-cdn.c0llydoll.com/private/songdb/jdmelody-ps4-all.c2622d0cbddb9c121fa049c134ae5358.json
30-04 14:11:08 +00:00: Uploading file: jdmelody-pc-all.json as jdmelody-pc-all.802c4d573bfd1d3760221d1ba114a4c0.json
30-04 14:11:09 +00:00: File uploaded: jdmelody-pc-all.802c4d573bfd1d3760221d1ba114a4c0.json
30-04 14:11:09 +00:00: Updated local JSON file: data/songdb/PC/SongDB.json with URL: https://jdmo-cdn.c0llydoll.com/private/songdb/jdmelody-pc-all.802c4d573bfd1d3760221d1ba114a4c0.json
30-04 14:11:09 +00:00: Uploading file: jdmelody-nx-patreon.json as jdmelody-nx-patreon.af5c6ac676caaa4e0ec447dbc6f3e779.json
30-04 14:11:10 +00:00: File uploaded: jdmelody-nx-patreon.af5c6ac676caaa4e0ec447dbc6f3e779.json
30-04 14:11:10 +00:00: Updated local JSON file: data/songdb/NX/SongDB_Patreon.json with URL: https://jdmo-cdn.c0llydoll.com/private/songdb/jdmelody-nx-patreon.af5c6ac676caaa4e0ec447dbc6f3e779.json
30-04 14:11:10 +00:00: Uploading file: jdmelody-ps4-patreon.json as jdmelody-ps4-patreon.0fdb06cc2ff3fd354a9505a14611f2fd.json
30-04 14:11:10 +00:00: File uploaded: jdmelody-ps4-patreon.0fdb06cc2ff3fd354a9505a14611f2fd.json
30-04 14:11:10 +00:00: Updated local JSON file: data/songdb/PS4/SongDB_Patreon.json with URL: https://jdmo-cdn.c0llydoll.com/private/songdb/jdmelody-ps4-patreon.0fdb06cc2ff3fd354a9505a14611f2fd.json
30-04 14:11:10 +00:00: Uploading file: jdmelody-pc-patreon.json as jdmelody-pc-patreon.ef56c1f173383c2b8150e53ca4f62c06.json
30-04 14:11:11 +00:00: File uploaded: jdmelody-pc-patreon.ef56c1f173383c2b8150e53ca4f62c06.json
30-04 14:11:11 +00:00: Updated local JSON file: data/songdb/PC/SongDB_Patreon.json with URL: https://jdmo-cdn.c0llydoll.com/private/songdb/jdmelody-pc-patreon.ef56c1f173383c2b8150e53ca4f62c06.json
30-04 14:11:11 +00:00: Uploading file: jdmelody-nx-dev.json as jdmelody-nx-dev.13bb03fc845fb776704bada32040bf5b.json
30-04 14:11:11 +00:00: File uploaded: jdmelody-nx-dev.13bb03fc845fb776704bada32040bf5b.json
30-04 14:11:11 +00:00: Updated local JSON file: data/songdb/NX/SongDB_Dev.json with URL: https://jdmo-cdn.c0llydoll.com/private/songdb/jdmelody-nx-dev.13bb03fc845fb776704bada32040bf5b.json
30-04 14:11:11 +00:00: Uploading file: jdmelody-ps4-dev.json as jdmelody-ps4-dev.18ed01eb6065c05326a75d09a5b74f46.json
30-04 14:11:11 +00:00: File uploaded: jdmelody-ps4-dev.18ed01eb6065c05326a75d09a5b74f46.json
30-04 14:11:11 +00:00: Updated local JSON file: data/songdb/PS4/SongDB_Dev.json with URL: https://jdmo-cdn.c0llydoll.com/private/songdb/jdmelody-ps4-dev.18ed01eb6065c05326a75d09a5b74f46.json
30-04 14:11:11 +00:00: Uploading file: jdmelody-pc-dev.json as jdmelody-pc-dev.4934c074f2a0032286c89963f5134dda.json
30-04 14:11:12 +00:00: File uploaded: jdmelody-pc-dev.4934c074f2a0032286c89963f5134dda.json
30-04 14:11:12 +00:00: Updated local JSON file: data/songdb/PC/SongDB_Dev.json with URL: https://jdmo-cdn.c0llydoll.com/private/songdb/jdmelody-pc-dev.4934c074f2a0032286c89963f5134dda.json
30-04 14:11:14 +00:00: Uploading file: jdmelody-nx-all.json as jdmelody-nx-all.9f9b247372120ceb0286053f92ff8264.json
30-04 14:11:15 +00:00: File uploaded: jdmelody-nx-all.9f9b247372120ceb0286053f92ff8264.json
30-04 14:11:15 +00:00: Updated local JSON file: data/songdb/NX/SongDB.json with URL: https://jdmo-cdn.c0llydoll.com/private/songdb/jdmelody-nx-all.9f9b247372120ceb0286053f92ff8264.json
30-04 14:11:15 +00:00: Uploading file: jdmelody-ps4-all.json as jdmelody-ps4-all.c113bb15329b0669c75e176521577078.json
30-04 14:11:16 +00:00: File uploaded: jdmelody-ps4-all.c113bb15329b0669c75e176521577078.json
30-04 14:11:16 +00:00: Updated local JSON file: data/songdb/PS4/SongDB.json with URL: https://jdmo-cdn.c0llydoll.com/private/songdb/jdmelody-ps4-all.c113bb15329b0669c75e176521577078.json
30-04 14:11:16 +00:00: Uploading file: jdmelody-pc-all.json as jdmelody-pc-all.6d31d565a61d1e239dd9dae5fb1fc379.json
30-04 14:11:16 +00:00: File uploaded: jdmelody-pc-all.6d31d565a61d1e239dd9dae5fb1fc379.json
30-04 14:11:16 +00:00: Updated local JSON file: data/songdb/PC/SongDB.json with URL: https://jdmo-cdn.c0llydoll.com/private/songdb/jdmelody-pc-all.6d31d565a61d1e239dd9dae5fb1fc379.json
30-04 14:11:16 +00:00: Uploading file: jdmelody-nx-patreon.json as jdmelody-nx-patreon.383ce26ac6ba238ebd10d25ceaa44c56.json
30-04 14:11:18 +00:00: File uploaded: jdmelody-nx-patreon.383ce26ac6ba238ebd10d25ceaa44c56.json
30-04 14:11:18 +00:00: Updated local JSON file: data/songdb/NX/SongDB_Patreon.json with URL: https://jdmo-cdn.c0llydoll.com/private/songdb/jdmelody-nx-patreon.383ce26ac6ba238ebd10d25ceaa44c56.json
30-04 14:11:18 +00:00: Uploading file: jdmelody-ps4-patreon.json as jdmelody-ps4-patreon.0a6ab6716df2e90c63aeb38b4cd176e0.json
30-04 14:11:18 +00:00: File uploaded: jdmelody-ps4-patreon.0a6ab6716df2e90c63aeb38b4cd176e0.json
30-04 14:11:18 +00:00: Updated local JSON file: data/songdb/PS4/SongDB_Patreon.json with URL: https://jdmo-cdn.c0llydoll.com/private/songdb/jdmelody-ps4-patreon.0a6ab6716df2e90c63aeb38b4cd176e0.json
30-04 14:11:18 +00:00: Uploading file: jdmelody-pc-patreon.json as jdmelody-pc-patreon.2623a79e8b9acd5c723c4e043a378f77.json
30-04 14:11:19 +00:00: File uploaded: jdmelody-pc-patreon.2623a79e8b9acd5c723c4e043a378f77.json
30-04 14:11:19 +00:00: Updated local JSON file: data/songdb/PC/SongDB_Patreon.json with URL: https://jdmo-cdn.c0llydoll.com/private/songdb/jdmelody-pc-patreon.2623a79e8b9acd5c723c4e043a378f77.json
30-04 14:11:19 +00:00: Uploading file: jdmelody-nx-dev.json as jdmelody-nx-dev.ccc6d6b51f690e46af7df15e1da44153.json
30-04 14:11:20 +00:00: File uploaded: jdmelody-nx-dev.ccc6d6b51f690e46af7df15e1da44153.json
30-04 14:11:20 +00:00: Updated local JSON file: data/songdb/NX/SongDB_Dev.json with URL: https://jdmo-cdn.c0llydoll.com/private/songdb/jdmelody-nx-dev.ccc6d6b51f690e46af7df15e1da44153.json
30-04 14:11:20 +00:00: Uploading file: jdmelody-ps4-dev.json as jdmelody-ps4-dev.a839ebcf7067a7912b3dcecef98c2f5f.json
30-04 14:11:20 +00:00: File uploaded: jdmelody-ps4-dev.a839ebcf7067a7912b3dcecef98c2f5f.json
30-04 14:11:20 +00:00: Updated local JSON file: data/songdb/PS4/SongDB_Dev.json with URL: https://jdmo-cdn.c0llydoll.com/private/songdb/jdmelody-ps4-dev.a839ebcf7067a7912b3dcecef98c2f5f.json
30-04 14:11:20 +00:00: Uploading file: jdmelody-pc-dev.json as jdmelody-pc-dev.7bf41f3773bf6b90441837689d3de672.json
30-04 14:11:20 +00:00: File uploaded: jdmelody-pc-dev.7bf41f3773bf6b90441837689d3de672.json
30-04 14:11:20 +00:00: Updated local JSON file: data/songdb/PC/SongDB_Dev.json with URL: https://jdmo-cdn.c0llydoll.com/private/songdb/jdmelody-pc-dev.7bf41f3773bf6b90441837689d3de672.json
30-04 14:11:22 +00:00: Uploading file: jdmelody-nx-all.json as jdmelody-nx-all.108a13fc7cd7149b24faea8d9682cebe.json
30-04 14:11:23 +00:00: File uploaded: jdmelody-nx-all.108a13fc7cd7149b24faea8d9682cebe.json
30-04 14:11:23 +00:00: Updated local JSON file: data/songdb/NX/SongDB.json with URL: https://jdmo-cdn.c0llydoll.com/private/songdb/jdmelody-nx-all.108a13fc7cd7149b24faea8d9682cebe.json
30-04 14:11:23 +00:00: Uploading file: jdmelody-ps4-all.json as jdmelody-ps4-all.5839cf692562c4b29ab2e50434b27739.json
30-04 14:11:24 +00:00: File uploaded: jdmelody-ps4-all.5839cf692562c4b29ab2e50434b27739.json
30-04 14:11:24 +00:00: Updated local JSON file: data/songdb/PS4/SongDB.json with URL: https://jdmo-cdn.c0llydoll.com/private/songdb/jdmelody-ps4-all.5839cf692562c4b29ab2e50434b27739.json
30-04 14:11:24 +00:00: Uploading file: jdmelody-pc-all.json as jdmelody-pc-all.7f0ecd1812ecb7fe21801ab3ccad22c4.json
30-04 14:11:24 +00:00: File uploaded: jdmelody-pc-all.7f0ecd1812ecb7fe21801ab3ccad22c4.json
30-04 14:11:24 +00:00: Updated local JSON file: data/songdb/PC/SongDB.json with URL: https://jdmo-cdn.c0llydoll.com/private/songdb/jdmelody-pc-all.7f0ecd1812ecb7fe21801ab3ccad22c4.json
30-04 14:11:24 +00:00: Uploading file: jdmelody-nx-patreon.json as jdmelody-nx-patreon.4bb99bb5190e92ffb6eb3c6c508355af.json
30-04 14:11:24 +00:00: File uploaded: jdmelody-nx-patreon.4bb99bb5190e92ffb6eb3c6c508355af.json
30-04 14:11:24 +00:00: Updated local JSON file: data/songdb/NX/SongDB_Patreon.json with URL: https://jdmo-cdn.c0llydoll.com/private/songdb/jdmelody-nx-patreon.4bb99bb5190e92ffb6eb3c6c508355af.json
30-04 14:11:24 +00:00: Uploading file: jdmelody-ps4-patreon.json as jdmelody-ps4-patreon.56d2e055fbad82514e017f6af8390121.json
30-04 14:11:24 +00:00: File uploaded: jdmelody-ps4-patreon.56d2e055fbad82514e017f6af8390121.json
30-04 14:11:24 +00:00: Updated local JSON file: data/songdb/PS4/SongDB_Patreon.json with URL: https://jdmo-cdn.c0llydoll.com/private/songdb/jdmelody-ps4-patreon.56d2e055fbad82514e017f6af8390121.json
30-04 14:11:24 +00:00: Uploading file: jdmelody-pc-patreon.json as jdmelody-pc-patreon.e378f5c1ad8163359014719ac36b0bdc.json
30-04 14:11:24 +00:00: File uploaded: jdmelody-pc-patreon.e378f5c1ad8163359014719ac36b0bdc.json
30-04 14:11:24 +00:00: Updated local JSON file: data/songdb/PC/SongDB_Patreon.json with URL: https://jdmo-cdn.c0llydoll.com/private/songdb/jdmelody-pc-patreon.e378f5c1ad8163359014719ac36b0bdc.json
30-04 14:11:24 +00:00: Uploading file: jdmelody-nx-dev.json as jdmelody-nx-dev.579215b45341557890e80b1a5deee523.json
30-04 14:11:25 +00:00: File uploaded: jdmelody-nx-dev.579215b45341557890e80b1a5deee523.json
30-04 14:11:25 +00:00: Updated local JSON file: data/songdb/NX/SongDB_Dev.json with URL: https://jdmo-cdn.c0llydoll.com/private/songdb/jdmelody-nx-dev.579215b45341557890e80b1a5deee523.json
30-04 14:11:25 +00:00: Uploading file: jdmelody-ps4-dev.json as jdmelody-ps4-dev.f4c6d3b0699ed80883fc87fe8d9eef84.json
30-04 14:11:25 +00:00: File uploaded: jdmelody-ps4-dev.f4c6d3b0699ed80883fc87fe8d9eef84.json
30-04 14:11:25 +00:00: Updated local JSON file: data/songdb/PS4/SongDB_Dev.json with URL: https://jdmo-cdn.c0llydoll.com/private/songdb/jdmelody-ps4-dev.f4c6d3b0699ed80883fc87fe8d9eef84.json
30-04 14:11:25 +00:00: Uploading file: jdmelody-pc-dev.json as jdmelody-pc-dev.88db080ec9c05684619c9fdf91c281d0.json
30-04 14:11:25 +00:00: File uploaded: jdmelody-pc-dev.88db080ec9c05684619c9fdf91c281d0.json
30-04 14:11:25 +00:00: Updated local JSON file: data/songdb/PC/SongDB_Dev.json with URL: https://jdmo-cdn.c0llydoll.com/private/songdb/jdmelody-pc-dev.88db080ec9c05684619c9fdf91c281d0.json
30-04 14:11:28 +00:00: Uploading file: jdmelody-nx-all.json as jdmelody-nx-all.108a13fc7cd7149b24faea8d9682cebe.json
30-04 14:11:29 +00:00: File uploaded: jdmelody-nx-all.108a13fc7cd7149b24faea8d9682cebe.json
30-04 14:11:29 +00:00: Updated local JSON file: data/songdb/NX/SongDB.json with URL: https://jdmo-cdn.c0llydoll.com/private/songdb/jdmelody-nx-all.108a13fc7cd7149b24faea8d9682cebe.json
30-04 14:11:29 +00:00: Uploading file: jdmelody-ps4-all.json as jdmelody-ps4-all.5839cf692562c4b29ab2e50434b27739.json
30-04 14:11:30 +00:00: File uploaded: jdmelody-ps4-all.5839cf692562c4b29ab2e50434b27739.json
30-04 14:11:30 +00:00: Updated local JSON file: data/songdb/PS4/SongDB.json with URL: https://jdmo-cdn.c0llydoll.com/private/songdb/jdmelody-ps4-all.5839cf692562c4b29ab2e50434b27739.json
30-04 14:11:30 +00:00: Uploading file: jdmelody-pc-all.json as jdmelody-pc-all.7f0ecd1812ecb7fe21801ab3ccad22c4.json
30-04 14:11:30 +00:00: File uploaded: jdmelody-pc-all.7f0ecd1812ecb7fe21801ab3ccad22c4.json
30-04 14:11:30 +00:00: Updated local JSON file: data/songdb/PC/SongDB.json with URL: https://jdmo-cdn.c0llydoll.com/private/songdb/jdmelody-pc-all.7f0ecd1812ecb7fe21801ab3ccad22c4.json
30-04 14:11:30 +00:00: Uploading file: jdmelody-nx-patreon.json as jdmelody-nx-patreon.4bb99bb5190e92ffb6eb3c6c508355af.json
30-04 14:11:31 +00:00: File uploaded: jdmelody-nx-patreon.4bb99bb5190e92ffb6eb3c6c508355af.json
30-04 14:11:31 +00:00: Updated local JSON file: data/songdb/NX/SongDB_Patreon.json with URL: https://jdmo-cdn.c0llydoll.com/private/songdb/jdmelody-nx-patreon.4bb99bb5190e92ffb6eb3c6c508355af.json
30-04 14:11:31 +00:00: Uploading file: jdmelody-ps4-patreon.json as jdmelody-ps4-patreon.56d2e055fbad82514e017f6af8390121.json
30-04 14:11:31 +00:00: File uploaded: jdmelody-ps4-patreon.56d2e055fbad82514e017f6af8390121.json
30-04 14:11:31 +00:00: Updated local JSON file: data/songdb/PS4/SongDB_Patreon.json with URL: https://jdmo-cdn.c0llydoll.com/private/songdb/jdmelody-ps4-patreon.56d2e055fbad82514e017f6af8390121.json
30-04 14:11:31 +00:00: Uploading file: jdmelody-pc-patreon.json as jdmelody-pc-patreon.e378f5c1ad8163359014719ac36b0bdc.json
30-04 14:11:31 +00:00: File uploaded: jdmelody-pc-patreon.e378f5c1ad8163359014719ac36b0bdc.json
30-04 14:11:31 +00:00: Updated local JSON file: data/songdb/PC/SongDB_Patreon.json with URL: https://jdmo-cdn.c0llydoll.com/private/songdb/jdmelody-pc-patreon.e378f5c1ad8163359014719ac36b0bdc.json
30-04 14:11:32 +00:00: Uploading file: jdmelody-nx-dev.json as jdmelody-nx-dev.579215b45341557890e80b1a5deee523.json
30-04 14:11:32 +00:00: File uploaded: jdmelody-nx-dev.579215b45341557890e80b1a5deee523.json
30-04 14:11:32 +00:00: Updated local JSON file: data/songdb/NX/SongDB_Dev.json with URL: https://jdmo-cdn.c0llydoll.com/private/songdb/jdmelody-nx-dev.579215b45341557890e80b1a5deee523.json
30-04 14:11:32 +00:00: Uploading file: jdmelody-ps4-dev.json as jdmelody-ps4-dev.f4c6d3b0699ed80883fc87fe8d9eef84.json
30-04 14:11:32 +00:00: File uploaded: jdmelody-ps4-dev.f4c6d3b0699ed80883fc87fe8d9eef84.json
30-04 14:11:32 +00:00: Updated local JSON file: data/songdb/PS4/SongDB_Dev.json with URL: https://jdmo-cdn.c0llydoll.com/private/songdb/jdmelody-ps4-dev.f4c6d3b0699ed80883fc87fe8d9eef84.json
30-04 14:11:32 +00:00: Uploading file: jdmelody-pc-dev.json as jdmelody-pc-dev.88db080ec9c05684619c9fdf91c281d0.json
30-04 14:11:33 +00:00: File uploaded: jdmelody-pc-dev.88db080ec9c05684619c9fdf91c281d0.json
30-04 14:11:33 +00:00: Updated local JSON file: data/songdb/PC/SongDB_Dev.json with URL: https://jdmo-cdn.c0llydoll.com/private/songdb/jdmelody-pc-dev.88db080ec9c05684619c9fdf91c281d0.json
30-04 14:11:35 +00:00: Uploading file: jdmelody-nx-all.json as jdmelody-nx-all.12831c12059d85ad50ccbf54753e6217.json
30-04 14:11:35 +00:00: File uploaded: jdmelody-nx-all.12831c12059d85ad50ccbf54753e6217.json
30-04 14:11:35 +00:00: Updated local JSON file: data/songdb/NX/SongDB.json with URL: https://jdmo-cdn.c0llydoll.com/private/songdb/jdmelody-nx-all.12831c12059d85ad50ccbf54753e6217.json
30-04 14:11:35 +00:00: Uploading file: jdmelody-ps4-all.json as jdmelody-ps4-all.2e827fe3d4d9e7fd5b2a4ddb208a41b9.json
30-04 14:11:36 +00:00: File uploaded: jdmelody-ps4-all.2e827fe3d4d9e7fd5b2a4ddb208a41b9.json
30-04 14:11:36 +00:00: Updated local JSON file: data/songdb/PS4/SongDB.json with URL: https://jdmo-cdn.c0llydoll.com/private/songdb/jdmelody-ps4-all.2e827fe3d4d9e7fd5b2a4ddb208a41b9.json
30-04 14:11:36 +00:00: Uploading file: jdmelody-pc-all.json as jdmelody-pc-all.91f2368f00d97b7c76074a5748812316.json
30-04 14:11:36 +00:00: File uploaded: jdmelody-pc-all.91f2368f00d97b7c76074a5748812316.json
30-04 14:11:36 +00:00: Updated local JSON file: data/songdb/PC/SongDB.json with URL: https://jdmo-cdn.c0llydoll.com/private/songdb/jdmelody-pc-all.91f2368f00d97b7c76074a5748812316.json
30-04 14:11:36 +00:00: Uploading file: jdmelody-nx-patreon.json as jdmelody-nx-patreon.18b42ea7daf48b3fcf1c7b26528b1576.json
30-04 14:11:36 +00:00: File uploaded: jdmelody-nx-patreon.18b42ea7daf48b3fcf1c7b26528b1576.json
30-04 14:11:36 +00:00: Updated local JSON file: data/songdb/NX/SongDB_Patreon.json with URL: https://jdmo-cdn.c0llydoll.com/private/songdb/jdmelody-nx-patreon.18b42ea7daf48b3fcf1c7b26528b1576.json
30-04 14:11:36 +00:00: Uploading file: jdmelody-ps4-patreon.json as jdmelody-ps4-patreon.2ce6a787a8330ccf8015279d1c7d87c0.json
30-04 14:11:37 +00:00: File uploaded: jdmelody-ps4-patreon.2ce6a787a8330ccf8015279d1c7d87c0.json
30-04 14:11:37 +00:00: Updated local JSON file: data/songdb/PS4/SongDB_Patreon.json with URL: https://jdmo-cdn.c0llydoll.com/private/songdb/jdmelody-ps4-patreon.2ce6a787a8330ccf8015279d1c7d87c0.json
30-04 14:11:37 +00:00: Uploading file: jdmelody-pc-patreon.json as jdmelody-pc-patreon.eb26aadee3fddaa9e2f723ba4fcbc745.json
30-04 14:11:37 +00:00: File uploaded: jdmelody-pc-patreon.eb26aadee3fddaa9e2f723ba4fcbc745.json
30-04 14:11:37 +00:00: Updated local JSON file: data/songdb/PC/SongDB_Patreon.json with URL: https://jdmo-cdn.c0llydoll.com/private/songdb/jdmelody-pc-patreon.eb26aadee3fddaa9e2f723ba4fcbc745.json
30-04 14:11:37 +00:00: Uploading file: jdmelody-nx-dev.json as jdmelody-nx-dev.d8a9bf058813b1722d123b7e092a8fe6.json
30-04 14:11:38 +00:00: File uploaded: jdmelody-nx-dev.d8a9bf058813b1722d123b7e092a8fe6.json
30-04 14:11:38 +00:00: Updated local JSON file: data/songdb/NX/SongDB_Dev.json with URL: https://jdmo-cdn.c0llydoll.com/private/songdb/jdmelody-nx-dev.d8a9bf058813b1722d123b7e092a8fe6.json
30-04 14:11:38 +00:00: Uploading file: jdmelody-ps4-dev.json as jdmelody-ps4-dev.df0c37643b0dac6e75874f3791ec8af3.json
30-04 14:11:39 +00:00: File uploaded: jdmelody-ps4-dev.df0c37643b0dac6e75874f3791ec8af3.json
30-04 14:11:39 +00:00: Updated local JSON file: data/songdb/PS4/SongDB_Dev.json with URL: https://jdmo-cdn.c0llydoll.com/private/songdb/jdmelody-ps4-dev.df0c37643b0dac6e75874f3791ec8af3.json
30-04 14:11:39 +00:00: Uploading file: jdmelody-pc-dev.json as jdmelody-pc-dev.368bda7acdc921e2823057be7335a5ad.json
30-04 14:11:40 +00:00: File uploaded: jdmelody-pc-dev.368bda7acdc921e2823057be7335a5ad.json
30-04 14:11:40 +00:00: Updated local JSON file: data/songdb/PC/SongDB_Dev.json with URL: https://jdmo-cdn.c0llydoll.com/private/songdb/jdmelody-pc-dev.368bda7acdc921e2823057be7335a5ad.json
30-04 14:11:43 +00:00: Uploading file: jdmelody-nx-all.json as jdmelody-nx-all.c5047116437b9c8d2669c878ac2c019c.json
30-04 14:11:43 +00:00: File uploaded: jdmelody-nx-all.c5047116437b9c8d2669c878ac2c019c.json
30-04 14:11:43 +00:00: Updated local JSON file: data/songdb/NX/SongDB.json with URL: https://jdmo-cdn.c0llydoll.com/private/songdb/jdmelody-nx-all.c5047116437b9c8d2669c878ac2c019c.json
30-04 14:11:43 +00:00: Uploading file: jdmelody-ps4-all.json as jdmelody-ps4-all.d49b6d0d17cfae4b378a6b18d1e3ba1e.json
30-04 14:11:45 +00:00: File uploaded: jdmelody-ps4-all.d49b6d0d17cfae4b378a6b18d1e3ba1e.json
30-04 14:11:45 +00:00: Updated local JSON file: data/songdb/PS4/SongDB.json with URL: https://jdmo-cdn.c0llydoll.com/private/songdb/jdmelody-ps4-all.d49b6d0d17cfae4b378a6b18d1e3ba1e.json
30-04 14:11:45 +00:00: Uploading file: jdmelody-pc-all.json as jdmelody-pc-all.5e6c73d96cda9d05d739e42026a9b154.json
30-04 14:11:45 +00:00: File uploaded: jdmelody-pc-all.5e6c73d96cda9d05d739e42026a9b154.json
30-04 14:11:45 +00:00: Updated local JSON file: data/songdb/PC/SongDB.json with URL: https://jdmo-cdn.c0llydoll.com/private/songdb/jdmelody-pc-all.5e6c73d96cda9d05d739e42026a9b154.json
30-04 14:11:45 +00:00: Uploading file: jdmelody-nx-patreon.json as jdmelody-nx-patreon.67acbb4342ec3ea3391dbe428dd8b2c5.json
30-04 14:11:46 +00:00: File uploaded: jdmelody-nx-patreon.67acbb4342ec3ea3391dbe428dd8b2c5.json
30-04 14:11:46 +00:00: Updated local JSON file: data/songdb/NX/SongDB_Patreon.json with URL: https://jdmo-cdn.c0llydoll.com/private/songdb/jdmelody-nx-patreon.67acbb4342ec3ea3391dbe428dd8b2c5.json
30-04 14:11:46 +00:00: Uploading file: jdmelody-ps4-patreon.json as jdmelody-ps4-patreon.97bd63ea7790bcf816b335caf0b178c1.json
30-04 14:11:46 +00:00: File uploaded: jdmelody-ps4-patreon.97bd63ea7790bcf816b335caf0b178c1.json
30-04 14:11:46 +00:00: Updated local JSON file: data/songdb/PS4/SongDB_Patreon.json with URL: https://jdmo-cdn.c0llydoll.com/private/songdb/jdmelody-ps4-patreon.97bd63ea7790bcf816b335caf0b178c1.json
30-04 14:11:46 +00:00: Uploading file: jdmelody-pc-patreon.json as jdmelody-pc-patreon.cb78065a5083209e8d217950d3540ac6.json
30-04 14:11:47 +00:00: File uploaded: jdmelody-pc-patreon.cb78065a5083209e8d217950d3540ac6.json
30-04 14:11:47 +00:00: Updated local JSON file: data/songdb/PC/SongDB_Patreon.json with URL: https://jdmo-cdn.c0llydoll.com/private/songdb/jdmelody-pc-patreon.cb78065a5083209e8d217950d3540ac6.json
30-04 14:11:47 +00:00: Uploading file: jdmelody-nx-dev.json as jdmelody-nx-dev.1a7207d5fa8f6753065a76c712cfe04f.json
30-04 14:11:47 +00:00: File uploaded: jdmelody-nx-dev.1a7207d5fa8f6753065a76c712cfe04f.json
30-04 14:11:47 +00:00: Updated local JSON file: data/songdb/NX/SongDB_Dev.json with URL: https://jdmo-cdn.c0llydoll.com/private/songdb/jdmelody-nx-dev.1a7207d5fa8f6753065a76c712cfe04f.json
30-04 14:11:47 +00:00: Uploading file: jdmelody-ps4-dev.json as jdmelody-ps4-dev.7720e850b171933f938449603ee8cfaf.json
30-04 14:11:48 +00:00: File uploaded: jdmelody-ps4-dev.7720e850b171933f938449603ee8cfaf.json
30-04 14:11:48 +00:00: Updated local JSON file: data/songdb/PS4/SongDB_Dev.json with URL: https://jdmo-cdn.c0llydoll.com/private/songdb/jdmelody-ps4-dev.7720e850b171933f938449603ee8cfaf.json
30-04 14:11:48 +00:00: Uploading file: jdmelody-pc-dev.json as jdmelody-pc-dev.234be175a6030a907f760d6c201622ef.json
30-04 14:11:48 +00:00: File uploaded: jdmelody-pc-dev.234be175a6030a907f760d6c201622ef.json
30-04 14:11:48 +00:00: Updated local JSON file: data/songdb/PC/SongDB_Dev.json with URL: https://jdmo-cdn.c0llydoll.com/private/songdb/jdmelody-pc-dev.234be175a6030a907f760d6c201622ef.json
30-04 14:11:50 +00:00: Uploading file: jdmelody-nx-all.json as jdmelody-nx-all.d2a03801956d561b810202a1b3f3b4d4.json
30-04 14:11:51 +00:00: File uploaded: jdmelody-nx-all.d2a03801956d561b810202a1b3f3b4d4.json
30-04 14:11:51 +00:00: Updated local JSON file: data/songdb/NX/SongDB.json with URL: https://jdmo-cdn.c0llydoll.com/private/songdb/jdmelody-nx-all.d2a03801956d561b810202a1b3f3b4d4.json
30-04 14:11:51 +00:00: Uploading file: jdmelody-ps4-all.json as jdmelody-ps4-all.42e4c1e130cc52f9a86f0b7a0cd36c31.json
30-04 14:11:51 +00:00: File uploaded: jdmelody-ps4-all.42e4c1e130cc52f9a86f0b7a0cd36c31.json
30-04 14:11:51 +00:00: Updated local JSON file: data/songdb/PS4/SongDB.json with URL: https://jdmo-cdn.c0llydoll.com/private/songdb/jdmelody-ps4-all.42e4c1e130cc52f9a86f0b7a0cd36c31.json
30-04 14:11:52 +00:00: Uploading file: jdmelody-pc-all.json as jdmelody-pc-all.7c71fe9fcb01428ae414ce0fd05ef962.json
30-04 14:11:52 +00:00: File uploaded: jdmelody-pc-all.7c71fe9fcb01428ae414ce0fd05ef962.json
30-04 14:11:52 +00:00: Updated local JSON file: data/songdb/PC/SongDB.json with URL: https://jdmo-cdn.c0llydoll.com/private/songdb/jdmelody-pc-all.7c71fe9fcb01428ae414ce0fd05ef962.json
30-04 14:11:52 +00:00: Uploading file: jdmelody-nx-patreon.json as jdmelody-nx-patreon.d7cd9e9ab9cff1c277ee3482a9421bbc.json
30-04 14:11:52 +00:00: File uploaded: jdmelody-nx-patreon.d7cd9e9ab9cff1c277ee3482a9421bbc.json
30-04 14:11:52 +00:00: Updated local JSON file: data/songdb/NX/SongDB_Patreon.json with URL: https://jdmo-cdn.c0llydoll.com/private/songdb/jdmelody-nx-patreon.d7cd9e9ab9cff1c277ee3482a9421bbc.json
30-04 14:11:52 +00:00: Uploading file: jdmelody-ps4-patreon.json as jdmelody-ps4-patreon.2451875d6b9e4cbc237d8e2abc0664cd.json
30-04 14:11:53 +00:00: File uploaded: jdmelody-ps4-patreon.2451875d6b9e4cbc237d8e2abc0664cd.json
30-04 14:11:53 +00:00: Updated local JSON file: data/songdb/PS4/SongDB_Patreon.json with URL: https://jdmo-cdn.c0llydoll.com/private/songdb/jdmelody-ps4-patreon.2451875d6b9e4cbc237d8e2abc0664cd.json
30-04 14:11:53 +00:00: Uploading file: jdmelody-pc-patreon.json as jdmelody-pc-patreon.e3c30f9ce1757d699c9f7d9a7d93f10d.json
30-04 14:11:53 +00:00: File uploaded: jdmelody-pc-patreon.e3c30f9ce1757d699c9f7d9a7d93f10d.json
30-04 14:11:53 +00:00: Updated local JSON file: data/songdb/PC/SongDB_Patreon.json with URL: https://jdmo-cdn.c0llydoll.com/private/songdb/jdmelody-pc-patreon.e3c30f9ce1757d699c9f7d9a7d93f10d.json
30-04 14:11:53 +00:00: Uploading file: jdmelody-nx-dev.json as jdmelody-nx-dev.c3e3f41376c9f44e0928e3e7e25d1f17.json
30-04 14:11:53 +00:00: File uploaded: jdmelody-nx-dev.c3e3f41376c9f44e0928e3e7e25d1f17.json
30-04 14:11:53 +00:00: Updated local JSON file: data/songdb/NX/SongDB_Dev.json with URL: https://jdmo-cdn.c0llydoll.com/private/songdb/jdmelody-nx-dev.c3e3f41376c9f44e0928e3e7e25d1f17.json
30-04 14:11:53 +00:00: Uploading file: jdmelody-ps4-dev.json as jdmelody-ps4-dev.6bd705cc38d3eb023ba7ec350990dddd.json
30-04 14:11:53 +00:00: File uploaded: jdmelody-ps4-dev.6bd705cc38d3eb023ba7ec350990dddd.json
30-04 14:11:53 +00:00: Updated local JSON file: data/songdb/PS4/SongDB_Dev.json with URL: https://jdmo-cdn.c0llydoll.com/private/songdb/jdmelody-ps4-dev.6bd705cc38d3eb023ba7ec350990dddd.json
30-04 14:11:53 +00:00: Uploading file: jdmelody-pc-dev.json as jdmelody-pc-dev.4191eb8088ddca6b1ec12755ef771160.json
30-04 14:11:55 +00:00: File uploaded: jdmelody-pc-dev.4191eb8088ddca6b1ec12755ef771160.json
30-04 14:11:55 +00:00: Updated local JSON file: data/songdb/PC/SongDB_Dev.json with URL: https://jdmo-cdn.c0llydoll.com/private/songdb/jdmelody-pc-dev.4191eb8088ddca6b1ec12755ef771160.json
30-04 14:11:58 +00:00: Uploading file: jdmelody-nx-all.json as jdmelody-nx-all.a90058c6d077f25adcd938467b04dad0.json
30-04 14:11:59 +00:00: File uploaded: jdmelody-nx-all.a90058c6d077f25adcd938467b04dad0.json
30-04 14:11:59 +00:00: Updated local JSON file: data/songdb/NX/SongDB.json with URL: https://jdmo-cdn.c0llydoll.com/private/songdb/jdmelody-nx-all.a90058c6d077f25adcd938467b04dad0.json
30-04 14:11:59 +00:00: Uploading file: jdmelody-ps4-all.json as jdmelody-ps4-all.c6b0446cd450f846397c398e948a4c59.json
30-04 14:11:59 +00:00: File uploaded: jdmelody-ps4-all.c6b0446cd450f846397c398e948a4c59.json
30-04 14:11:59 +00:00: Updated local JSON file: data/songdb/PS4/SongDB.json with URL: https://jdmo-cdn.c0llydoll.com/private/songdb/jdmelody-ps4-all.c6b0446cd450f846397c398e948a4c59.json
30-04 14:11:59 +00:00: Uploading file: jdmelody-pc-all.json as jdmelody-pc-all.d466c10fc7a650305d5b5f0f0d674494.json
30-04 14:12:00 +00:00: File uploaded: jdmelody-pc-all.d466c10fc7a650305d5b5f0f0d674494.json
30-04 14:12:00 +00:00: Updated local JSON file: data/songdb/PC/SongDB.json with URL: https://jdmo-cdn.c0llydoll.com/private/songdb/jdmelody-pc-all.d466c10fc7a650305d5b5f0f0d674494.json
30-04 14:12:00 +00:00: Uploading file: jdmelody-nx-patreon.json as jdmelody-nx-patreon.ecfb7ff814d3a0458a7e21a97b576a38.json
30-04 14:12:01 +00:00: File uploaded: jdmelody-nx-patreon.ecfb7ff814d3a0458a7e21a97b576a38.json
30-04 14:12:01 +00:00: Updated local JSON file: data/songdb/NX/SongDB_Patreon.json with URL: https://jdmo-cdn.c0llydoll.com/private/songdb/jdmelody-nx-patreon.ecfb7ff814d3a0458a7e21a97b576a38.json
30-04 14:12:01 +00:00: Uploading file: jdmelody-ps4-patreon.json as jdmelody-ps4-patreon.d3698c3ba79ff36cadaf8dd91d47cc0d.json
30-04 14:12:01 +00:00: File uploaded: jdmelody-ps4-patreon.d3698c3ba79ff36cadaf8dd91d47cc0d.json
30-04 14:12:01 +00:00: Updated local JSON file: data/songdb/PS4/SongDB_Patreon.json with URL: https://jdmo-cdn.c0llydoll.com/private/songdb/jdmelody-ps4-patreon.d3698c3ba79ff36cadaf8dd91d47cc0d.json
30-04 14:12:02 +00:00: Uploading file: jdmelody-pc-patreon.json as jdmelody-pc-patreon.aca894120b4b40fe093c8214c25e10b2.json
30-04 14:12:02 +00:00: File uploaded: jdmelody-pc-patreon.aca894120b4b40fe093c8214c25e10b2.json
30-04 14:12:02 +00:00: Updated local JSON file: data/songdb/PC/SongDB_Patreon.json with URL: https://jdmo-cdn.c0llydoll.com/private/songdb/jdmelody-pc-patreon.aca894120b4b40fe093c8214c25e10b2.json
30-04 14:12:02 +00:00: Uploading file: jdmelody-nx-dev.json as jdmelody-nx-dev.65aad30c29dbe7eb41d380690946b8d2.json
30-04 14:12:03 +00:00: File uploaded: jdmelody-nx-dev.65aad30c29dbe7eb41d380690946b8d2.json
30-04 14:12:03 +00:00: Updated local JSON file: data/songdb/NX/SongDB_Dev.json with URL: https://jdmo-cdn.c0llydoll.com/private/songdb/jdmelody-nx-dev.65aad30c29dbe7eb41d380690946b8d2.json
30-04 14:12:03 +00:00: Uploading file: jdmelody-ps4-dev.json as jdmelody-ps4-dev.2b73bb89d32307dc5c8ac9192acf5268.json
30-04 14:12:04 +00:00: File uploaded: jdmelody-ps4-dev.2b73bb89d32307dc5c8ac9192acf5268.json
30-04 14:12:04 +00:00: Updated local JSON file: data/songdb/PS4/SongDB_Dev.json with URL: https://jdmo-cdn.c0llydoll.com/private/songdb/jdmelody-ps4-dev.2b73bb89d32307dc5c8ac9192acf5268.json
30-04 14:12:04 +00:00: Uploading file: jdmelody-pc-dev.json as jdmelody-pc-dev.aa08674966980c2b82259bfb72018a62.json
30-04 14:12:04 +00:00: File uploaded: jdmelody-pc-dev.aa08674966980c2b82259bfb72018a62.json
30-04 14:12:04 +00:00: Updated local JSON file: data/songdb/PC/SongDB_Dev.json with URL: https://jdmo-cdn.c0llydoll.com/private/songdb/jdmelody-pc-dev.aa08674966980c2b82259bfb72018a62.json
30-04 14:12:07 +00:00: Uploading file: jdmelody-nx-all.json as jdmelody-nx-all.036cd3e4bebeef43212998f489714241.json
30-04 14:12:07 +00:00: File uploaded: jdmelody-nx-all.036cd3e4bebeef43212998f489714241.json
30-04 14:12:07 +00:00: Updated local JSON file: data/songdb/NX/SongDB.json with URL: https://jdmo-cdn.c0llydoll.com/private/songdb/jdmelody-nx-all.036cd3e4bebeef43212998f489714241.json
30-04 14:12:07 +00:00: Uploading file: jdmelody-ps4-all.json as jdmelody-ps4-all.0e72dbb0f095c230461fcca1eb4e6ea8.json
30-04 14:12:07 +00:00: File uploaded: jdmelody-ps4-all.0e72dbb0f095c230461fcca1eb4e6ea8.json
30-04 14:12:07 +00:00: Updated local JSON file: data/songdb/PS4/SongDB.json with URL: https://jdmo-cdn.c0llydoll.com/private/songdb/jdmelody-ps4-all.0e72dbb0f095c230461fcca1eb4e6ea8.json
30-04 14:12:07 +00:00: Uploading file: jdmelody-pc-all.json as jdmelody-pc-all.cb66f3625fb9ce552ee46758716952fd.json
30-04 14:12:07 +00:00: File uploaded: jdmelody-pc-all.cb66f3625fb9ce552ee46758716952fd.json
30-04 14:12:07 +00:00: Updated local JSON file: data/songdb/PC/SongDB.json with URL: https://jdmo-cdn.c0llydoll.com/private/songdb/jdmelody-pc-all.cb66f3625fb9ce552ee46758716952fd.json
30-04 14:12:07 +00:00: Uploading file: jdmelody-nx-patreon.json as jdmelody-nx-patreon.4d1e27eff0305ebb9b0bee8ff631b98b.json
30-04 14:12:08 +00:00: File uploaded: jdmelody-nx-patreon.4d1e27eff0305ebb9b0bee8ff631b98b.json
30-04 14:12:08 +00:00: Updated local JSON file: data/songdb/NX/SongDB_Patreon.json with URL: https://jdmo-cdn.c0llydoll.com/private/songdb/jdmelody-nx-patreon.4d1e27eff0305ebb9b0bee8ff631b98b.json
30-04 14:12:08 +00:00: Uploading file: jdmelody-ps4-patreon.json as jdmelody-ps4-patreon.e6cdef6d9b7ad92e7ffd4a443526ecd4.json
30-04 14:12:09 +00:00: File uploaded: jdmelody-ps4-patreon.e6cdef6d9b7ad92e7ffd4a443526ecd4.json
30-04 14:12:09 +00:00: Updated local JSON file: data/songdb/PS4/SongDB_Patreon.json with URL: https://jdmo-cdn.c0llydoll.com/private/songdb/jdmelody-ps4-patreon.e6cdef6d9b7ad92e7ffd4a443526ecd4.json
30-04 14:12:09 +00:00: Uploading file: jdmelody-pc-patreon.json as jdmelody-pc-patreon.aa8ca339820d9e4e3533892de387166f.json
30-04 14:12:09 +00:00: File uploaded: jdmelody-pc-patreon.aa8ca339820d9e4e3533892de387166f.json
30-04 14:12:09 +00:00: Updated local JSON file: data/songdb/PC/SongDB_Patreon.json with URL: https://jdmo-cdn.c0llydoll.com/private/songdb/jdmelody-pc-patreon.aa8ca339820d9e4e3533892de387166f.json
30-04 14:12:09 +00:00: Uploading file: jdmelody-nx-dev.json as jdmelody-nx-dev.65aad30c29dbe7eb41d380690946b8d2.json
30-04 14:12:10 +00:00: File uploaded: jdmelody-nx-dev.65aad30c29dbe7eb41d380690946b8d2.json
30-04 14:12:10 +00:00: Updated local JSON file: data/songdb/NX/SongDB_Dev.json with URL: https://jdmo-cdn.c0llydoll.com/private/songdb/jdmelody-nx-dev.65aad30c29dbe7eb41d380690946b8d2.json
30-04 14:12:10 +00:00: Uploading file: jdmelody-ps4-dev.json as jdmelody-ps4-dev.2b73bb89d32307dc5c8ac9192acf5268.json
30-04 14:12:10 +00:00: File uploaded: jdmelody-ps4-dev.2b73bb89d32307dc5c8ac9192acf5268.json
30-04 14:12:10 +00:00: Updated local JSON file: data/songdb/PS4/SongDB_Dev.json with URL: https://jdmo-cdn.c0llydoll.com/private/songdb/jdmelody-ps4-dev.2b73bb89d32307dc5c8ac9192acf5268.json
30-04 14:12:10 +00:00: Uploading file: jdmelody-pc-dev.json as jdmelody-pc-dev.aa08674966980c2b82259bfb72018a62.json
30-04 14:12:11 +00:00: File uploaded: jdmelody-pc-dev.aa08674966980c2b82259bfb72018a62.json
30-04 14:12:11 +00:00: Updated local JSON file: data/songdb/PC/SongDB_Dev.json with URL: https://jdmo-cdn.c0llydoll.com/private/songdb/jdmelody-pc-dev.aa08674966980c2b82259bfb72018a62.json
30-04 14:12:13 +00:00: Uploading file: jdmelody-nx-all.json as jdmelody-nx-all.e60c3945110ae5e4fcca3330908a6dcf.json
30-04 14:12:13 +00:00: File uploaded: jdmelody-nx-all.e60c3945110ae5e4fcca3330908a6dcf.json
30-04 14:12:13 +00:00: Updated local JSON file: data/songdb/NX/SongDB.json with URL: https://jdmo-cdn.c0llydoll.com/private/songdb/jdmelody-nx-all.e60c3945110ae5e4fcca3330908a6dcf.json
30-04 14:12:13 +00:00: Uploading file: jdmelody-ps4-all.json as jdmelody-ps4-all.4b09101ec2052c19f701ac8a000414ed.json
30-04 14:12:14 +00:00: File uploaded: jdmelody-ps4-all.4b09101ec2052c19f701ac8a000414ed.json
30-04 14:12:14 +00:00: Updated local JSON file: data/songdb/PS4/SongDB.json with URL: https://jdmo-cdn.c0llydoll.com/private/songdb/jdmelody-ps4-all.4b09101ec2052c19f701ac8a000414ed.json
30-04 14:12:14 +00:00: Uploading file: jdmelody-pc-all.json as jdmelody-pc-all.87dfd2365879443302c7dcfbdcaa20bb.json
30-04 14:12:14 +00:00: File uploaded: jdmelody-pc-all.87dfd2365879443302c7dcfbdcaa20bb.json
30-04 14:12:14 +00:00: Updated local JSON file: data/songdb/PC/SongDB.json with URL: https://jdmo-cdn.c0llydoll.com/private/songdb/jdmelody-pc-all.87dfd2365879443302c7dcfbdcaa20bb.json
30-04 14:12:14 +00:00: Uploading file: jdmelody-nx-patreon.json as jdmelody-nx-patreon.0c8c15496beab56f678a8559cfb31808.json
30-04 14:12:15 +00:00: File uploaded: jdmelody-nx-patreon.0c8c15496beab56f678a8559cfb31808.json
30-04 14:12:15 +00:00: Updated local JSON file: data/songdb/NX/SongDB_Patreon.json with URL: https://jdmo-cdn.c0llydoll.com/private/songdb/jdmelody-nx-patreon.0c8c15496beab56f678a8559cfb31808.json
30-04 14:12:15 +00:00: Uploading file: jdmelody-ps4-patreon.json as jdmelody-ps4-patreon.c9596afc5203cf85d273e96db9ed4e33.json
30-04 14:12:15 +00:00: File uploaded: jdmelody-ps4-patreon.c9596afc5203cf85d273e96db9ed4e33.json
30-04 14:12:15 +00:00: Updated local JSON file: data/songdb/PS4/SongDB_Patreon.json with URL: https://jdmo-cdn.c0llydoll.com/private/songdb/jdmelody-ps4-patreon.c9596afc5203cf85d273e96db9ed4e33.json
30-04 14:12:15 +00:00: Uploading file: jdmelody-pc-patreon.json as jdmelody-pc-patreon.62c1eed2fdeeb83ff4658158aef05dab.json
30-04 14:12:15 +00:00: File uploaded: jdmelody-pc-patreon.62c1eed2fdeeb83ff4658158aef05dab.json
30-04 14:12:15 +00:00: Updated local JSON file: data/songdb/PC/SongDB_Patreon.json with URL: https://jdmo-cdn.c0llydoll.com/private/songdb/jdmelody-pc-patreon.62c1eed2fdeeb83ff4658158aef05dab.json
30-04 14:12:15 +00:00: Uploading file: jdmelody-nx-dev.json as jdmelody-nx-dev.83edbae3ef06676d5bbd0e8fb6f5d37b.json
30-04 14:12:16 +00:00: File uploaded: jdmelody-nx-dev.83edbae3ef06676d5bbd0e8fb6f5d37b.json
30-04 14:12:16 +00:00: Updated local JSON file: data/songdb/NX/SongDB_Dev.json with URL: https://jdmo-cdn.c0llydoll.com/private/songdb/jdmelody-nx-dev.83edbae3ef06676d5bbd0e8fb6f5d37b.json
30-04 14:12:16 +00:00: Uploading file: jdmelody-ps4-dev.json as jdmelody-ps4-dev.d022ffcea4c1fb2dcb2c9320a9b1eb77.json
30-04 14:12:16 +00:00: File uploaded: jdmelody-ps4-dev.d022ffcea4c1fb2dcb2c9320a9b1eb77.json
30-04 14:12:16 +00:00: Updated local JSON file: data/songdb/PS4/SongDB_Dev.json with URL: https://jdmo-cdn.c0llydoll.com/private/songdb/jdmelody-ps4-dev.d022ffcea4c1fb2dcb2c9320a9b1eb77.json
30-04 14:12:16 +00:00: Uploading file: jdmelody-pc-dev.json as jdmelody-pc-dev.908525fb9571ef264b7106f2c0483709.json
30-04 14:12:16 +00:00: File uploaded: jdmelody-pc-dev.908525fb9571ef264b7106f2c0483709.json
30-04 14:12:16 +00:00: Updated local JSON file: data/songdb/PC/SongDB_Dev.json with URL: https://jdmo-cdn.c0llydoll.com/private/songdb/jdmelody-pc-dev.908525fb9571ef264b7106f2c0483709.json
30-04 14:12:19 +00:00: Uploading file: jdmelody-nx-all.json as jdmelody-nx-all.0fd9a8eded6f2583cd8960362a7408be.json
30-04 14:12:20 +00:00: File uploaded: jdmelody-nx-all.0fd9a8eded6f2583cd8960362a7408be.json
30-04 14:12:20 +00:00: Updated local JSON file: data/songdb/NX/SongDB.json with URL: https://jdmo-cdn.c0llydoll.com/private/songdb/jdmelody-nx-all.0fd9a8eded6f2583cd8960362a7408be.json
30-04 14:12:20 +00:00: Uploading file: jdmelody-ps4-all.json as jdmelody-ps4-all.982ca51cbc2e9c1bad44c7051b00bbc9.json
30-04 14:12:20 +00:00: File uploaded: jdmelody-ps4-all.982ca51cbc2e9c1bad44c7051b00bbc9.json
30-04 14:12:20 +00:00: Updated local JSON file: data/songdb/PS4/SongDB.json with URL: https://jdmo-cdn.c0llydoll.com/private/songdb/jdmelody-ps4-all.982ca51cbc2e9c1bad44c7051b00bbc9.json
30-04 14:12:20 +00:00: Uploading file: jdmelody-pc-all.json as jdmelody-pc-all.db803b5e1a3d6543f811f7a321804d07.json
30-04 14:12:20 +00:00: File uploaded: jdmelody-pc-all.db803b5e1a3d6543f811f7a321804d07.json
30-04 14:12:20 +00:00: Updated local JSON file: data/songdb/PC/SongDB.json with URL: https://jdmo-cdn.c0llydoll.com/private/songdb/jdmelody-pc-all.db803b5e1a3d6543f811f7a321804d07.json
30-04 14:12:20 +00:00: Uploading file: jdmelody-nx-patreon.json as jdmelody-nx-patreon.6dab15fbc18b5fb957fb2d60a9812f6f.json
30-04 14:12:21 +00:00: File uploaded: jdmelody-nx-patreon.6dab15fbc18b5fb957fb2d60a9812f6f.json
30-04 14:12:21 +00:00: Updated local JSON file: data/songdb/NX/SongDB_Patreon.json with URL: https://jdmo-cdn.c0llydoll.com/private/songdb/jdmelody-nx-patreon.6dab15fbc18b5fb957fb2d60a9812f6f.json
30-04 14:12:21 +00:00: Uploading file: jdmelody-ps4-patreon.json as jdmelody-ps4-patreon.01683203605d017b2ff1528f4aa95eec.json
30-04 14:12:21 +00:00: File uploaded: jdmelody-ps4-patreon.01683203605d017b2ff1528f4aa95eec.json
30-04 14:12:21 +00:00: Updated local JSON file: data/songdb/PS4/SongDB_Patreon.json with URL: https://jdmo-cdn.c0llydoll.com/private/songdb/jdmelody-ps4-patreon.01683203605d017b2ff1528f4aa95eec.json
30-04 14:12:21 +00:00: Uploading file: jdmelody-pc-patreon.json as jdmelody-pc-patreon.b2f89b413c297cbe18d2b117503eea1d.json
30-04 14:12:21 +00:00: File uploaded: jdmelody-pc-patreon.b2f89b413c297cbe18d2b117503eea1d.json
30-04 14:12:21 +00:00: Updated local JSON file: data/songdb/PC/SongDB_Patreon.json with URL: https://jdmo-cdn.c0llydoll.com/private/songdb/jdmelody-pc-patreon.b2f89b413c297cbe18d2b117503eea1d.json
30-04 14:12:21 +00:00: Uploading file: jdmelody-nx-dev.json as jdmelody-nx-dev.83edbae3ef06676d5bbd0e8fb6f5d37b.json
30-04 14:12:22 +00:00: File uploaded: jdmelody-nx-dev.83edbae3ef06676d5bbd0e8fb6f5d37b.json
30-04 14:12:22 +00:00: Updated local JSON file: data/songdb/NX/SongDB_Dev.json with URL: https://jdmo-cdn.c0llydoll.com/private/songdb/jdmelody-nx-dev.83edbae3ef06676d5bbd0e8fb6f5d37b.json
30-04 14:12:22 +00:00: Uploading file: jdmelody-ps4-dev.json as jdmelody-ps4-dev.d022ffcea4c1fb2dcb2c9320a9b1eb77.json
30-04 14:12:22 +00:00: File uploaded: jdmelody-ps4-dev.d022ffcea4c1fb2dcb2c9320a9b1eb77.json
30-04 14:12:22 +00:00: Updated local JSON file: data/songdb/PS4/SongDB_Dev.json with URL: https://jdmo-cdn.c0llydoll.com/private/songdb/jdmelody-ps4-dev.d022ffcea4c1fb2dcb2c9320a9b1eb77.json
30-04 14:12:22 +00:00: Uploading file: jdmelody-pc-dev.json as jdmelody-pc-dev.908525fb9571ef264b7106f2c0483709.json
30-04 14:12:22 +00:00: File uploaded: jdmelody-pc-dev.908525fb9571ef264b7106f2c0483709.json
30-04 14:12:22 +00:00: Updated local JSON file: data/songdb/PC/SongDB_Dev.json with URL: https://jdmo-cdn.c0llydoll.com/private/songdb/jdmelody-pc-dev.908525fb9571ef264b7106f2c0483709.json
30-04 14:12:25 +00:00: Uploading file: jdmelody-nx-all.json as jdmelody-nx-all.f84249885d0f23a5154e8e569017d529.json
30-04 14:12:26 +00:00: File uploaded: jdmelody-nx-all.f84249885d0f23a5154e8e569017d529.json
30-04 14:12:26 +00:00: Updated local JSON file: data/songdb/NX/SongDB.json with URL: https://jdmo-cdn.c0llydoll.com/private/songdb/jdmelody-nx-all.f84249885d0f23a5154e8e569017d529.json
30-04 14:12:26 +00:00: Uploading file: jdmelody-ps4-all.json as jdmelody-ps4-all.7fbd55b63f99989ba582f16258e46938.json
30-04 14:12:27 +00:00: File uploaded: jdmelody-ps4-all.7fbd55b63f99989ba582f16258e46938.json
30-04 14:12:27 +00:00: Updated local JSON file: data/songdb/PS4/SongDB.json with URL: https://jdmo-cdn.c0llydoll.com/private/songdb/jdmelody-ps4-all.7fbd55b63f99989ba582f16258e46938.json
30-04 14:12:27 +00:00: Uploading file: jdmelody-pc-all.json as jdmelody-pc-all.d1e0057a8b92c83eaa4db8005920cec0.json
30-04 14:12:28 +00:00: File uploaded: jdmelody-pc-all.d1e0057a8b92c83eaa4db8005920cec0.json
30-04 14:12:28 +00:00: Updated local JSON file: data/songdb/PC/SongDB.json with URL: https://jdmo-cdn.c0llydoll.com/private/songdb/jdmelody-pc-all.d1e0057a8b92c83eaa4db8005920cec0.json
30-04 14:12:28 +00:00: Uploading file: jdmelody-nx-patreon.json as jdmelody-nx-patreon.72aae17a8e13ebdff091525c9d39be0b.json
30-04 14:12:28 +00:00: File uploaded: jdmelody-nx-patreon.72aae17a8e13ebdff091525c9d39be0b.json
30-04 14:12:28 +00:00: Updated local JSON file: data/songdb/NX/SongDB_Patreon.json with URL: https://jdmo-cdn.c0llydoll.com/private/songdb/jdmelody-nx-patreon.72aae17a8e13ebdff091525c9d39be0b.json
30-04 14:12:28 +00:00: Uploading file: jdmelody-ps4-patreon.json as jdmelody-ps4-patreon.0a6b218533158c813cceef3865931b0d.json
30-04 14:12:29 +00:00: File uploaded: jdmelody-ps4-patreon.0a6b218533158c813cceef3865931b0d.json
30-04 14:12:29 +00:00: Updated local JSON file: data/songdb/PS4/SongDB_Patreon.json with URL: https://jdmo-cdn.c0llydoll.com/private/songdb/jdmelody-ps4-patreon.0a6b218533158c813cceef3865931b0d.json
30-04 14:12:29 +00:00: Uploading file: jdmelody-pc-patreon.json as jdmelody-pc-patreon.967a88ea21acb0815d9013c8cd731ff8.json
30-04 14:12:29 +00:00: File uploaded: jdmelody-pc-patreon.967a88ea21acb0815d9013c8cd731ff8.json
30-04 14:12:29 +00:00: Updated local JSON file: data/songdb/PC/SongDB_Patreon.json with URL: https://jdmo-cdn.c0llydoll.com/private/songdb/jdmelody-pc-patreon.967a88ea21acb0815d9013c8cd731ff8.json
30-04 14:12:29 +00:00: Uploading file: jdmelody-nx-dev.json as jdmelody-nx-dev.14dfe5d06adc6538fdf89d7b330bf977.json
30-04 14:12:30 +00:00: File uploaded: jdmelody-nx-dev.14dfe5d06adc6538fdf89d7b330bf977.json
30-04 14:12:30 +00:00: Updated local JSON file: data/songdb/NX/SongDB_Dev.json with URL: https://jdmo-cdn.c0llydoll.com/private/songdb/jdmelody-nx-dev.14dfe5d06adc6538fdf89d7b330bf977.json
30-04 14:12:30 +00:00: Uploading file: jdmelody-ps4-dev.json as jdmelody-ps4-dev.313e47477f8394833ef71b5cf1baf0b6.json
30-04 14:12:30 +00:00: File uploaded: jdmelody-ps4-dev.313e47477f8394833ef71b5cf1baf0b6.json
30-04 14:12:30 +00:00: Updated local JSON file: data/songdb/PS4/SongDB_Dev.json with URL: https://jdmo-cdn.c0llydoll.com/private/songdb/jdmelody-ps4-dev.313e47477f8394833ef71b5cf1baf0b6.json
30-04 14:12:31 +00:00: Uploading file: jdmelody-pc-dev.json as jdmelody-pc-dev.6ccf702208b1281946ea84bccf944240.json
30-04 14:12:31 +00:00: File uploaded: jdmelody-pc-dev.6ccf702208b1281946ea84bccf944240.json
30-04 14:12:31 +00:00: Updated local JSON file: data/songdb/PC/SongDB_Dev.json with URL: https://jdmo-cdn.c0llydoll.com/private/songdb/jdmelody-pc-dev.6ccf702208b1281946ea84bccf944240.json
30-04 14:12:33 +00:00: Uploading file: jdmelody-nx-all.json as jdmelody-nx-all.b54a1d723b74fb76fe5791941b969b96.json
30-04 14:12:34 +00:00: File uploaded: jdmelody-nx-all.b54a1d723b74fb76fe5791941b969b96.json
30-04 14:12:34 +00:00: Updated local JSON file: data/songdb/NX/SongDB.json with URL: https://jdmo-cdn.c0llydoll.com/private/songdb/jdmelody-nx-all.b54a1d723b74fb76fe5791941b969b96.json
30-04 14:12:34 +00:00: Uploading file: jdmelody-ps4-all.json as jdmelody-ps4-all.44e0cfd79cb7c2f2df793672752ef6a6.json
30-04 14:12:34 +00:00: File uploaded: jdmelody-ps4-all.44e0cfd79cb7c2f2df793672752ef6a6.json
30-04 14:12:34 +00:00: Updated local JSON file: data/songdb/PS4/SongDB.json with URL: https://jdmo-cdn.c0llydoll.com/private/songdb/jdmelody-ps4-all.44e0cfd79cb7c2f2df793672752ef6a6.json
30-04 14:12:34 +00:00: Uploading file: jdmelody-pc-all.json as jdmelody-pc-all.cb2eb70115d645412e91aa07ba3bd4c2.json
30-04 14:12:34 +00:00: File uploaded: jdmelody-pc-all.cb2eb70115d645412e91aa07ba3bd4c2.json
30-04 14:12:34 +00:00: Updated local JSON file: data/songdb/PC/SongDB.json with URL: https://jdmo-cdn.c0llydoll.com/private/songdb/jdmelody-pc-all.cb2eb70115d645412e91aa07ba3bd4c2.json
30-04 14:12:34 +00:00: Uploading file: jdmelody-nx-patreon.json as jdmelody-nx-patreon.6483aeaff761ac0c0e9e1657ebf8e3eb.json
30-04 14:12:34 +00:00: File uploaded: jdmelody-nx-patreon.6483aeaff761ac0c0e9e1657ebf8e3eb.json
30-04 14:12:34 +00:00: Updated local JSON file: data/songdb/NX/SongDB_Patreon.json with URL: https://jdmo-cdn.c0llydoll.com/private/songdb/jdmelody-nx-patreon.6483aeaff761ac0c0e9e1657ebf8e3eb.json
30-04 14:12:34 +00:00: Uploading file: jdmelody-ps4-patreon.json as jdmelody-ps4-patreon.3d6c5a788300ecfaa9b84028f054454b.json
30-04 14:12:34 +00:00: File uploaded: jdmelody-ps4-patreon.3d6c5a788300ecfaa9b84028f054454b.json
30-04 14:12:34 +00:00: Updated local JSON file: data/songdb/PS4/SongDB_Patreon.json with URL: https://jdmo-cdn.c0llydoll.com/private/songdb/jdmelody-ps4-patreon.3d6c5a788300ecfaa9b84028f054454b.json
30-04 14:12:34 +00:00: Uploading file: jdmelody-pc-patreon.json as jdmelody-pc-patreon.8c8c7e292d4b88bad52b8b78b2b6e450.json
30-04 14:12:35 +00:00: File uploaded: jdmelody-pc-patreon.8c8c7e292d4b88bad52b8b78b2b6e450.json
30-04 14:12:35 +00:00: Updated local JSON file: data/songdb/PC/SongDB_Patreon.json with URL: https://jdmo-cdn.c0llydoll.com/private/songdb/jdmelody-pc-patreon.8c8c7e292d4b88bad52b8b78b2b6e450.json
30-04 14:12:35 +00:00: Uploading file: jdmelody-nx-dev.json as jdmelody-nx-dev.d136df1ba68f77d9e6f72c7d96be4355.json
30-04 14:12:35 +00:00: File uploaded: jdmelody-nx-dev.d136df1ba68f77d9e6f72c7d96be4355.json
30-04 14:12:35 +00:00: Updated local JSON file: data/songdb/NX/SongDB_Dev.json with URL: https://jdmo-cdn.c0llydoll.com/private/songdb/jdmelody-nx-dev.d136df1ba68f77d9e6f72c7d96be4355.json
30-04 14:12:35 +00:00: Uploading file: jdmelody-ps4-dev.json as jdmelody-ps4-dev.56566c0836c6b1e8181ee3d7a5e59597.json
30-04 14:12:35 +00:00: File uploaded: jdmelody-ps4-dev.56566c0836c6b1e8181ee3d7a5e59597.json
30-04 14:12:35 +00:00: Updated local JSON file: data/songdb/PS4/SongDB_Dev.json with URL: https://jdmo-cdn.c0llydoll.com/private/songdb/jdmelody-ps4-dev.56566c0836c6b1e8181ee3d7a5e59597.json
30-04 14:12:36 +00:00: Uploading file: jdmelody-pc-dev.json as jdmelody-pc-dev.df196a0734cece53db881ae4945bd65a.json
30-04 14:12:37 +00:00: File uploaded: jdmelody-pc-dev.df196a0734cece53db881ae4945bd65a.json
30-04 14:12:37 +00:00: Updated local JSON file: data/songdb/PC/SongDB_Dev.json with URL: https://jdmo-cdn.c0llydoll.com/private/songdb/jdmelody-pc-dev.df196a0734cece53db881ae4945bd65a.json
30-04 14:12:39 +00:00: Uploading file: jdmelody-nx-all.json as jdmelody-nx-all.2331f9f81b4ab1aa1f52fde7240a12be.json
30-04 14:12:39 +00:00: File uploaded: jdmelody-nx-all.2331f9f81b4ab1aa1f52fde7240a12be.json
30-04 14:12:39 +00:00: Updated local JSON file: data/songdb/NX/SongDB.json with URL: https://jdmo-cdn.c0llydoll.com/private/songdb/jdmelody-nx-all.2331f9f81b4ab1aa1f52fde7240a12be.json
30-04 14:12:39 +00:00: Uploading file: jdmelody-ps4-all.json as jdmelody-ps4-all.5aa95a10b4ca69f10a013ca245a384ed.json
30-04 14:12:40 +00:00: File uploaded: jdmelody-ps4-all.5aa95a10b4ca69f10a013ca245a384ed.json
30-04 14:12:40 +00:00: Updated local JSON file: data/songdb/PS4/SongDB.json with URL: https://jdmo-cdn.c0llydoll.com/private/songdb/jdmelody-ps4-all.5aa95a10b4ca69f10a013ca245a384ed.json
30-04 14:12:40 +00:00: Uploading file: jdmelody-pc-all.json as jdmelody-pc-all.c317e1c1d41679ef8b8df5904d1adebc.json
30-04 14:12:40 +00:00: File uploaded: jdmelody-pc-all.c317e1c1d41679ef8b8df5904d1adebc.json
30-04 14:12:40 +00:00: Updated local JSON file: data/songdb/PC/SongDB.json with URL: https://jdmo-cdn.c0llydoll.com/private/songdb/jdmelody-pc-all.c317e1c1d41679ef8b8df5904d1adebc.json
30-04 14:12:40 +00:00: Uploading file: jdmelody-nx-patreon.json as jdmelody-nx-patreon.d2f3f2b506273bbd4979a2b428fc02b8.json
30-04 14:12:41 +00:00: File uploaded: jdmelody-nx-patreon.d2f3f2b506273bbd4979a2b428fc02b8.json
30-04 14:12:41 +00:00: Updated local JSON file: data/songdb/NX/SongDB_Patreon.json with URL: https://jdmo-cdn.c0llydoll.com/private/songdb/jdmelody-nx-patreon.d2f3f2b506273bbd4979a2b428fc02b8.json
30-04 14:12:41 +00:00: Uploading file: jdmelody-ps4-patreon.json as jdmelody-ps4-patreon.fbc29fe09788a434b0792627353eb5cd.json
30-04 14:12:41 +00:00: File uploaded: jdmelody-ps4-patreon.fbc29fe09788a434b0792627353eb5cd.json
30-04 14:12:41 +00:00: Updated local JSON file: data/songdb/PS4/SongDB_Patreon.json with URL: https://jdmo-cdn.c0llydoll.com/private/songdb/jdmelody-ps4-patreon.fbc29fe09788a434b0792627353eb5cd.json
30-04 14:12:41 +00:00: Uploading file: jdmelody-pc-patreon.json as jdmelody-pc-patreon.4c4031e32f788b557869d40a71972b4c.json
30-04 14:12:42 +00:00: File uploaded: jdmelody-pc-patreon.4c4031e32f788b557869d40a71972b4c.json
30-04 14:12:42 +00:00: Updated local JSON file: data/songdb/PC/SongDB_Patreon.json with URL: https://jdmo-cdn.c0llydoll.com/private/songdb/jdmelody-pc-patreon.4c4031e32f788b557869d40a71972b4c.json
30-04 14:12:42 +00:00: Uploading file: jdmelody-nx-dev.json as jdmelody-nx-dev.df29b64504c921c7d715502eb71a2ab7.json
30-04 14:12:42 +00:00: File uploaded: jdmelody-nx-dev.df29b64504c921c7d715502eb71a2ab7.json
30-04 14:12:42 +00:00: Updated local JSON file: data/songdb/NX/SongDB_Dev.json with URL: https://jdmo-cdn.c0llydoll.com/private/songdb/jdmelody-nx-dev.df29b64504c921c7d715502eb71a2ab7.json
30-04 14:12:42 +00:00: Uploading file: jdmelody-ps4-dev.json as jdmelody-ps4-dev.9807839de7477c9f40dbaf7c9a6e87e1.json
30-04 14:12:42 +00:00: File uploaded: jdmelody-ps4-dev.9807839de7477c9f40dbaf7c9a6e87e1.json
30-04 14:12:42 +00:00: Updated local JSON file: data/songdb/PS4/SongDB_Dev.json with URL: https://jdmo-cdn.c0llydoll.com/private/songdb/jdmelody-ps4-dev.9807839de7477c9f40dbaf7c9a6e87e1.json
30-04 14:12:42 +00:00: Uploading file: jdmelody-pc-dev.json as jdmelody-pc-dev.854581088f17f847138d492b4684bc83.json
30-04 14:12:43 +00:00: File uploaded: jdmelody-pc-dev.854581088f17f847138d492b4684bc83.json
30-04 14:12:43 +00:00: Updated local JSON file: data/songdb/PC/SongDB_Dev.json with URL: https://jdmo-cdn.c0llydoll.com/private/songdb/jdmelody-pc-dev.854581088f17f847138d492b4684bc83.json
30-04 14:12:45 +00:00: Uploading file: jdmelody-nx-all.json as jdmelody-nx-all.d0c223d8b59f079d403d7bddccd374a0.json
30-04 14:12:45 +00:00: File uploaded: jdmelody-nx-all.d0c223d8b59f079d403d7bddccd374a0.json
30-04 14:12:45 +00:00: Updated local JSON file: data/songdb/NX/SongDB.json with URL: https://jdmo-cdn.c0llydoll.com/private/songdb/jdmelody-nx-all.d0c223d8b59f079d403d7bddccd374a0.json
30-04 14:12:45 +00:00: Uploading file: jdmelody-ps4-all.json as jdmelody-ps4-all.d378401f3ebc873edd68210c77408a22.json
30-04 14:12:47 +00:00: File uploaded: jdmelody-ps4-all.d378401f3ebc873edd68210c77408a22.json
30-04 14:12:47 +00:00: Updated local JSON file: data/songdb/PS4/SongDB.json with URL: https://jdmo-cdn.c0llydoll.com/private/songdb/jdmelody-ps4-all.d378401f3ebc873edd68210c77408a22.json
30-04 14:12:47 +00:00: Uploading file: jdmelody-pc-all.json as jdmelody-pc-all.80219b6a273bf075abd30a282a9740e8.json
30-04 14:12:47 +00:00: File uploaded: jdmelody-pc-all.80219b6a273bf075abd30a282a9740e8.json
30-04 14:12:47 +00:00: Updated local JSON file: data/songdb/PC/SongDB.json with URL: https://jdmo-cdn.c0llydoll.com/private/songdb/jdmelody-pc-all.80219b6a273bf075abd30a282a9740e8.json
30-04 14:12:47 +00:00: Uploading file: jdmelody-nx-patreon.json as jdmelody-nx-patreon.740a6a0599b07e53d100a5b144367175.json
30-04 14:12:48 +00:00: File uploaded: jdmelody-nx-patreon.740a6a0599b07e53d100a5b144367175.json
30-04 14:12:48 +00:00: Updated local JSON file: data/songdb/NX/SongDB_Patreon.json with URL: https://jdmo-cdn.c0llydoll.com/private/songdb/jdmelody-nx-patreon.740a6a0599b07e53d100a5b144367175.json
30-04 14:12:48 +00:00: Uploading file: jdmelody-ps4-patreon.json as jdmelody-ps4-patreon.b3b267ffa2ee05109cf8c3b0012162f6.json
30-04 14:12:48 +00:00: File uploaded: jdmelody-ps4-patreon.b3b267ffa2ee05109cf8c3b0012162f6.json
30-04 14:12:48 +00:00: Updated local JSON file: data/songdb/PS4/SongDB_Patreon.json with URL: https://jdmo-cdn.c0llydoll.com/private/songdb/jdmelody-ps4-patreon.b3b267ffa2ee05109cf8c3b0012162f6.json
30-04 14:12:48 +00:00: Uploading file: jdmelody-pc-patreon.json as jdmelody-pc-patreon.99c4d4d1cb289b48d69b8d72f3ebb842.json
30-04 14:12:48 +00:00: File uploaded: jdmelody-pc-patreon.99c4d4d1cb289b48d69b8d72f3ebb842.json
30-04 14:12:48 +00:00: Updated local JSON file: data/songdb/PC/SongDB_Patreon.json with URL: https://jdmo-cdn.c0llydoll.com/private/songdb/jdmelody-pc-patreon.99c4d4d1cb289b48d69b8d72f3ebb842.json
30-04 14:12:48 +00:00: Uploading file: jdmelody-nx-dev.json as jdmelody-nx-dev.62fd7015ca5d5a4ca8f33a23b99b2086.json
30-04 14:12:49 +00:00: File uploaded: jdmelody-nx-dev.62fd7015ca5d5a4ca8f33a23b99b2086.json
30-04 14:12:49 +00:00: Updated local JSON file: data/songdb/NX/SongDB_Dev.json with URL: https://jdmo-cdn.c0llydoll.com/private/songdb/jdmelody-nx-dev.62fd7015ca5d5a4ca8f33a23b99b2086.json
30-04 14:12:49 +00:00: Uploading file: jdmelody-ps4-dev.json as jdmelody-ps4-dev.cd6a3441c024df21e31626f8ae2388d4.json
30-04 14:12:49 +00:00: File uploaded: jdmelody-ps4-dev.cd6a3441c024df21e31626f8ae2388d4.json
30-04 14:12:49 +00:00: Updated local JSON file: data/songdb/PS4/SongDB_Dev.json with URL: https://jdmo-cdn.c0llydoll.com/private/songdb/jdmelody-ps4-dev.cd6a3441c024df21e31626f8ae2388d4.json
30-04 14:12:49 +00:00: Uploading file: jdmelody-pc-dev.json as jdmelody-pc-dev.e8309753514835c5548606b513926938.json
30-04 14:12:49 +00:00: File uploaded: jdmelody-pc-dev.e8309753514835c5548606b513926938.json
30-04 14:12:49 +00:00: Updated local JSON file: data/songdb/PC/SongDB_Dev.json with URL: https://jdmo-cdn.c0llydoll.com/private/songdb/jdmelody-pc-dev.e8309753514835c5548606b513926938.json
30-04 14:12:52 +00:00: Uploading file: jdmelody-nx-all.json as jdmelody-nx-all.b3b71824c32192fbbb22e7a72e36eeb6.json
30-04 14:12:52 +00:00: File uploaded: jdmelody-nx-all.b3b71824c32192fbbb22e7a72e36eeb6.json
30-04 14:12:52 +00:00: Updated local JSON file: data/songdb/NX/SongDB.json with URL: https://jdmo-cdn.c0llydoll.com/private/songdb/jdmelody-nx-all.b3b71824c32192fbbb22e7a72e36eeb6.json
30-04 14:12:52 +00:00: Uploading file: jdmelody-ps4-all.json as jdmelody-ps4-all.66eff5911c195dac9066b97c96e202d0.json
30-04 14:12:52 +00:00: File uploaded: jdmelody-ps4-all.66eff5911c195dac9066b97c96e202d0.json
30-04 14:12:52 +00:00: Updated local JSON file: data/songdb/PS4/SongDB.json with URL: https://jdmo-cdn.c0llydoll.com/private/songdb/jdmelody-ps4-all.66eff5911c195dac9066b97c96e202d0.json
30-04 14:12:52 +00:00: Uploading file: jdmelody-pc-all.json as jdmelody-pc-all.20453fc1878f6f1c1548e34304534ef9.json
30-04 14:12:53 +00:00: File uploaded: jdmelody-pc-all.20453fc1878f6f1c1548e34304534ef9.json
30-04 14:12:53 +00:00: Updated local JSON file: data/songdb/PC/SongDB.json with URL: https://jdmo-cdn.c0llydoll.com/private/songdb/jdmelody-pc-all.20453fc1878f6f1c1548e34304534ef9.json
30-04 14:12:53 +00:00: Uploading file: jdmelody-nx-patreon.json as jdmelody-nx-patreon.e931879e67f4bd1e8cc74fde47c4240b.json
30-04 14:12:53 +00:00: File uploaded: jdmelody-nx-patreon.e931879e67f4bd1e8cc74fde47c4240b.json
30-04 14:12:53 +00:00: Updated local JSON file: data/songdb/NX/SongDB_Patreon.json with URL: https://jdmo-cdn.c0llydoll.com/private/songdb/jdmelody-nx-patreon.e931879e67f4bd1e8cc74fde47c4240b.json
30-04 14:12:53 +00:00: Uploading file: jdmelody-ps4-patreon.json as jdmelody-ps4-patreon.b26ba2d5fa0ac8d671663b584ba2c1d9.json
30-04 14:12:53 +00:00: File uploaded: jdmelody-ps4-patreon.b26ba2d5fa0ac8d671663b584ba2c1d9.json
30-04 14:12:53 +00:00: Updated local JSON file: data/songdb/PS4/SongDB_Patreon.json with URL: https://jdmo-cdn.c0llydoll.com/private/songdb/jdmelody-ps4-patreon.b26ba2d5fa0ac8d671663b584ba2c1d9.json
30-04 14:12:53 +00:00: Uploading file: jdmelody-pc-patreon.json as jdmelody-pc-patreon.2ccc24905616a9cca07a2ac3574127db.json
30-04 14:12:53 +00:00: File uploaded: jdmelody-pc-patreon.2ccc24905616a9cca07a2ac3574127db.json
30-04 14:12:53 +00:00: Updated local JSON file: data/songdb/PC/SongDB_Patreon.json with URL: https://jdmo-cdn.c0llydoll.com/private/songdb/jdmelody-pc-patreon.2ccc24905616a9cca07a2ac3574127db.json
30-04 14:12:53 +00:00: Uploading file: jdmelody-nx-dev.json as jdmelody-nx-dev.7978b486841259972c1def5c9f307860.json
30-04 14:12:54 +00:00: File uploaded: jdmelody-nx-dev.7978b486841259972c1def5c9f307860.json
30-04 14:12:54 +00:00: Updated local JSON file: data/songdb/NX/SongDB_Dev.json with URL: https://jdmo-cdn.c0llydoll.com/private/songdb/jdmelody-nx-dev.7978b486841259972c1def5c9f307860.json
30-04 14:12:54 +00:00: Uploading file: jdmelody-ps4-dev.json as jdmelody-ps4-dev.89e7a10fda9d9e36c23613ca289fe4bb.json
30-04 14:12:55 +00:00: File uploaded: jdmelody-ps4-dev.89e7a10fda9d9e36c23613ca289fe4bb.json
30-04 14:12:55 +00:00: Updated local JSON file: data/songdb/PS4/SongDB_Dev.json with URL: https://jdmo-cdn.c0llydoll.com/private/songdb/jdmelody-ps4-dev.89e7a10fda9d9e36c23613ca289fe4bb.json
30-04 14:12:55 +00:00: Uploading file: jdmelody-pc-dev.json as jdmelody-pc-dev.60ddf382c53dcae6fcab9abda6ef3832.json
30-04 14:12:55 +00:00: File uploaded: jdmelody-pc-dev.60ddf382c53dcae6fcab9abda6ef3832.json
30-04 14:12:55 +00:00: Updated local JSON file: data/songdb/PC/SongDB_Dev.json with URL: https://jdmo-cdn.c0llydoll.com/private/songdb/jdmelody-pc-dev.60ddf382c53dcae6fcab9abda6ef3832.json
30-04 14:12:58 +00:00: Uploading file: jdmelody-nx-all.json as jdmelody-nx-all.08272da9b43f0db0ecc50e0c1717af07.json
30-04 14:12:58 +00:00: File uploaded: jdmelody-nx-all.08272da9b43f0db0ecc50e0c1717af07.json
30-04 14:12:58 +00:00: Updated local JSON file: data/songdb/NX/SongDB.json with URL: https://jdmo-cdn.c0llydoll.com/private/songdb/jdmelody-nx-all.08272da9b43f0db0ecc50e0c1717af07.json
30-04 14:12:58 +00:00: Uploading file: jdmelody-ps4-all.json as jdmelody-ps4-all.7d7dd204543667852493af9aa05ca96f.json
30-04 14:12:59 +00:00: File uploaded: jdmelody-ps4-all.7d7dd204543667852493af9aa05ca96f.json
30-04 14:12:59 +00:00: Updated local JSON file: data/songdb/PS4/SongDB.json with URL: https://jdmo-cdn.c0llydoll.com/private/songdb/jdmelody-ps4-all.7d7dd204543667852493af9aa05ca96f.json
30-04 14:12:59 +00:00: Uploading file: jdmelody-pc-all.json as jdmelody-pc-all.2935f676d7c31b929f09d0a6f0d220e4.json
30-04 14:13:00 +00:00: File uploaded: jdmelody-pc-all.2935f676d7c31b929f09d0a6f0d220e4.json
30-04 14:13:00 +00:00: Updated local JSON file: data/songdb/PC/SongDB.json with URL: https://jdmo-cdn.c0llydoll.com/private/songdb/jdmelody-pc-all.2935f676d7c31b929f09d0a6f0d220e4.json
30-04 14:13:00 +00:00: Uploading file: jdmelody-nx-patreon.json as jdmelody-nx-patreon.c477776b12e3fcd1bc1a7ca5b05006a0.json
30-04 14:13:00 +00:00: File uploaded: jdmelody-nx-patreon.c477776b12e3fcd1bc1a7ca5b05006a0.json
30-04 14:13:00 +00:00: Updated local JSON file: data/songdb/NX/SongDB_Patreon.json with URL: https://jdmo-cdn.c0llydoll.com/private/songdb/jdmelody-nx-patreon.c477776b12e3fcd1bc1a7ca5b05006a0.json
30-04 14:13:00 +00:00: Uploading file: jdmelody-ps4-patreon.json as jdmelody-ps4-patreon.e370f3e5f8816a033e377bb3656aa3e5.json
30-04 14:13:00 +00:00: File uploaded: jdmelody-ps4-patreon.e370f3e5f8816a033e377bb3656aa3e5.json
30-04 14:13:00 +00:00: Updated local JSON file: data/songdb/PS4/SongDB_Patreon.json with URL: https://jdmo-cdn.c0llydoll.com/private/songdb/jdmelody-ps4-patreon.e370f3e5f8816a033e377bb3656aa3e5.json
30-04 14:13:00 +00:00: Uploading file: jdmelody-pc-patreon.json as jdmelody-pc-patreon.046705540e08f1bc77484c376022c357.json
30-04 14:13:01 +00:00: File uploaded: jdmelody-pc-patreon.046705540e08f1bc77484c376022c357.json
30-04 14:13:01 +00:00: Updated local JSON file: data/songdb/PC/SongDB_Patreon.json with URL: https://jdmo-cdn.c0llydoll.com/private/songdb/jdmelody-pc-patreon.046705540e08f1bc77484c376022c357.json
30-04 14:13:01 +00:00: Uploading file: jdmelody-nx-dev.json as jdmelody-nx-dev.3c0f1bcfc11ae8af590e91954dd370be.json
30-04 14:13:03 +00:00: File uploaded: jdmelody-nx-dev.3c0f1bcfc11ae8af590e91954dd370be.json
30-04 14:13:03 +00:00: Updated local JSON file: data/songdb/NX/SongDB_Dev.json with URL: https://jdmo-cdn.c0llydoll.com/private/songdb/jdmelody-nx-dev.3c0f1bcfc11ae8af590e91954dd370be.json
30-04 14:13:03 +00:00: Uploading file: jdmelody-ps4-dev.json as jdmelody-ps4-dev.73591132ac3c5777a313c87c87fefd74.json
30-04 14:13:04 +00:00: File uploaded: jdmelody-ps4-dev.73591132ac3c5777a313c87c87fefd74.json
30-04 14:13:04 +00:00: Updated local JSON file: data/songdb/PS4/SongDB_Dev.json with URL: https://jdmo-cdn.c0llydoll.com/private/songdb/jdmelody-ps4-dev.73591132ac3c5777a313c87c87fefd74.json
30-04 14:13:04 +00:00: Uploading file: jdmelody-pc-dev.json as jdmelody-pc-dev.deac70d3442b22f7715270eea3338091.json
30-04 14:13:05 +00:00: File uploaded: jdmelody-pc-dev.deac70d3442b22f7715270eea3338091.json
30-04 14:13:05 +00:00: Updated local JSON file: data/songdb/PC/SongDB_Dev.json with URL: https://jdmo-cdn.c0llydoll.com/private/songdb/jdmelody-pc-dev.deac70d3442b22f7715270eea3338091.json
30-04 14:13:08 +00:00: Uploading file: jdmelody-nx-all.json as jdmelody-nx-all.1d10678656e62dc59dec1167fbddaaaa.json
30-04 14:13:08 +00:00: File uploaded: jdmelody-nx-all.1d10678656e62dc59dec1167fbddaaaa.json
30-04 14:13:08 +00:00: Updated local JSON file: data/songdb/NX/SongDB.json with URL: https://jdmo-cdn.c0llydoll.com/private/songdb/jdmelody-nx-all.1d10678656e62dc59dec1167fbddaaaa.json
30-04 14:13:08 +00:00: Uploading file: jdmelody-ps4-all.json as jdmelody-ps4-all.a525c1e086162cf48a08c7453d3ebd46.json
30-04 14:13:08 +00:00: File uploaded: jdmelody-ps4-all.a525c1e086162cf48a08c7453d3ebd46.json
30-04 14:13:08 +00:00: Updated local JSON file: data/songdb/PS4/SongDB.json with URL: https://jdmo-cdn.c0llydoll.com/private/songdb/jdmelody-ps4-all.a525c1e086162cf48a08c7453d3ebd46.json
30-04 14:13:08 +00:00: Uploading file: jdmelody-pc-all.json as jdmelody-pc-all.13d2998999e5930ed04f024b31c94b29.json
30-04 14:13:09 +00:00: File uploaded: jdmelody-pc-all.13d2998999e5930ed04f024b31c94b29.json
30-04 14:13:09 +00:00: Updated local JSON file: data/songdb/PC/SongDB.json with URL: https://jdmo-cdn.c0llydoll.com/private/songdb/jdmelody-pc-all.13d2998999e5930ed04f024b31c94b29.json
30-04 14:13:09 +00:00: Uploading file: jdmelody-nx-patreon.json as jdmelody-nx-patreon.391d4778c5bb45eff11678d229e5b698.json
30-04 14:13:09 +00:00: File uploaded: jdmelody-nx-patreon.391d4778c5bb45eff11678d229e5b698.json
30-04 14:13:09 +00:00: Updated local JSON file: data/songdb/NX/SongDB_Patreon.json with URL: https://jdmo-cdn.c0llydoll.com/private/songdb/jdmelody-nx-patreon.391d4778c5bb45eff11678d229e5b698.json
30-04 14:13:09 +00:00: Uploading file: jdmelody-ps4-patreon.json as jdmelody-ps4-patreon.1d828c5ab5e50d5aef898e9023bc0532.json
30-04 14:13:10 +00:00: File uploaded: jdmelody-ps4-patreon.1d828c5ab5e50d5aef898e9023bc0532.json
30-04 14:13:10 +00:00: Updated local JSON file: data/songdb/PS4/SongDB_Patreon.json with URL: https://jdmo-cdn.c0llydoll.com/private/songdb/jdmelody-ps4-patreon.1d828c5ab5e50d5aef898e9023bc0532.json
30-04 14:13:10 +00:00: Uploading file: jdmelody-pc-patreon.json as jdmelody-pc-patreon.bed443ed02a8cdb39b2e90c5f7bb17c4.json
30-04 14:13:10 +00:00: File uploaded: jdmelody-pc-patreon.bed443ed02a8cdb39b2e90c5f7bb17c4.json
30-04 14:13:10 +00:00: Updated local JSON file: data/songdb/PC/SongDB_Patreon.json with URL: https://jdmo-cdn.c0llydoll.com/private/songdb/jdmelody-pc-patreon.bed443ed02a8cdb39b2e90c5f7bb17c4.json
30-04 14:13:10 +00:00: Uploading file: jdmelody-nx-dev.json as jdmelody-nx-dev.3c0f1bcfc11ae8af590e91954dd370be.json
30-04 14:13:10 +00:00: File uploaded: jdmelody-nx-dev.3c0f1bcfc11ae8af590e91954dd370be.json
30-04 14:13:10 +00:00: Updated local JSON file: data/songdb/NX/SongDB_Dev.json with URL: https://jdmo-cdn.c0llydoll.com/private/songdb/jdmelody-nx-dev.3c0f1bcfc11ae8af590e91954dd370be.json
30-04 14:13:10 +00:00: Uploading file: jdmelody-ps4-dev.json as jdmelody-ps4-dev.73591132ac3c5777a313c87c87fefd74.json
30-04 14:13:10 +00:00: File uploaded: jdmelody-ps4-dev.73591132ac3c5777a313c87c87fefd74.json
30-04 14:13:10 +00:00: Updated local JSON file: data/songdb/PS4/SongDB_Dev.json with URL: https://jdmo-cdn.c0llydoll.com/private/songdb/jdmelody-ps4-dev.73591132ac3c5777a313c87c87fefd74.json
30-04 14:13:10 +00:00: Uploading file: jdmelody-pc-dev.json as jdmelody-pc-dev.deac70d3442b22f7715270eea3338091.json
30-04 14:13:11 +00:00: File uploaded: jdmelody-pc-dev.deac70d3442b22f7715270eea3338091.json
30-04 14:13:11 +00:00: Updated local JSON file: data/songdb/PC/SongDB_Dev.json with URL: https://jdmo-cdn.c0llydoll.com/private/songdb/jdmelody-pc-dev.deac70d3442b22f7715270eea3338091.json
30-04 14:13:13 +00:00: Uploading file: jdmelody-nx-all.json as jdmelody-nx-all.3eb4d39bd253960dc8e0df63b67dbe7a.json
30-04 14:13:14 +00:00: File uploaded: jdmelody-nx-all.3eb4d39bd253960dc8e0df63b67dbe7a.json
30-04 14:13:14 +00:00: Updated local JSON file: data/songdb/NX/SongDB.json with URL: https://jdmo-cdn.c0llydoll.com/private/songdb/jdmelody-nx-all.3eb4d39bd253960dc8e0df63b67dbe7a.json
30-04 14:13:14 +00:00: Uploading file: jdmelody-ps4-all.json as jdmelody-ps4-all.b0b96166dff22a068ca4131b349e4d30.json
30-04 14:13:15 +00:00: File uploaded: jdmelody-ps4-all.b0b96166dff22a068ca4131b349e4d30.json
30-04 14:13:15 +00:00: Updated local JSON file: data/songdb/PS4/SongDB.json with URL: https://jdmo-cdn.c0llydoll.com/private/songdb/jdmelody-ps4-all.b0b96166dff22a068ca4131b349e4d30.json
30-04 14:13:15 +00:00: Uploading file: jdmelody-pc-all.json as jdmelody-pc-all.c3350d45e9daca9cb2a8063fb8fc0135.json
30-04 14:13:16 +00:00: File uploaded: jdmelody-pc-all.c3350d45e9daca9cb2a8063fb8fc0135.json
30-04 14:13:16 +00:00: Updated local JSON file: data/songdb/PC/SongDB.json with URL: https://jdmo-cdn.c0llydoll.com/private/songdb/jdmelody-pc-all.c3350d45e9daca9cb2a8063fb8fc0135.json
30-04 14:13:16 +00:00: Uploading file: jdmelody-nx-patreon.json as jdmelody-nx-patreon.6e3c5fde9c29ce5e176fa402dd703ef7.json
30-04 14:13:16 +00:00: File uploaded: jdmelody-nx-patreon.6e3c5fde9c29ce5e176fa402dd703ef7.json
30-04 14:13:16 +00:00: Updated local JSON file: data/songdb/NX/SongDB_Patreon.json with URL: https://jdmo-cdn.c0llydoll.com/private/songdb/jdmelody-nx-patreon.6e3c5fde9c29ce5e176fa402dd703ef7.json
30-04 14:13:16 +00:00: Uploading file: jdmelody-ps4-patreon.json as jdmelody-ps4-patreon.e70ca4514aef3799e22d733aba9066db.json
30-04 14:13:16 +00:00: File uploaded: jdmelody-ps4-patreon.e70ca4514aef3799e22d733aba9066db.json
30-04 14:13:16 +00:00: Updated local JSON file: data/songdb/PS4/SongDB_Patreon.json with URL: https://jdmo-cdn.c0llydoll.com/private/songdb/jdmelody-ps4-patreon.e70ca4514aef3799e22d733aba9066db.json
30-04 14:13:16 +00:00: Uploading file: jdmelody-pc-patreon.json as jdmelody-pc-patreon.879e6f7130831dbb6a63c3f6b4665a7a.json
30-04 14:13:17 +00:00: File uploaded: jdmelody-pc-patreon.879e6f7130831dbb6a63c3f6b4665a7a.json
30-04 14:13:17 +00:00: Updated local JSON file: data/songdb/PC/SongDB_Patreon.json with URL: https://jdmo-cdn.c0llydoll.com/private/songdb/jdmelody-pc-patreon.879e6f7130831dbb6a63c3f6b4665a7a.json
30-04 14:13:17 +00:00: Uploading file: jdmelody-nx-dev.json as jdmelody-nx-dev.5fec9f72f503d9783308d11627b5d666.json
30-04 14:13:18 +00:00: File uploaded: jdmelody-nx-dev.5fec9f72f503d9783308d11627b5d666.json
30-04 14:13:18 +00:00: Updated local JSON file: data/songdb/NX/SongDB_Dev.json with URL: https://jdmo-cdn.c0llydoll.com/private/songdb/jdmelody-nx-dev.5fec9f72f503d9783308d11627b5d666.json
30-04 14:13:18 +00:00: Uploading file: jdmelody-ps4-dev.json as jdmelody-ps4-dev.bdfb29883a705a88c87d2b99a2bc61cb.json
30-04 14:13:18 +00:00: File uploaded: jdmelody-ps4-dev.bdfb29883a705a88c87d2b99a2bc61cb.json
30-04 14:13:18 +00:00: Updated local JSON file: data/songdb/PS4/SongDB_Dev.json with URL: https://jdmo-cdn.c0llydoll.com/private/songdb/jdmelody-ps4-dev.bdfb29883a705a88c87d2b99a2bc61cb.json
30-04 14:13:18 +00:00: Uploading file: jdmelody-pc-dev.json as jdmelody-pc-dev.753054725e92d21ce5d810f6dd4609d4.json
30-04 14:13:18 +00:00: File uploaded: jdmelody-pc-dev.753054725e92d21ce5d810f6dd4609d4.json
30-04 14:13:18 +00:00: Updated local JSON file: data/songdb/PC/SongDB_Dev.json with URL: https://jdmo-cdn.c0llydoll.com/private/songdb/jdmelody-pc-dev.753054725e92d21ce5d810f6dd4609d4.json
30-04 14:13:21 +00:00: Uploading file: jdmelody-nx-all.json as jdmelody-nx-all.a5a4145d0466c70b43cc6143ae3e5d09.json
30-04 14:13:21 +00:00: File uploaded: jdmelody-nx-all.a5a4145d0466c70b43cc6143ae3e5d09.json
30-04 14:13:21 +00:00: Updated local JSON file: data/songdb/NX/SongDB.json with URL: https://jdmo-cdn.c0llydoll.com/private/songdb/jdmelody-nx-all.a5a4145d0466c70b43cc6143ae3e5d09.json
30-04 14:13:21 +00:00: Uploading file: jdmelody-ps4-all.json as jdmelody-ps4-all.d140955c79eefc4a4de875886d635e4d.json
30-04 14:13:21 +00:00: File uploaded: jdmelody-ps4-all.d140955c79eefc4a4de875886d635e4d.json
30-04 14:13:21 +00:00: Updated local JSON file: data/songdb/PS4/SongDB.json with URL: https://jdmo-cdn.c0llydoll.com/private/songdb/jdmelody-ps4-all.d140955c79eefc4a4de875886d635e4d.json
30-04 14:13:21 +00:00: Uploading file: jdmelody-pc-all.json as jdmelody-pc-all.c3e2c7a3183284eaa103faa0d6413392.json
30-04 14:13:22 +00:00: File uploaded: jdmelody-pc-all.c3e2c7a3183284eaa103faa0d6413392.json
30-04 14:13:22 +00:00: Updated local JSON file: data/songdb/PC/SongDB.json with URL: https://jdmo-cdn.c0llydoll.com/private/songdb/jdmelody-pc-all.c3e2c7a3183284eaa103faa0d6413392.json
30-04 14:13:22 +00:00: Uploading file: jdmelody-nx-patreon.json as jdmelody-nx-patreon.1a078a602504a3f03e5a1c49e45d3141.json
30-04 14:13:22 +00:00: File uploaded: jdmelody-nx-patreon.1a078a602504a3f03e5a1c49e45d3141.json
30-04 14:13:22 +00:00: Updated local JSON file: data/songdb/NX/SongDB_Patreon.json with URL: https://jdmo-cdn.c0llydoll.com/private/songdb/jdmelody-nx-patreon.1a078a602504a3f03e5a1c49e45d3141.json
30-04 14:13:22 +00:00: Uploading file: jdmelody-ps4-patreon.json as jdmelody-ps4-patreon.caa750d6d6539d78a2d2d3b11eef0711.json
30-04 14:13:23 +00:00: File uploaded: jdmelody-ps4-patreon.caa750d6d6539d78a2d2d3b11eef0711.json
30-04 14:13:23 +00:00: Updated local JSON file: data/songdb/PS4/SongDB_Patreon.json with URL: https://jdmo-cdn.c0llydoll.com/private/songdb/jdmelody-ps4-patreon.caa750d6d6539d78a2d2d3b11eef0711.json
30-04 14:13:23 +00:00: Uploading file: jdmelody-pc-patreon.json as jdmelody-pc-patreon.92b5a5843274466224aa7efa6ed20450.json
30-04 14:13:23 +00:00: File uploaded: jdmelody-pc-patreon.92b5a5843274466224aa7efa6ed20450.json
30-04 14:13:23 +00:00: Updated local JSON file: data/songdb/PC/SongDB_Patreon.json with URL: https://jdmo-cdn.c0llydoll.com/private/songdb/jdmelody-pc-patreon.92b5a5843274466224aa7efa6ed20450.json
30-04 14:13:23 +00:00: Uploading file: jdmelody-nx-dev.json as jdmelody-nx-dev.52f8be9aa14f1b4d8c69d11f602cb3e4.json
30-04 14:13:23 +00:00: File uploaded: jdmelody-nx-dev.52f8be9aa14f1b4d8c69d11f602cb3e4.json
30-04 14:13:23 +00:00: Updated local JSON file: data/songdb/NX/SongDB_Dev.json with URL: https://jdmo-cdn.c0llydoll.com/private/songdb/jdmelody-nx-dev.52f8be9aa14f1b4d8c69d11f602cb3e4.json
30-04 14:13:23 +00:00: Uploading file: jdmelody-ps4-dev.json as jdmelody-ps4-dev.462339f48f70923ea991a13d44f63371.json
30-04 14:13:23 +00:00: File uploaded: jdmelody-ps4-dev.462339f48f70923ea991a13d44f63371.json
30-04 14:13:23 +00:00: Updated local JSON file: data/songdb/PS4/SongDB_Dev.json with URL: https://jdmo-cdn.c0llydoll.com/private/songdb/jdmelody-ps4-dev.462339f48f70923ea991a13d44f63371.json
30-04 14:13:23 +00:00: Uploading file: jdmelody-pc-dev.json as jdmelody-pc-dev.817fb361fe87396fe2bd3efeea3dad4e.json
30-04 14:13:25 +00:00: File uploaded: jdmelody-pc-dev.817fb361fe87396fe2bd3efeea3dad4e.json
30-04 14:13:25 +00:00: Updated local JSON file: data/songdb/PC/SongDB_Dev.json with URL: https://jdmo-cdn.c0llydoll.com/private/songdb/jdmelody-pc-dev.817fb361fe87396fe2bd3efeea3dad4e.json
30-04 14:13:27 +00:00: Uploading file: jdmelody-nx-all.json as jdmelody-nx-all.78d41f8972303d0a544cd6c2d33b1caf.json
30-04 14:13:28 +00:00: File uploaded: jdmelody-nx-all.78d41f8972303d0a544cd6c2d33b1caf.json
30-04 14:13:28 +00:00: Updated local JSON file: data/songdb/NX/SongDB.json with URL: https://jdmo-cdn.c0llydoll.com/private/songdb/jdmelody-nx-all.78d41f8972303d0a544cd6c2d33b1caf.json
30-04 14:13:28 +00:00: Uploading file: jdmelody-ps4-all.json as jdmelody-ps4-all.d1b4d339c0b0ce2d5a28e65685c93144.json
30-04 14:13:28 +00:00: File uploaded: jdmelody-ps4-all.d1b4d339c0b0ce2d5a28e65685c93144.json
30-04 14:13:28 +00:00: Updated local JSON file: data/songdb/PS4/SongDB.json with URL: https://jdmo-cdn.c0llydoll.com/private/songdb/jdmelody-ps4-all.d1b4d339c0b0ce2d5a28e65685c93144.json
30-04 14:13:28 +00:00: Uploading file: jdmelody-pc-all.json as jdmelody-pc-all.fc96d5522f015baa35e09c489fc3bfa4.json
30-04 14:13:29 +00:00: File uploaded: jdmelody-pc-all.fc96d5522f015baa35e09c489fc3bfa4.json
30-04 14:13:29 +00:00: Updated local JSON file: data/songdb/PC/SongDB.json with URL: https://jdmo-cdn.c0llydoll.com/private/songdb/jdmelody-pc-all.fc96d5522f015baa35e09c489fc3bfa4.json
30-04 14:13:29 +00:00: Uploading file: jdmelody-nx-patreon.json as jdmelody-nx-patreon.864bba6c4158a5a0b55e6da1a162a606.json
30-04 14:13:29 +00:00: File uploaded: jdmelody-nx-patreon.864bba6c4158a5a0b55e6da1a162a606.json
30-04 14:13:29 +00:00: Updated local JSON file: data/songdb/NX/SongDB_Patreon.json with URL: https://jdmo-cdn.c0llydoll.com/private/songdb/jdmelody-nx-patreon.864bba6c4158a5a0b55e6da1a162a606.json
30-04 14:13:29 +00:00: Uploading file: jdmelody-ps4-patreon.json as jdmelody-ps4-patreon.cbbe98d0dd197bb705f2a3f5100cb41e.json
30-04 14:13:30 +00:00: File uploaded: jdmelody-ps4-patreon.cbbe98d0dd197bb705f2a3f5100cb41e.json
30-04 14:13:30 +00:00: Updated local JSON file: data/songdb/PS4/SongDB_Patreon.json with URL: https://jdmo-cdn.c0llydoll.com/private/songdb/jdmelody-ps4-patreon.cbbe98d0dd197bb705f2a3f5100cb41e.json
30-04 14:13:30 +00:00: Uploading file: jdmelody-pc-patreon.json as jdmelody-pc-patreon.43fd89b33edb3f47aa274345723ed501.json
30-04 14:13:30 +00:00: File uploaded: jdmelody-pc-patreon.43fd89b33edb3f47aa274345723ed501.json
30-04 14:13:30 +00:00: Updated local JSON file: data/songdb/PC/SongDB_Patreon.json with URL: https://jdmo-cdn.c0llydoll.com/private/songdb/jdmelody-pc-patreon.43fd89b33edb3f47aa274345723ed501.json
30-04 14:13:30 +00:00: Uploading file: jdmelody-nx-dev.json as jdmelody-nx-dev.7b34841ca800bc0e9db5ed1397443430.json
30-04 14:13:30 +00:00: File uploaded: jdmelody-nx-dev.7b34841ca800bc0e9db5ed1397443430.json
30-04 14:13:30 +00:00: Updated local JSON file: data/songdb/NX/SongDB_Dev.json with URL: https://jdmo-cdn.c0llydoll.com/private/songdb/jdmelody-nx-dev.7b34841ca800bc0e9db5ed1397443430.json
30-04 14:13:31 +00:00: Uploading file: jdmelody-ps4-dev.json as jdmelody-ps4-dev.7a22aa4199b157452b4bdbfd868f415f.json
30-04 14:13:31 +00:00: File uploaded: jdmelody-ps4-dev.7a22aa4199b157452b4bdbfd868f415f.json
30-04 14:13:31 +00:00: Updated local JSON file: data/songdb/PS4/SongDB_Dev.json with URL: https://jdmo-cdn.c0llydoll.com/private/songdb/jdmelody-ps4-dev.7a22aa4199b157452b4bdbfd868f415f.json
30-04 14:13:31 +00:00: Uploading file: jdmelody-pc-dev.json as jdmelody-pc-dev.fee0c9ce3eb384588d9454dfe6230758.json
30-04 14:13:31 +00:00: File uploaded: jdmelody-pc-dev.fee0c9ce3eb384588d9454dfe6230758.json
30-04 14:13:31 +00:00: Updated local JSON file: data/songdb/PC/SongDB_Dev.json with URL: https://jdmo-cdn.c0llydoll.com/private/songdb/jdmelody-pc-dev.fee0c9ce3eb384588d9454dfe6230758.json
30-04 14:13:34 +00:00: Uploading file: jdmelody-nx-all.json as jdmelody-nx-all.b8f48652e459793f3f4f5a0c08eb0519.json
30-04 14:13:35 +00:00: File uploaded: jdmelody-nx-all.b8f48652e459793f3f4f5a0c08eb0519.json
30-04 14:13:35 +00:00: Updated local JSON file: data/songdb/NX/SongDB.json with URL: https://jdmo-cdn.c0llydoll.com/private/songdb/jdmelody-nx-all.b8f48652e459793f3f4f5a0c08eb0519.json
30-04 14:13:35 +00:00: Uploading file: jdmelody-ps4-all.json as jdmelody-ps4-all.3ad51109fb80ccfd31f5e73fc6e8f49b.json
30-04 14:13:35 +00:00: File uploaded: jdmelody-ps4-all.3ad51109fb80ccfd31f5e73fc6e8f49b.json
30-04 14:13:35 +00:00: Updated local JSON file: data/songdb/PS4/SongDB.json with URL: https://jdmo-cdn.c0llydoll.com/private/songdb/jdmelody-ps4-all.3ad51109fb80ccfd31f5e73fc6e8f49b.json
30-04 14:13:35 +00:00: Uploading file: jdmelody-pc-all.json as jdmelody-pc-all.6c9ca9db8726ecec8c3551d292038fc2.json
30-04 14:13:36 +00:00: File uploaded: jdmelody-pc-all.6c9ca9db8726ecec8c3551d292038fc2.json
30-04 14:13:36 +00:00: Updated local JSON file: data/songdb/PC/SongDB.json with URL: https://jdmo-cdn.c0llydoll.com/private/songdb/jdmelody-pc-all.6c9ca9db8726ecec8c3551d292038fc2.json
30-04 14:13:36 +00:00: Uploading file: jdmelody-nx-patreon.json as jdmelody-nx-patreon.7d150b91235b1ddc3dfaff931bda719a.json
30-04 14:13:37 +00:00: File uploaded: jdmelody-nx-patreon.7d150b91235b1ddc3dfaff931bda719a.json
30-04 14:13:37 +00:00: Updated local JSON file: data/songdb/NX/SongDB_Patreon.json with URL: https://jdmo-cdn.c0llydoll.com/private/songdb/jdmelody-nx-patreon.7d150b91235b1ddc3dfaff931bda719a.json
30-04 14:13:37 +00:00: Uploading file: jdmelody-ps4-patreon.json as jdmelody-ps4-patreon.875e499d9ce243659cff70f7dd0e2d49.json
30-04 14:13:38 +00:00: File uploaded: jdmelody-ps4-patreon.875e499d9ce243659cff70f7dd0e2d49.json
30-04 14:13:38 +00:00: Updated local JSON file: data/songdb/PS4/SongDB_Patreon.json with URL: https://jdmo-cdn.c0llydoll.com/private/songdb/jdmelody-ps4-patreon.875e499d9ce243659cff70f7dd0e2d49.json
30-04 14:13:38 +00:00: Uploading file: jdmelody-pc-patreon.json as jdmelody-pc-patreon.7a23f6b1644d30d3fb1900c07da35c82.json
30-04 14:13:39 +00:00: File uploaded: jdmelody-pc-patreon.7a23f6b1644d30d3fb1900c07da35c82.json
30-04 14:13:39 +00:00: Updated local JSON file: data/songdb/PC/SongDB_Patreon.json with URL: https://jdmo-cdn.c0llydoll.com/private/songdb/jdmelody-pc-patreon.7a23f6b1644d30d3fb1900c07da35c82.json
30-04 14:13:39 +00:00: Uploading file: jdmelody-nx-dev.json as jdmelody-nx-dev.6d0e3a944c67acef28bcd5a8003373c7.json
30-04 14:13:39 +00:00: File uploaded: jdmelody-nx-dev.6d0e3a944c67acef28bcd5a8003373c7.json
30-04 14:13:39 +00:00: Updated local JSON file: data/songdb/NX/SongDB_Dev.json with URL: https://jdmo-cdn.c0llydoll.com/private/songdb/jdmelody-nx-dev.6d0e3a944c67acef28bcd5a8003373c7.json
30-04 14:13:39 +00:00: Uploading file: jdmelody-ps4-dev.json as jdmelody-ps4-dev.c21f61d9fa7818bf46491926f974280f.json
30-04 14:13:40 +00:00: File uploaded: jdmelody-ps4-dev.c21f61d9fa7818bf46491926f974280f.json
30-04 14:13:40 +00:00: Updated local JSON file: data/songdb/PS4/SongDB_Dev.json with URL: https://jdmo-cdn.c0llydoll.com/private/songdb/jdmelody-ps4-dev.c21f61d9fa7818bf46491926f974280f.json
30-04 14:13:40 +00:00: Uploading file: jdmelody-pc-dev.json as jdmelody-pc-dev.8a43e165f5d2a860135f932fab6152da.json
30-04 14:13:40 +00:00: File uploaded: jdmelody-pc-dev.8a43e165f5d2a860135f932fab6152da.json
30-04 14:13:40 +00:00: Updated local JSON file: data/songdb/PC/SongDB_Dev.json with URL: https://jdmo-cdn.c0llydoll.com/private/songdb/jdmelody-pc-dev.8a43e165f5d2a860135f932fab6152da.json
30-04 14:13:43 +00:00: Uploading file: jdmelody-nx-all.json as jdmelody-nx-all.9e8c88f6fc447a321a0368127fabd05d.json
30-04 14:13:43 +00:00: File uploaded: jdmelody-nx-all.9e8c88f6fc447a321a0368127fabd05d.json
30-04 14:13:43 +00:00: Updated local JSON file: data/songdb/NX/SongDB.json with URL: https://jdmo-cdn.c0llydoll.com/private/songdb/jdmelody-nx-all.9e8c88f6fc447a321a0368127fabd05d.json
30-04 14:13:43 +00:00: Uploading file: jdmelody-ps4-all.json as jdmelody-ps4-all.da50a4063bf5ab9814f7ea319b6794a1.json
30-04 14:13:43 +00:00: File uploaded: jdmelody-ps4-all.da50a4063bf5ab9814f7ea319b6794a1.json
30-04 14:13:43 +00:00: Updated local JSON file: data/songdb/PS4/SongDB.json with URL: https://jdmo-cdn.c0llydoll.com/private/songdb/jdmelody-ps4-all.da50a4063bf5ab9814f7ea319b6794a1.json
30-04 14:13:44 +00:00: Uploading file: jdmelody-pc-all.json as jdmelody-pc-all.526f13c7437d6c0ef06a3904960ca8c3.json
30-04 14:13:44 +00:00: File uploaded: jdmelody-pc-all.526f13c7437d6c0ef06a3904960ca8c3.json
30-04 14:13:44 +00:00: Updated local JSON file: data/songdb/PC/SongDB.json with URL: https://jdmo-cdn.c0llydoll.com/private/songdb/jdmelody-pc-all.526f13c7437d6c0ef06a3904960ca8c3.json
30-04 14:13:44 +00:00: Uploading file: jdmelody-nx-patreon.json as jdmelody-nx-patreon.7aca8b2ed006acb51c34cea85dd82ff6.json
30-04 14:13:44 +00:00: File uploaded: jdmelody-nx-patreon.7aca8b2ed006acb51c34cea85dd82ff6.json
30-04 14:13:44 +00:00: Updated local JSON file: data/songdb/NX/SongDB_Patreon.json with URL: https://jdmo-cdn.c0llydoll.com/private/songdb/jdmelody-nx-patreon.7aca8b2ed006acb51c34cea85dd82ff6.json
30-04 14:13:44 +00:00: Uploading file: jdmelody-ps4-patreon.json as jdmelody-ps4-patreon.1680c3d4ea9810772df205a6793bd3fa.json
30-04 14:13:45 +00:00: File uploaded: jdmelody-ps4-patreon.1680c3d4ea9810772df205a6793bd3fa.json
30-04 14:13:45 +00:00: Updated local JSON file: data/songdb/PS4/SongDB_Patreon.json with URL: https://jdmo-cdn.c0llydoll.com/private/songdb/jdmelody-ps4-patreon.1680c3d4ea9810772df205a6793bd3fa.json
30-04 14:13:45 +00:00: Uploading file: jdmelody-pc-patreon.json as jdmelody-pc-patreon.d8e7428aa4e7193f10b7c8be49ebe352.json
30-04 14:13:45 +00:00: File uploaded: jdmelody-pc-patreon.d8e7428aa4e7193f10b7c8be49ebe352.json
30-04 14:13:45 +00:00: Updated local JSON file: data/songdb/PC/SongDB_Patreon.json with URL: https://jdmo-cdn.c0llydoll.com/private/songdb/jdmelody-pc-patreon.d8e7428aa4e7193f10b7c8be49ebe352.json
30-04 14:13:45 +00:00: Uploading file: jdmelody-nx-dev.json as jdmelody-nx-dev.725b49cd3360d74573ea10a8f2c0ba73.json
30-04 14:13:46 +00:00: File uploaded: jdmelody-nx-dev.725b49cd3360d74573ea10a8f2c0ba73.json
30-04 14:13:46 +00:00: Updated local JSON file: data/songdb/NX/SongDB_Dev.json with URL: https://jdmo-cdn.c0llydoll.com/private/songdb/jdmelody-nx-dev.725b49cd3360d74573ea10a8f2c0ba73.json
30-04 14:13:46 +00:00: Uploading file: jdmelody-ps4-dev.json as jdmelody-ps4-dev.a4f0d18d80e8c2e83e07d6ce025215b4.json
30-04 14:13:46 +00:00: File uploaded: jdmelody-ps4-dev.a4f0d18d80e8c2e83e07d6ce025215b4.json
30-04 14:13:46 +00:00: Updated local JSON file: data/songdb/PS4/SongDB_Dev.json with URL: https://jdmo-cdn.c0llydoll.com/private/songdb/jdmelody-ps4-dev.a4f0d18d80e8c2e83e07d6ce025215b4.json
30-04 14:13:46 +00:00: Uploading file: jdmelody-pc-dev.json as jdmelody-pc-dev.fc3396839a1ed99fd1302b9d53bb9d35.json
30-04 14:13:46 +00:00: File uploaded: jdmelody-pc-dev.fc3396839a1ed99fd1302b9d53bb9d35.json
30-04 14:13:46 +00:00: Updated local JSON file: data/songdb/PC/SongDB_Dev.json with URL: https://jdmo-cdn.c0llydoll.com/private/songdb/jdmelody-pc-dev.fc3396839a1ed99fd1302b9d53bb9d35.json
30-04 14:13:49 +00:00: Uploading file: jdmelody-nx-all.json as jdmelody-nx-all.c85a03ef24d874b355dcd4a0e5653232.json
30-04 14:13:49 +00:00: File uploaded: jdmelody-nx-all.c85a03ef24d874b355dcd4a0e5653232.json
30-04 14:13:49 +00:00: Updated local JSON file: data/songdb/NX/SongDB.json with URL: https://jdmo-cdn.c0llydoll.com/private/songdb/jdmelody-nx-all.c85a03ef24d874b355dcd4a0e5653232.json
30-04 14:13:49 +00:00: Uploading file: jdmelody-ps4-all.json as jdmelody-ps4-all.f5de3a6104ed17a476ab1045ebb656cc.json
30-04 14:13:50 +00:00: File uploaded: jdmelody-ps4-all.f5de3a6104ed17a476ab1045ebb656cc.json
30-04 14:13:50 +00:00: Updated local JSON file: data/songdb/PS4/SongDB.json with URL: https://jdmo-cdn.c0llydoll.com/private/songdb/jdmelody-ps4-all.f5de3a6104ed17a476ab1045ebb656cc.json
30-04 14:13:50 +00:00: Uploading file: jdmelody-pc-all.json as jdmelody-pc-all.13e456ffc96e9a4258b76c3abe73d1c6.json
30-04 14:13:50 +00:00: File uploaded: jdmelody-pc-all.13e456ffc96e9a4258b76c3abe73d1c6.json
30-04 14:13:50 +00:00: Updated local JSON file: data/songdb/PC/SongDB.json with URL: https://jdmo-cdn.c0llydoll.com/private/songdb/jdmelody-pc-all.13e456ffc96e9a4258b76c3abe73d1c6.json
30-04 14:13:50 +00:00: Uploading file: jdmelody-nx-patreon.json as jdmelody-nx-patreon.02c3a61d93452e45e5f9ee1d80cb5d07.json
30-04 14:13:50 +00:00: File uploaded: jdmelody-nx-patreon.02c3a61d93452e45e5f9ee1d80cb5d07.json
30-04 14:13:50 +00:00: Updated local JSON file: data/songdb/NX/SongDB_Patreon.json with URL: https://jdmo-cdn.c0llydoll.com/private/songdb/jdmelody-nx-patreon.02c3a61d93452e45e5f9ee1d80cb5d07.json
30-04 14:13:50 +00:00: Uploading file: jdmelody-ps4-patreon.json as jdmelody-ps4-patreon.ce825d8540522b6f548569ddb701a7c9.json
30-04 14:13:51 +00:00: File uploaded: jdmelody-ps4-patreon.ce825d8540522b6f548569ddb701a7c9.json
30-04 14:13:51 +00:00: Updated local JSON file: data/songdb/PS4/SongDB_Patreon.json with URL: https://jdmo-cdn.c0llydoll.com/private/songdb/jdmelody-ps4-patreon.ce825d8540522b6f548569ddb701a7c9.json
30-04 14:13:51 +00:00: Uploading file: jdmelody-pc-patreon.json as jdmelody-pc-patreon.a43d5c43b18213409c618a622cfeea79.json
30-04 14:13:51 +00:00: File uploaded: jdmelody-pc-patreon.a43d5c43b18213409c618a622cfeea79.json
30-04 14:13:51 +00:00: Updated local JSON file: data/songdb/PC/SongDB_Patreon.json with URL: https://jdmo-cdn.c0llydoll.com/private/songdb/jdmelody-pc-patreon.a43d5c43b18213409c618a622cfeea79.json
30-04 14:13:52 +00:00: Uploading file: jdmelody-nx-dev.json as jdmelody-nx-dev.d49da0016cc66f357fb32543b9b1df30.json
30-04 14:13:52 +00:00: File uploaded: jdmelody-nx-dev.d49da0016cc66f357fb32543b9b1df30.json
30-04 14:13:52 +00:00: Updated local JSON file: data/songdb/NX/SongDB_Dev.json with URL: https://jdmo-cdn.c0llydoll.com/private/songdb/jdmelody-nx-dev.d49da0016cc66f357fb32543b9b1df30.json
30-04 14:13:52 +00:00: Uploading file: jdmelody-ps4-dev.json as jdmelody-ps4-dev.76f9f95695b1d20f098b6ca0783ed217.json
30-04 14:13:52 +00:00: File uploaded: jdmelody-ps4-dev.76f9f95695b1d20f098b6ca0783ed217.json
30-04 14:13:52 +00:00: Updated local JSON file: data/songdb/PS4/SongDB_Dev.json with URL: https://jdmo-cdn.c0llydoll.com/private/songdb/jdmelody-ps4-dev.76f9f95695b1d20f098b6ca0783ed217.json
30-04 14:13:52 +00:00: Uploading file: jdmelody-pc-dev.json as jdmelody-pc-dev.1373c9e6f8cd5cfbaf79ef9fc185694c.json
30-04 14:13:53 +00:00: File uploaded: jdmelody-pc-dev.1373c9e6f8cd5cfbaf79ef9fc185694c.json
30-04 14:13:53 +00:00: Updated local JSON file: data/songdb/PC/SongDB_Dev.json with URL: https://jdmo-cdn.c0llydoll.com/private/songdb/jdmelody-pc-dev.1373c9e6f8cd5cfbaf79ef9fc185694c.json
30-04 14:13:55 +00:00: Uploading file: jdmelody-nx-all.json as jdmelody-nx-all.4c88f10051f5f96214e3d7a95efb5b1c.json
30-04 14:13:55 +00:00: File uploaded: jdmelody-nx-all.4c88f10051f5f96214e3d7a95efb5b1c.json
30-04 14:13:55 +00:00: Updated local JSON file: data/songdb/NX/SongDB.json with URL: https://jdmo-cdn.c0llydoll.com/private/songdb/jdmelody-nx-all.4c88f10051f5f96214e3d7a95efb5b1c.json
30-04 14:13:55 +00:00: Uploading file: jdmelody-ps4-all.json as jdmelody-ps4-all.4e739907cb05f185569c603bca24724e.json
30-04 14:13:56 +00:00: File uploaded: jdmelody-ps4-all.4e739907cb05f185569c603bca24724e.json
30-04 14:13:56 +00:00: Updated local JSON file: data/songdb/PS4/SongDB.json with URL: https://jdmo-cdn.c0llydoll.com/private/songdb/jdmelody-ps4-all.4e739907cb05f185569c603bca24724e.json
30-04 14:13:56 +00:00: Uploading file: jdmelody-pc-all.json as jdmelody-pc-all.aefbb280a604bbd972349d5b8f5c4f55.json
30-04 14:13:56 +00:00: File uploaded: jdmelody-pc-all.aefbb280a604bbd972349d5b8f5c4f55.json
30-04 14:13:56 +00:00: Updated local JSON file: data/songdb/PC/SongDB.json with URL: https://jdmo-cdn.c0llydoll.com/private/songdb/jdmelody-pc-all.aefbb280a604bbd972349d5b8f5c4f55.json
30-04 14:13:56 +00:00: Uploading file: jdmelody-nx-patreon.json as jdmelody-nx-patreon.244b16303be79ad9326561e82a1259f1.json
30-04 14:13:56 +00:00: File uploaded: jdmelody-nx-patreon.244b16303be79ad9326561e82a1259f1.json
30-04 14:13:56 +00:00: Updated local JSON file: data/songdb/NX/SongDB_Patreon.json with URL: https://jdmo-cdn.c0llydoll.com/private/songdb/jdmelody-nx-patreon.244b16303be79ad9326561e82a1259f1.json
30-04 14:13:56 +00:00: Uploading file: jdmelody-ps4-patreon.json as jdmelody-ps4-patreon.e51db46ef5e434b072da8da8ef945c10.json
30-04 14:13:57 +00:00: File uploaded: jdmelody-ps4-patreon.e51db46ef5e434b072da8da8ef945c10.json
30-04 14:13:57 +00:00: Updated local JSON file: data/songdb/PS4/SongDB_Patreon.json with URL: https://jdmo-cdn.c0llydoll.com/private/songdb/jdmelody-ps4-patreon.e51db46ef5e434b072da8da8ef945c10.json
30-04 14:13:57 +00:00: Uploading file: jdmelody-pc-patreon.json as jdmelody-pc-patreon.6bc9d80ccde7ed9987ac7bc76191a997.json
30-04 14:13:57 +00:00: File uploaded: jdmelody-pc-patreon.6bc9d80ccde7ed9987ac7bc76191a997.json
30-04 14:13:57 +00:00: Updated local JSON file: data/songdb/PC/SongDB_Patreon.json with URL: https://jdmo-cdn.c0llydoll.com/private/songdb/jdmelody-pc-patreon.6bc9d80ccde7ed9987ac7bc76191a997.json
30-04 14:13:57 +00:00: Uploading file: jdmelody-nx-dev.json as jdmelody-nx-dev.b5004aca92ae75c5d5844734ec368705.json
30-04 14:13:58 +00:00: File uploaded: jdmelody-nx-dev.b5004aca92ae75c5d5844734ec368705.json
30-04 14:13:58 +00:00: Updated local JSON file: data/songdb/NX/SongDB_Dev.json with URL: https://jdmo-cdn.c0llydoll.com/private/songdb/jdmelody-nx-dev.b5004aca92ae75c5d5844734ec368705.json
30-04 14:13:58 +00:00: Uploading file: jdmelody-ps4-dev.json as jdmelody-ps4-dev.aa0cf6e84319c19752b24f83c83fb312.json
30-04 14:13:58 +00:00: File uploaded: jdmelody-ps4-dev.aa0cf6e84319c19752b24f83c83fb312.json
30-04 14:13:58 +00:00: Updated local JSON file: data/songdb/PS4/SongDB_Dev.json with URL: https://jdmo-cdn.c0llydoll.com/private/songdb/jdmelody-ps4-dev.aa0cf6e84319c19752b24f83c83fb312.json
30-04 14:13:58 +00:00: Uploading file: jdmelody-pc-dev.json as jdmelody-pc-dev.d334708e0d655bf381462d72bc72a035.json
30-04 14:13:58 +00:00: File uploaded: jdmelody-pc-dev.d334708e0d655bf381462d72bc72a035.json
30-04 14:13:58 +00:00: Updated local JSON file: data/songdb/PC/SongDB_Dev.json with URL: https://jdmo-cdn.c0llydoll.com/private/songdb/jdmelody-pc-dev.d334708e0d655bf381462d72bc72a035.json
30-04 14:14:01 +00:00: Uploading file: jdmelody-nx-all.json as jdmelody-nx-all.92c9ee9a81a32a47aadb97673b7ce324.json
30-04 14:14:05 +00:00: File uploaded: jdmelody-nx-all.92c9ee9a81a32a47aadb97673b7ce324.json
30-04 14:14:05 +00:00: Updated local JSON file: data/songdb/NX/SongDB.json with URL: https://jdmo-cdn.c0llydoll.com/private/songdb/jdmelody-nx-all.92c9ee9a81a32a47aadb97673b7ce324.json
30-04 14:14:05 +00:00: Uploading file: jdmelody-ps4-all.json as jdmelody-ps4-all.3ccc484a452ca2236b7ae0aeb65231b3.json
30-04 14:14:06 +00:00: File uploaded: jdmelody-ps4-all.3ccc484a452ca2236b7ae0aeb65231b3.json
30-04 14:14:06 +00:00: Updated local JSON file: data/songdb/PS4/SongDB.json with URL: https://jdmo-cdn.c0llydoll.com/private/songdb/jdmelody-ps4-all.3ccc484a452ca2236b7ae0aeb65231b3.json
30-04 14:14:06 +00:00: Uploading file: jdmelody-pc-all.json as jdmelody-pc-all.c8549bb6e0cfae2a9c310121d0f196d2.json
30-04 14:14:06 +00:00: File uploaded: jdmelody-pc-all.c8549bb6e0cfae2a9c310121d0f196d2.json
30-04 14:14:06 +00:00: Updated local JSON file: data/songdb/PC/SongDB.json with URL: https://jdmo-cdn.c0llydoll.com/private/songdb/jdmelody-pc-all.c8549bb6e0cfae2a9c310121d0f196d2.json
30-04 14:14:06 +00:00: Uploading file: jdmelody-nx-patreon.json as jdmelody-nx-patreon.c4a2dc1cd135716f8de16610eaab0e21.json
30-04 14:14:06 +00:00: File uploaded: jdmelody-nx-patreon.c4a2dc1cd135716f8de16610eaab0e21.json
30-04 14:14:06 +00:00: Updated local JSON file: data/songdb/NX/SongDB_Patreon.json with URL: https://jdmo-cdn.c0llydoll.com/private/songdb/jdmelody-nx-patreon.c4a2dc1cd135716f8de16610eaab0e21.json
30-04 14:14:06 +00:00: Uploading file: jdmelody-ps4-patreon.json as jdmelody-ps4-patreon.8124d446141fb346f4c4d6f48ba9a864.json
30-04 14:14:06 +00:00: File uploaded: jdmelody-ps4-patreon.8124d446141fb346f4c4d6f48ba9a864.json
30-04 14:14:06 +00:00: Updated local JSON file: data/songdb/PS4/SongDB_Patreon.json with URL: https://jdmo-cdn.c0llydoll.com/private/songdb/jdmelody-ps4-patreon.8124d446141fb346f4c4d6f48ba9a864.json
30-04 14:14:06 +00:00: Uploading file: jdmelody-pc-patreon.json as jdmelody-pc-patreon.7d8b1b09ce7aa05eb14684e6bb220646.json
30-04 14:14:07 +00:00: File uploaded: jdmelody-pc-patreon.7d8b1b09ce7aa05eb14684e6bb220646.json
30-04 14:14:07 +00:00: Updated local JSON file: data/songdb/PC/SongDB_Patreon.json with URL: https://jdmo-cdn.c0llydoll.com/private/songdb/jdmelody-pc-patreon.7d8b1b09ce7aa05eb14684e6bb220646.json
30-04 14:14:07 +00:00: Uploading file: jdmelody-nx-dev.json as jdmelody-nx-dev.c617345db42fdeca9c19314c8d1bd2a4.json
30-04 14:14:08 +00:00: File uploaded: jdmelody-nx-dev.c617345db42fdeca9c19314c8d1bd2a4.json
30-04 14:14:08 +00:00: Updated local JSON file: data/songdb/NX/SongDB_Dev.json with URL: https://jdmo-cdn.c0llydoll.com/private/songdb/jdmelody-nx-dev.c617345db42fdeca9c19314c8d1bd2a4.json
30-04 14:14:08 +00:00: Uploading file: jdmelody-ps4-dev.json as jdmelody-ps4-dev.4bf198bcfdab6fa260463211bcf802a3.json
30-04 14:14:09 +00:00: File uploaded: jdmelody-ps4-dev.4bf198bcfdab6fa260463211bcf802a3.json
30-04 14:14:09 +00:00: Updated local JSON file: data/songdb/PS4/SongDB_Dev.json with URL: https://jdmo-cdn.c0llydoll.com/private/songdb/jdmelody-ps4-dev.4bf198bcfdab6fa260463211bcf802a3.json
30-04 14:14:09 +00:00: Uploading file: jdmelody-pc-dev.json as jdmelody-pc-dev.5ac31e5fd87dd2c0248d052f8e39dcce.json
30-04 14:14:09 +00:00: File uploaded: jdmelody-pc-dev.5ac31e5fd87dd2c0248d052f8e39dcce.json
30-04 14:14:09 +00:00: Updated local JSON file: data/songdb/PC/SongDB_Dev.json with URL: https://jdmo-cdn.c0llydoll.com/private/songdb/jdmelody-pc-dev.5ac31e5fd87dd2c0248d052f8e39dcce.json
30-04 14:14:12 +00:00: Uploading file: jdmelody-nx-all.json as jdmelody-nx-all.8467a684dd7555500cc46da013eeb26f.json
30-04 14:14:12 +00:00: File uploaded: jdmelody-nx-all.8467a684dd7555500cc46da013eeb26f.json
30-04 14:14:12 +00:00: Updated local JSON file: data/songdb/NX/SongDB.json with URL: https://jdmo-cdn.c0llydoll.com/private/songdb/jdmelody-nx-all.8467a684dd7555500cc46da013eeb26f.json
30-04 14:14:12 +00:00: Uploading file: jdmelody-ps4-all.json as jdmelody-ps4-all.105319768434914ce8d7cb61956b5730.json
30-04 14:14:13 +00:00: File uploaded: jdmelody-ps4-all.105319768434914ce8d7cb61956b5730.json
30-04 14:14:13 +00:00: Updated local JSON file: data/songdb/PS4/SongDB.json with URL: https://jdmo-cdn.c0llydoll.com/private/songdb/jdmelody-ps4-all.105319768434914ce8d7cb61956b5730.json
30-04 14:14:13 +00:00: Uploading file: jdmelody-pc-all.json as jdmelody-pc-all.dd34336efd11c38df57325379c573590.json
30-04 14:14:13 +00:00: File uploaded: jdmelody-pc-all.dd34336efd11c38df57325379c573590.json
30-04 14:14:13 +00:00: Updated local JSON file: data/songdb/PC/SongDB.json with URL: https://jdmo-cdn.c0llydoll.com/private/songdb/jdmelody-pc-all.dd34336efd11c38df57325379c573590.json
30-04 14:14:13 +00:00: Uploading file: jdmelody-nx-patreon.json as jdmelody-nx-patreon.c35380dcb154537ea8689a3e1c2dab2c.json
30-04 14:14:14 +00:00: File uploaded: jdmelody-nx-patreon.c35380dcb154537ea8689a3e1c2dab2c.json
30-04 14:14:14 +00:00: Updated local JSON file: data/songdb/NX/SongDB_Patreon.json with URL: https://jdmo-cdn.c0llydoll.com/private/songdb/jdmelody-nx-patreon.c35380dcb154537ea8689a3e1c2dab2c.json
30-04 14:14:14 +00:00: Uploading file: jdmelody-ps4-patreon.json as jdmelody-ps4-patreon.eebfd66accfed7bae44956381d27e170.json
30-04 14:14:14 +00:00: File uploaded: jdmelody-ps4-patreon.eebfd66accfed7bae44956381d27e170.json
30-04 14:14:14 +00:00: Updated local JSON file: data/songdb/PS4/SongDB_Patreon.json with URL: https://jdmo-cdn.c0llydoll.com/private/songdb/jdmelody-ps4-patreon.eebfd66accfed7bae44956381d27e170.json
30-04 14:14:14 +00:00: Uploading file: jdmelody-pc-patreon.json as jdmelody-pc-patreon.23c63055c39bc9b8e2963292c0ac4e16.json
30-04 14:14:14 +00:00: File uploaded: jdmelody-pc-patreon.23c63055c39bc9b8e2963292c0ac4e16.json
30-04 14:14:14 +00:00: Updated local JSON file: data/songdb/PC/SongDB_Patreon.json with URL: https://jdmo-cdn.c0llydoll.com/private/songdb/jdmelody-pc-patreon.23c63055c39bc9b8e2963292c0ac4e16.json
30-04 14:14:14 +00:00: Uploading file: jdmelody-nx-dev.json as jdmelody-nx-dev.9b6cfcefd7df991c115b339bb9c4a940.json
30-04 14:14:15 +00:00: File uploaded: jdmelody-nx-dev.9b6cfcefd7df991c115b339bb9c4a940.json
30-04 14:14:15 +00:00: Updated local JSON file: data/songdb/NX/SongDB_Dev.json with URL: https://jdmo-cdn.c0llydoll.com/private/songdb/jdmelody-nx-dev.9b6cfcefd7df991c115b339bb9c4a940.json
30-04 14:14:15 +00:00: Uploading file: jdmelody-ps4-dev.json as jdmelody-ps4-dev.eb9b081bc5166429d38b670252fe5f66.json
30-04 14:14:15 +00:00: File uploaded: jdmelody-ps4-dev.eb9b081bc5166429d38b670252fe5f66.json
30-04 14:14:15 +00:00: Updated local JSON file: data/songdb/PS4/SongDB_Dev.json with URL: https://jdmo-cdn.c0llydoll.com/private/songdb/jdmelody-ps4-dev.eb9b081bc5166429d38b670252fe5f66.json
30-04 14:14:15 +00:00: Uploading file: jdmelody-pc-dev.json as jdmelody-pc-dev.c2bd70a7969056239b5acee3a52cc007.json
30-04 14:14:15 +00:00: File uploaded: jdmelody-pc-dev.c2bd70a7969056239b5acee3a52cc007.json
30-04 14:14:15 +00:00: Updated local JSON file: data/songdb/PC/SongDB_Dev.json with URL: https://jdmo-cdn.c0llydoll.com/private/songdb/jdmelody-pc-dev.c2bd70a7969056239b5acee3a52cc007.json
30-04 14:14:18 +00:00: Uploading file: jdmelody-nx-all.json as jdmelody-nx-all.8acb28a15305fa56425f46b2a5bb8ee3.json
30-04 14:14:18 +00:00: File uploaded: jdmelody-nx-all.8acb28a15305fa56425f46b2a5bb8ee3.json
30-04 14:14:18 +00:00: Updated local JSON file: data/songdb/NX/SongDB.json with URL: https://jdmo-cdn.c0llydoll.com/private/songdb/jdmelody-nx-all.8acb28a15305fa56425f46b2a5bb8ee3.json
30-04 14:14:18 +00:00: Uploading file: jdmelody-ps4-all.json as jdmelody-ps4-all.8de3fdb34f49a4f851f65a318739bea5.json
30-04 14:14:19 +00:00: File uploaded: jdmelody-ps4-all.8de3fdb34f49a4f851f65a318739bea5.json
30-04 14:14:19 +00:00: Updated local JSON file: data/songdb/PS4/SongDB.json with URL: https://jdmo-cdn.c0llydoll.com/private/songdb/jdmelody-ps4-all.8de3fdb34f49a4f851f65a318739bea5.json
30-04 14:14:19 +00:00: Uploading file: jdmelody-pc-all.json as jdmelody-pc-all.0a4a444c968c12c3d55ff21a525ee1f1.json
30-04 14:14:19 +00:00: File uploaded: jdmelody-pc-all.0a4a444c968c12c3d55ff21a525ee1f1.json
30-04 14:14:19 +00:00: Updated local JSON file: data/songdb/PC/SongDB.json with URL: https://jdmo-cdn.c0llydoll.com/private/songdb/jdmelody-pc-all.0a4a444c968c12c3d55ff21a525ee1f1.json
30-04 14:14:19 +00:00: Uploading file: jdmelody-nx-patreon.json as jdmelody-nx-patreon.a3a1ff130fe93d3a2bb771def5b36713.json
30-04 14:14:19 +00:00: File uploaded: jdmelody-nx-patreon.a3a1ff130fe93d3a2bb771def5b36713.json
30-04 14:14:19 +00:00: Updated local JSON file: data/songdb/NX/SongDB_Patreon.json with URL: https://jdmo-cdn.c0llydoll.com/private/songdb/jdmelody-nx-patreon.a3a1ff130fe93d3a2bb771def5b36713.json
30-04 14:14:19 +00:00: Uploading file: jdmelody-ps4-patreon.json as jdmelody-ps4-patreon.986e077e8a40e826b5b89f5c150349a1.json
30-04 14:14:20 +00:00: File uploaded: jdmelody-ps4-patreon.986e077e8a40e826b5b89f5c150349a1.json
30-04 14:14:20 +00:00: Updated local JSON file: data/songdb/PS4/SongDB_Patreon.json with URL: https://jdmo-cdn.c0llydoll.com/private/songdb/jdmelody-ps4-patreon.986e077e8a40e826b5b89f5c150349a1.json
30-04 14:14:20 +00:00: Uploading file: jdmelody-pc-patreon.json as jdmelody-pc-patreon.c0c749315a2c97c5eabe5af43668b630.json
30-04 14:14:20 +00:00: File uploaded: jdmelody-pc-patreon.c0c749315a2c97c5eabe5af43668b630.json
30-04 14:14:20 +00:00: Updated local JSON file: data/songdb/PC/SongDB_Patreon.json with URL: https://jdmo-cdn.c0llydoll.com/private/songdb/jdmelody-pc-patreon.c0c749315a2c97c5eabe5af43668b630.json
30-04 14:14:20 +00:00: Uploading file: jdmelody-nx-dev.json as jdmelody-nx-dev.208cde52e22666d11672a1cd6fe7eb26.json
30-04 14:14:22 +00:00: File uploaded: jdmelody-nx-dev.208cde52e22666d11672a1cd6fe7eb26.json
30-04 14:14:22 +00:00: Updated local JSON file: data/songdb/NX/SongDB_Dev.json with URL: https://jdmo-cdn.c0llydoll.com/private/songdb/jdmelody-nx-dev.208cde52e22666d11672a1cd6fe7eb26.json
30-04 14:14:22 +00:00: Uploading file: jdmelody-ps4-dev.json as jdmelody-ps4-dev.35066863ebb4b4c63d0179e19f72fddf.json
30-04 14:14:22 +00:00: File uploaded: jdmelody-ps4-dev.35066863ebb4b4c63d0179e19f72fddf.json
30-04 14:14:22 +00:00: Updated local JSON file: data/songdb/PS4/SongDB_Dev.json with URL: https://jdmo-cdn.c0llydoll.com/private/songdb/jdmelody-ps4-dev.35066863ebb4b4c63d0179e19f72fddf.json
30-04 14:14:22 +00:00: Uploading file: jdmelody-pc-dev.json as jdmelody-pc-dev.3f125fd13a796cf2bc2d050bb6d379ef.json
30-04 14:14:23 +00:00: File uploaded: jdmelody-pc-dev.3f125fd13a796cf2bc2d050bb6d379ef.json
30-04 14:14:23 +00:00: Updated local JSON file: data/songdb/PC/SongDB_Dev.json with URL: https://jdmo-cdn.c0llydoll.com/private/songdb/jdmelody-pc-dev.3f125fd13a796cf2bc2d050bb6d379ef.json
30-04 14:14:25 +00:00: Uploading file: jdmelody-nx-all.json as jdmelody-nx-all.42e678cf189c0ca81f0f842f79f3ba74.json
30-04 14:14:26 +00:00: File uploaded: jdmelody-nx-all.42e678cf189c0ca81f0f842f79f3ba74.json
30-04 14:14:26 +00:00: Updated local JSON file: data/songdb/NX/SongDB.json with URL: https://jdmo-cdn.c0llydoll.com/private/songdb/jdmelody-nx-all.42e678cf189c0ca81f0f842f79f3ba74.json
30-04 14:14:26 +00:00: Uploading file: jdmelody-ps4-all.json as jdmelody-ps4-all.4382681a187770b520dc003c504779dc.json
30-04 14:14:27 +00:00: File uploaded: jdmelody-ps4-all.4382681a187770b520dc003c504779dc.json
30-04 14:14:27 +00:00: Updated local JSON file: data/songdb/PS4/SongDB.json with URL: https://jdmo-cdn.c0llydoll.com/private/songdb/jdmelody-ps4-all.4382681a187770b520dc003c504779dc.json
30-04 14:14:27 +00:00: Uploading file: jdmelody-pc-all.json as jdmelody-pc-all.3de2d4b3f07e385d3f64d801ff9cf41e.json
30-04 14:14:28 +00:00: File uploaded: jdmelody-pc-all.3de2d4b3f07e385d3f64d801ff9cf41e.json
30-04 14:14:28 +00:00: Updated local JSON file: data/songdb/PC/SongDB.json with URL: https://jdmo-cdn.c0llydoll.com/private/songdb/jdmelody-pc-all.3de2d4b3f07e385d3f64d801ff9cf41e.json
30-04 14:14:28 +00:00: Uploading file: jdmelody-nx-patreon.json as jdmelody-nx-patreon.b4c76110c9d02973263ecc19e402e760.json
30-04 14:14:28 +00:00: File uploaded: jdmelody-nx-patreon.b4c76110c9d02973263ecc19e402e760.json
30-04 14:14:28 +00:00: Updated local JSON file: data/songdb/NX/SongDB_Patreon.json with URL: https://jdmo-cdn.c0llydoll.com/private/songdb/jdmelody-nx-patreon.b4c76110c9d02973263ecc19e402e760.json
30-04 14:14:28 +00:00: Uploading file: jdmelody-ps4-patreon.json as jdmelody-ps4-patreon.fcdc3f52d3287c9e8e637009c53344ad.json
30-04 14:14:30 +00:00: File uploaded: jdmelody-ps4-patreon.fcdc3f52d3287c9e8e637009c53344ad.json
30-04 14:14:30 +00:00: Updated local JSON file: data/songdb/PS4/SongDB_Patreon.json with URL: https://jdmo-cdn.c0llydoll.com/private/songdb/jdmelody-ps4-patreon.fcdc3f52d3287c9e8e637009c53344ad.json
30-04 14:14:30 +00:00: Uploading file: jdmelody-pc-patreon.json as jdmelody-pc-patreon.52beb5d1e803d2fda54b868d89409ba4.json
30-04 14:14:30 +00:00: File uploaded: jdmelody-pc-patreon.52beb5d1e803d2fda54b868d89409ba4.json
30-04 14:14:30 +00:00: Updated local JSON file: data/songdb/PC/SongDB_Patreon.json with URL: https://jdmo-cdn.c0llydoll.com/private/songdb/jdmelody-pc-patreon.52beb5d1e803d2fda54b868d89409ba4.json
30-04 14:14:30 +00:00: Uploading file: jdmelody-nx-dev.json as jdmelody-nx-dev.b78458715389b95e67029da893d19474.json
30-04 14:14:31 +00:00: File uploaded: jdmelody-nx-dev.b78458715389b95e67029da893d19474.json
30-04 14:14:31 +00:00: Updated local JSON file: data/songdb/NX/SongDB_Dev.json with URL: https://jdmo-cdn.c0llydoll.com/private/songdb/jdmelody-nx-dev.b78458715389b95e67029da893d19474.json
30-04 14:14:31 +00:00: Uploading file: jdmelody-ps4-dev.json as jdmelody-ps4-dev.b5b065fb1da0c2f12f6d7d40f137307d.json
30-04 14:14:32 +00:00: File uploaded: jdmelody-ps4-dev.b5b065fb1da0c2f12f6d7d40f137307d.json
30-04 14:14:32 +00:00: Updated local JSON file: data/songdb/PS4/SongDB_Dev.json with URL: https://jdmo-cdn.c0llydoll.com/private/songdb/jdmelody-ps4-dev.b5b065fb1da0c2f12f6d7d40f137307d.json
30-04 14:14:32 +00:00: Uploading file: jdmelody-pc-dev.json as jdmelody-pc-dev.ef731e6c00055b54bea0a91a3a0d52cc.json
30-04 14:14:32 +00:00: File uploaded: jdmelody-pc-dev.ef731e6c00055b54bea0a91a3a0d52cc.json
30-04 14:14:32 +00:00: Updated local JSON file: data/songdb/PC/SongDB_Dev.json with URL: https://jdmo-cdn.c0llydoll.com/private/songdb/jdmelody-pc-dev.ef731e6c00055b54bea0a91a3a0d52cc.json
30-04 14:14:34 +00:00: Uploading file: jdmelody-nx-all.json as jdmelody-nx-all.91567e8de618288920de946adceb58cb.json
30-04 14:14:35 +00:00: File uploaded: jdmelody-nx-all.91567e8de618288920de946adceb58cb.json
30-04 14:14:35 +00:00: Updated local JSON file: data/songdb/NX/SongDB.json with URL: https://jdmo-cdn.c0llydoll.com/private/songdb/jdmelody-nx-all.91567e8de618288920de946adceb58cb.json
30-04 14:14:35 +00:00: Uploading file: jdmelody-ps4-all.json as jdmelody-ps4-all.d7691a34ee0343f71b058bc4f0624190.json
30-04 14:14:35 +00:00: File uploaded: jdmelody-ps4-all.d7691a34ee0343f71b058bc4f0624190.json
30-04 14:14:35 +00:00: Updated local JSON file: data/songdb/PS4/SongDB.json with URL: https://jdmo-cdn.c0llydoll.com/private/songdb/jdmelody-ps4-all.d7691a34ee0343f71b058bc4f0624190.json
30-04 14:14:35 +00:00: Uploading file: jdmelody-pc-all.json as jdmelody-pc-all.6d8ea25941b5491d786745751ddb80f7.json
30-04 14:14:35 +00:00: File uploaded: jdmelody-pc-all.6d8ea25941b5491d786745751ddb80f7.json
30-04 14:14:35 +00:00: Updated local JSON file: data/songdb/PC/SongDB.json with URL: https://jdmo-cdn.c0llydoll.com/private/songdb/jdmelody-pc-all.6d8ea25941b5491d786745751ddb80f7.json
30-04 14:14:35 +00:00: Uploading file: jdmelody-nx-patreon.json as jdmelody-nx-patreon.4b56c7d44aa416f93ac358e65c9c8229.json
30-04 14:14:36 +00:00: File uploaded: jdmelody-nx-patreon.4b56c7d44aa416f93ac358e65c9c8229.json
30-04 14:14:36 +00:00: Updated local JSON file: data/songdb/NX/SongDB_Patreon.json with URL: https://jdmo-cdn.c0llydoll.com/private/songdb/jdmelody-nx-patreon.4b56c7d44aa416f93ac358e65c9c8229.json
30-04 14:14:36 +00:00: Uploading file: jdmelody-ps4-patreon.json as jdmelody-ps4-patreon.9f13e7bb2365ed14520e6fb81d75d4a5.json
30-04 14:14:36 +00:00: File uploaded: jdmelody-ps4-patreon.9f13e7bb2365ed14520e6fb81d75d4a5.json
30-04 14:14:36 +00:00: Updated local JSON file: data/songdb/PS4/SongDB_Patreon.json with URL: https://jdmo-cdn.c0llydoll.com/private/songdb/jdmelody-ps4-patreon.9f13e7bb2365ed14520e6fb81d75d4a5.json
30-04 14:14:36 +00:00: Uploading file: jdmelody-pc-patreon.json as jdmelody-pc-patreon.398aa86999171cd1ddd640cfd940b374.json
30-04 14:14:37 +00:00: File uploaded: jdmelody-pc-patreon.398aa86999171cd1ddd640cfd940b374.json
30-04 14:14:37 +00:00: Updated local JSON file: data/songdb/PC/SongDB_Patreon.json with URL: https://jdmo-cdn.c0llydoll.com/private/songdb/jdmelody-pc-patreon.398aa86999171cd1ddd640cfd940b374.json
30-04 14:14:38 +00:00: Uploading file: jdmelody-nx-dev.json as jdmelody-nx-dev.1c813f03e1774be055f811f70c4b2bd8.json
30-04 14:14:39 +00:00: File uploaded: jdmelody-nx-dev.1c813f03e1774be055f811f70c4b2bd8.json
30-04 14:14:39 +00:00: Updated local JSON file: data/songdb/NX/SongDB_Dev.json with URL: https://jdmo-cdn.c0llydoll.com/private/songdb/jdmelody-nx-dev.1c813f03e1774be055f811f70c4b2bd8.json
30-04 14:14:39 +00:00: Uploading file: jdmelody-ps4-dev.json as jdmelody-ps4-dev.4069b1c6c2062c1c6a364086b87c6588.json
30-04 14:14:39 +00:00: File uploaded: jdmelody-ps4-dev.4069b1c6c2062c1c6a364086b87c6588.json
30-04 14:14:39 +00:00: Updated local JSON file: data/songdb/PS4/SongDB_Dev.json with URL: https://jdmo-cdn.c0llydoll.com/private/songdb/jdmelody-ps4-dev.4069b1c6c2062c1c6a364086b87c6588.json
30-04 14:14:39 +00:00: Uploading file: jdmelody-pc-dev.json as jdmelody-pc-dev.2602907eedb43d91db5bd6866065ad81.json
30-04 14:14:40 +00:00: File uploaded: jdmelody-pc-dev.2602907eedb43d91db5bd6866065ad81.json
30-04 14:14:40 +00:00: Updated local JSON file: data/songdb/PC/SongDB_Dev.json with URL: https://jdmo-cdn.c0llydoll.com/private/songdb/jdmelody-pc-dev.2602907eedb43d91db5bd6866065ad81.json
30-04 14:14:42 +00:00: Uploading file: jdmelody-nx-all.json as jdmelody-nx-all.00102699dda6e312e291076f0f1d06b2.json
30-04 14:14:42 +00:00: File uploaded: jdmelody-nx-all.00102699dda6e312e291076f0f1d06b2.json
30-04 14:14:42 +00:00: Updated local JSON file: data/songdb/NX/SongDB.json with URL: https://jdmo-cdn.c0llydoll.com/private/songdb/jdmelody-nx-all.00102699dda6e312e291076f0f1d06b2.json
30-04 14:14:42 +00:00: Uploading file: jdmelody-ps4-all.json as jdmelody-ps4-all.f9114aba34e8958b5e4d39932f98fd50.json
30-04 14:14:43 +00:00: File uploaded: jdmelody-ps4-all.f9114aba34e8958b5e4d39932f98fd50.json
30-04 14:14:43 +00:00: Updated local JSON file: data/songdb/PS4/SongDB.json with URL: https://jdmo-cdn.c0llydoll.com/private/songdb/jdmelody-ps4-all.f9114aba34e8958b5e4d39932f98fd50.json
30-04 14:14:43 +00:00: Uploading file: jdmelody-pc-all.json as jdmelody-pc-all.faf6f8c8a01471ff03937bc95e95be1c.json
30-04 14:14:44 +00:00: File uploaded: jdmelody-pc-all.faf6f8c8a01471ff03937bc95e95be1c.json
30-04 14:14:44 +00:00: Updated local JSON file: data/songdb/PC/SongDB.json with URL: https://jdmo-cdn.c0llydoll.com/private/songdb/jdmelody-pc-all.faf6f8c8a01471ff03937bc95e95be1c.json
30-04 14:14:44 +00:00: Uploading file: jdmelody-nx-patreon.json as jdmelody-nx-patreon.493e7c06c4aca4e71775b287199d55f0.json
30-04 14:14:44 +00:00: File uploaded: jdmelody-nx-patreon.493e7c06c4aca4e71775b287199d55f0.json
30-04 14:14:44 +00:00: Updated local JSON file: data/songdb/NX/SongDB_Patreon.json with URL: https://jdmo-cdn.c0llydoll.com/private/songdb/jdmelody-nx-patreon.493e7c06c4aca4e71775b287199d55f0.json
30-04 14:14:44 +00:00: Uploading file: jdmelody-ps4-patreon.json as jdmelody-ps4-patreon.c6899529813c15a8bce7df168cfa55fd.json
30-04 14:14:45 +00:00: File uploaded: jdmelody-ps4-patreon.c6899529813c15a8bce7df168cfa55fd.json
30-04 14:14:45 +00:00: Updated local JSON file: data/songdb/PS4/SongDB_Patreon.json with URL: https://jdmo-cdn.c0llydoll.com/private/songdb/jdmelody-ps4-patreon.c6899529813c15a8bce7df168cfa55fd.json
30-04 14:14:45 +00:00: Uploading file: jdmelody-pc-patreon.json as jdmelody-pc-patreon.ca02c0f878345f16902468c9a809c447.json
30-04 14:14:45 +00:00: File uploaded: jdmelody-pc-patreon.ca02c0f878345f16902468c9a809c447.json
30-04 14:14:45 +00:00: Updated local JSON file: data/songdb/PC/SongDB_Patreon.json with URL: https://jdmo-cdn.c0llydoll.com/private/songdb/jdmelody-pc-patreon.ca02c0f878345f16902468c9a809c447.json
30-04 14:14:45 +00:00: Uploading file: jdmelody-nx-dev.json as jdmelody-nx-dev.628c46ca9ad326cb1107cf7c60cdbf19.json
30-04 14:14:46 +00:00: File uploaded: jdmelody-nx-dev.628c46ca9ad326cb1107cf7c60cdbf19.json
30-04 14:14:46 +00:00: Updated local JSON file: data/songdb/NX/SongDB_Dev.json with URL: https://jdmo-cdn.c0llydoll.com/private/songdb/jdmelody-nx-dev.628c46ca9ad326cb1107cf7c60cdbf19.json
30-04 14:14:46 +00:00: Uploading file: jdmelody-ps4-dev.json as jdmelody-ps4-dev.844e2d471248e8d9c3ebea0111148f74.json
30-04 14:14:46 +00:00: File uploaded: jdmelody-ps4-dev.844e2d471248e8d9c3ebea0111148f74.json
30-04 14:14:46 +00:00: Updated local JSON file: data/songdb/PS4/SongDB_Dev.json with URL: https://jdmo-cdn.c0llydoll.com/private/songdb/jdmelody-ps4-dev.844e2d471248e8d9c3ebea0111148f74.json
30-04 14:14:46 +00:00: Uploading file: jdmelody-pc-dev.json as jdmelody-pc-dev.9f78053eb2f9382a855bcd8ae5f14bd3.json
30-04 14:14:46 +00:00: File uploaded: jdmelody-pc-dev.9f78053eb2f9382a855bcd8ae5f14bd3.json
30-04 14:14:46 +00:00: Updated local JSON file: data/songdb/PC/SongDB_Dev.json with URL: https://jdmo-cdn.c0llydoll.com/private/songdb/jdmelody-pc-dev.9f78053eb2f9382a855bcd8ae5f14bd3.json
30-04 14:14:48 +00:00: Uploading file: jdmelody-nx-all.json as jdmelody-nx-all.2b1bc90f497e309d7a5f5260ff2c2b01.json
30-04 14:14:49 +00:00: File uploaded: jdmelody-nx-all.2b1bc90f497e309d7a5f5260ff2c2b01.json
30-04 14:14:49 +00:00: Updated local JSON file: data/songdb/NX/SongDB.json with URL: https://jdmo-cdn.c0llydoll.com/private/songdb/jdmelody-nx-all.2b1bc90f497e309d7a5f5260ff2c2b01.json
30-04 14:14:49 +00:00: Uploading file: jdmelody-ps4-all.json as jdmelody-ps4-all.36a7acf1a0dc9644b546975262f228f9.json
30-04 14:14:49 +00:00: File uploaded: jdmelody-ps4-all.36a7acf1a0dc9644b546975262f228f9.json
30-04 14:14:49 +00:00: Updated local JSON file: data/songdb/PS4/SongDB.json with URL: https://jdmo-cdn.c0llydoll.com/private/songdb/jdmelody-ps4-all.36a7acf1a0dc9644b546975262f228f9.json
30-04 14:14:50 +00:00: Uploading file: jdmelody-pc-all.json as jdmelody-pc-all.2fde39b211137c4ff847c4292e6ed1c4.json
30-04 14:14:50 +00:00: File uploaded: jdmelody-pc-all.2fde39b211137c4ff847c4292e6ed1c4.json
30-04 14:14:50 +00:00: Updated local JSON file: data/songdb/PC/SongDB.json with URL: https://jdmo-cdn.c0llydoll.com/private/songdb/jdmelody-pc-all.2fde39b211137c4ff847c4292e6ed1c4.json
30-04 14:14:50 +00:00: Uploading file: jdmelody-nx-patreon.json as jdmelody-nx-patreon.42c199ad16e342525d29c007b25dd5c5.json
30-04 14:14:51 +00:00: File uploaded: jdmelody-nx-patreon.42c199ad16e342525d29c007b25dd5c5.json
30-04 14:14:51 +00:00: Updated local JSON file: data/songdb/NX/SongDB_Patreon.json with URL: https://jdmo-cdn.c0llydoll.com/private/songdb/jdmelody-nx-patreon.42c199ad16e342525d29c007b25dd5c5.json
30-04 14:14:51 +00:00: Uploading file: jdmelody-ps4-patreon.json as jdmelody-ps4-patreon.989b118ea0eb2b43ee3a93ed8515e0df.json
30-04 14:14:51 +00:00: File uploaded: jdmelody-ps4-patreon.989b118ea0eb2b43ee3a93ed8515e0df.json
30-04 14:14:51 +00:00: Updated local JSON file: data/songdb/PS4/SongDB_Patreon.json with URL: https://jdmo-cdn.c0llydoll.com/private/songdb/jdmelody-ps4-patreon.989b118ea0eb2b43ee3a93ed8515e0df.json
30-04 14:14:51 +00:00: Uploading file: jdmelody-pc-patreon.json as jdmelody-pc-patreon.720161db36df309b240abc87d4118958.json
30-04 14:14:52 +00:00: File uploaded: jdmelody-pc-patreon.720161db36df309b240abc87d4118958.json
30-04 14:14:52 +00:00: Updated local JSON file: data/songdb/PC/SongDB_Patreon.json with URL: https://jdmo-cdn.c0llydoll.com/private/songdb/jdmelody-pc-patreon.720161db36df309b240abc87d4118958.json
30-04 14:14:52 +00:00: Uploading file: jdmelody-nx-dev.json as jdmelody-nx-dev.a806403895cd5c8f7318f95b62e8a1a5.json
30-04 14:14:53 +00:00: File uploaded: jdmelody-nx-dev.a806403895cd5c8f7318f95b62e8a1a5.json
30-04 14:14:53 +00:00: Updated local JSON file: data/songdb/NX/SongDB_Dev.json with URL: https://jdmo-cdn.c0llydoll.com/private/songdb/jdmelody-nx-dev.a806403895cd5c8f7318f95b62e8a1a5.json
30-04 14:14:53 +00:00: Uploading file: jdmelody-ps4-dev.json as jdmelody-ps4-dev.1eb4296df00441dfc585c784e98dc34f.json
30-04 14:14:53 +00:00: File uploaded: jdmelody-ps4-dev.1eb4296df00441dfc585c784e98dc34f.json
30-04 14:14:53 +00:00: Updated local JSON file: data/songdb/PS4/SongDB_Dev.json with URL: https://jdmo-cdn.c0llydoll.com/private/songdb/jdmelody-ps4-dev.1eb4296df00441dfc585c784e98dc34f.json
30-04 14:14:53 +00:00: Uploading file: jdmelody-pc-dev.json as jdmelody-pc-dev.7dc6914d0670dae8f44286f612b5328f.json
30-04 14:14:54 +00:00: File uploaded: jdmelody-pc-dev.7dc6914d0670dae8f44286f612b5328f.json
30-04 14:14:54 +00:00: Updated local JSON file: data/songdb/PC/SongDB_Dev.json with URL: https://jdmo-cdn.c0llydoll.com/private/songdb/jdmelody-pc-dev.7dc6914d0670dae8f44286f612b5328f.json
30-04 14:14:56 +00:00: Uploading file: jdmelody-nx-all.json as jdmelody-nx-all.60eac45f8283fbf8373059da318af5f6.json
30-04 14:14:56 +00:00: File uploaded: jdmelody-nx-all.60eac45f8283fbf8373059da318af5f6.json
30-04 14:14:56 +00:00: Updated local JSON file: data/songdb/NX/SongDB.json with URL: https://jdmo-cdn.c0llydoll.com/private/songdb/jdmelody-nx-all.60eac45f8283fbf8373059da318af5f6.json
30-04 14:14:57 +00:00: Uploading file: jdmelody-ps4-all.json as jdmelody-ps4-all.ffbadec03a3aac8dd7182d3393938a10.json
30-04 14:14:57 +00:00: File uploaded: jdmelody-ps4-all.ffbadec03a3aac8dd7182d3393938a10.json
30-04 14:14:57 +00:00: Updated local JSON file: data/songdb/PS4/SongDB.json with URL: https://jdmo-cdn.c0llydoll.com/private/songdb/jdmelody-ps4-all.ffbadec03a3aac8dd7182d3393938a10.json
30-04 14:14:57 +00:00: Uploading file: jdmelody-pc-all.json as jdmelody-pc-all.ecaa401cb4c6480ae2b86b0313900f87.json
30-04 14:14:57 +00:00: File uploaded: jdmelody-pc-all.ecaa401cb4c6480ae2b86b0313900f87.json
30-04 14:14:57 +00:00: Updated local JSON file: data/songdb/PC/SongDB.json with URL: https://jdmo-cdn.c0llydoll.com/private/songdb/jdmelody-pc-all.ecaa401cb4c6480ae2b86b0313900f87.json
30-04 14:14:57 +00:00: Uploading file: jdmelody-nx-patreon.json as jdmelody-nx-patreon.bd395771e900b9d0fcd13390cdcc03f4.json
30-04 14:14:57 +00:00: File uploaded: jdmelody-nx-patreon.bd395771e900b9d0fcd13390cdcc03f4.json
30-04 14:14:57 +00:00: Updated local JSON file: data/songdb/NX/SongDB_Patreon.json with URL: https://jdmo-cdn.c0llydoll.com/private/songdb/jdmelody-nx-patreon.bd395771e900b9d0fcd13390cdcc03f4.json
30-04 14:14:57 +00:00: Uploading file: jdmelody-ps4-patreon.json as jdmelody-ps4-patreon.bdbfd7c0c59fb1590482db3d9ccd103b.json
30-04 14:14:58 +00:00: File uploaded: jdmelody-ps4-patreon.bdbfd7c0c59fb1590482db3d9ccd103b.json
30-04 14:14:58 +00:00: Updated local JSON file: data/songdb/PS4/SongDB_Patreon.json with URL: https://jdmo-cdn.c0llydoll.com/private/songdb/jdmelody-ps4-patreon.bdbfd7c0c59fb1590482db3d9ccd103b.json
30-04 14:14:58 +00:00: Uploading file: jdmelody-pc-patreon.json as jdmelody-pc-patreon.3b106f108787ec88be20eb3f72901d96.json
30-04 14:14:58 +00:00: File uploaded: jdmelody-pc-patreon.3b106f108787ec88be20eb3f72901d96.json
30-04 14:14:58 +00:00: Updated local JSON file: data/songdb/PC/SongDB_Patreon.json with URL: https://jdmo-cdn.c0llydoll.com/private/songdb/jdmelody-pc-patreon.3b106f108787ec88be20eb3f72901d96.json
30-04 14:14:58 +00:00: Uploading file: jdmelody-nx-dev.json as jdmelody-nx-dev.14700068a348320987ce86ba47a34182.json
30-04 14:14:59 +00:00: File uploaded: jdmelody-nx-dev.14700068a348320987ce86ba47a34182.json
30-04 14:14:59 +00:00: Updated local JSON file: data/songdb/NX/SongDB_Dev.json with URL: https://jdmo-cdn.c0llydoll.com/private/songdb/jdmelody-nx-dev.14700068a348320987ce86ba47a34182.json
30-04 14:14:59 +00:00: Uploading file: jdmelody-ps4-dev.json as jdmelody-ps4-dev.893da38dbd43c7deda3208d0491ae65f.json
30-04 14:15:02 +00:00: File uploaded: jdmelody-ps4-dev.893da38dbd43c7deda3208d0491ae65f.json
30-04 14:15:02 +00:00: Updated local JSON file: data/songdb/PS4/SongDB_Dev.json with URL: https://jdmo-cdn.c0llydoll.com/private/songdb/jdmelody-ps4-dev.893da38dbd43c7deda3208d0491ae65f.json
30-04 14:15:02 +00:00: Uploading file: jdmelody-pc-dev.json as jdmelody-pc-dev.c9970789f4a7b6d61fbb0800b34f29ca.json
30-04 14:15:02 +00:00: File uploaded: jdmelody-pc-dev.c9970789f4a7b6d61fbb0800b34f29ca.json
30-04 14:15:02 +00:00: Updated local JSON file: data/songdb/PC/SongDB_Dev.json with URL: https://jdmo-cdn.c0llydoll.com/private/songdb/jdmelody-pc-dev.c9970789f4a7b6d61fbb0800b34f29ca.json
30-04 14:15:05 +00:00: Uploading file: jdmelody-nx-all.json as jdmelody-nx-all.e3276f76401b28dabbe997cac8371b92.json
30-04 14:15:05 +00:00: File uploaded: jdmelody-nx-all.e3276f76401b28dabbe997cac8371b92.json
30-04 14:15:05 +00:00: Updated local JSON file: data/songdb/NX/SongDB.json with URL: https://jdmo-cdn.c0llydoll.com/private/songdb/jdmelody-nx-all.e3276f76401b28dabbe997cac8371b92.json
30-04 14:15:05 +00:00: Uploading file: jdmelody-ps4-all.json as jdmelody-ps4-all.acd35ddf17334756b973332365081005.json
30-04 14:15:06 +00:00: File uploaded: jdmelody-ps4-all.acd35ddf17334756b973332365081005.json
30-04 14:15:06 +00:00: Updated local JSON file: data/songdb/PS4/SongDB.json with URL: https://jdmo-cdn.c0llydoll.com/private/songdb/jdmelody-ps4-all.acd35ddf17334756b973332365081005.json
30-04 14:15:06 +00:00: Uploading file: jdmelody-pc-all.json as jdmelody-pc-all.919df2dac7f402ccf7f873dc68140a18.json
30-04 14:15:06 +00:00: File uploaded: jdmelody-pc-all.919df2dac7f402ccf7f873dc68140a18.json
30-04 14:15:06 +00:00: Updated local JSON file: data/songdb/PC/SongDB.json with URL: https://jdmo-cdn.c0llydoll.com/private/songdb/jdmelody-pc-all.919df2dac7f402ccf7f873dc68140a18.json
30-04 14:15:06 +00:00: Uploading file: jdmelody-nx-patreon.json as jdmelody-nx-patreon.4f68183e1fc9279244de74b78e72c39c.json
30-04 14:15:07 +00:00: File uploaded: jdmelody-nx-patreon.4f68183e1fc9279244de74b78e72c39c.json
30-04 14:15:07 +00:00: Updated local JSON file: data/songdb/NX/SongDB_Patreon.json with URL: https://jdmo-cdn.c0llydoll.com/private/songdb/jdmelody-nx-patreon.4f68183e1fc9279244de74b78e72c39c.json
30-04 14:15:07 +00:00: Uploading file: jdmelody-ps4-patreon.json as jdmelody-ps4-patreon.bc97af836de32def7434da6dba390cd0.json
30-04 14:15:07 +00:00: File uploaded: jdmelody-ps4-patreon.bc97af836de32def7434da6dba390cd0.json
30-04 14:15:07 +00:00: Updated local JSON file: data/songdb/PS4/SongDB_Patreon.json with URL: https://jdmo-cdn.c0llydoll.com/private/songdb/jdmelody-ps4-patreon.bc97af836de32def7434da6dba390cd0.json
30-04 14:15:07 +00:00: Uploading file: jdmelody-pc-patreon.json as jdmelody-pc-patreon.164920136bbf1232c7445ccf259c18dc.json
30-04 14:15:08 +00:00: File uploaded: jdmelody-pc-patreon.164920136bbf1232c7445ccf259c18dc.json
30-04 14:15:08 +00:00: Updated local JSON file: data/songdb/PC/SongDB_Patreon.json with URL: https://jdmo-cdn.c0llydoll.com/private/songdb/jdmelody-pc-patreon.164920136bbf1232c7445ccf259c18dc.json
30-04 14:15:08 +00:00: Uploading file: jdmelody-nx-dev.json as jdmelody-nx-dev.891cda947db71ece17990f0f9e4efd1f.json
30-04 14:15:08 +00:00: File uploaded: jdmelody-nx-dev.891cda947db71ece17990f0f9e4efd1f.json
30-04 14:15:08 +00:00: Updated local JSON file: data/songdb/NX/SongDB_Dev.json with URL: https://jdmo-cdn.c0llydoll.com/private/songdb/jdmelody-nx-dev.891cda947db71ece17990f0f9e4efd1f.json
30-04 14:15:08 +00:00: Uploading file: jdmelody-ps4-dev.json as jdmelody-ps4-dev.bd37004166db15aee838f9618f035cb9.json
30-04 14:15:09 +00:00: File uploaded: jdmelody-ps4-dev.bd37004166db15aee838f9618f035cb9.json
30-04 14:15:09 +00:00: Updated local JSON file: data/songdb/PS4/SongDB_Dev.json with URL: https://jdmo-cdn.c0llydoll.com/private/songdb/jdmelody-ps4-dev.bd37004166db15aee838f9618f035cb9.json
30-04 14:15:09 +00:00: Uploading file: jdmelody-pc-dev.json as jdmelody-pc-dev.a5cb521408b04115305fb0436e5a3eba.json
30-04 14:15:09 +00:00: File uploaded: jdmelody-pc-dev.a5cb521408b04115305fb0436e5a3eba.json
30-04 14:15:09 +00:00: Updated local JSON file: data/songdb/PC/SongDB_Dev.json with URL: https://jdmo-cdn.c0llydoll.com/private/songdb/jdmelody-pc-dev.a5cb521408b04115305fb0436e5a3eba.json
30-04 14:15:12 +00:00: Uploading file: jdmelody-nx-all.json as jdmelody-nx-all.6e3e207686c5559f04788abd3d0d8274.json
30-04 14:15:12 +00:00: File uploaded: jdmelody-nx-all.6e3e207686c5559f04788abd3d0d8274.json
30-04 14:15:12 +00:00: Updated local JSON file: data/songdb/NX/SongDB.json with URL: https://jdmo-cdn.c0llydoll.com/private/songdb/jdmelody-nx-all.6e3e207686c5559f04788abd3d0d8274.json
30-04 14:15:12 +00:00: Uploading file: jdmelody-ps4-all.json as jdmelody-ps4-all.aa536d3fce3e1420c7b824a669dcb7c5.json
30-04 14:15:12 +00:00: File uploaded: jdmelody-ps4-all.aa536d3fce3e1420c7b824a669dcb7c5.json
30-04 14:15:12 +00:00: Updated local JSON file: data/songdb/PS4/SongDB.json with URL: https://jdmo-cdn.c0llydoll.com/private/songdb/jdmelody-ps4-all.aa536d3fce3e1420c7b824a669dcb7c5.json
30-04 14:15:12 +00:00: Uploading file: jdmelody-pc-all.json as jdmelody-pc-all.79218eaa964e35d96c5492113a4abfa9.json
30-04 14:15:14 +00:00: File uploaded: jdmelody-pc-all.79218eaa964e35d96c5492113a4abfa9.json
30-04 14:15:14 +00:00: Updated local JSON file: data/songdb/PC/SongDB.json with URL: https://jdmo-cdn.c0llydoll.com/private/songdb/jdmelody-pc-all.79218eaa964e35d96c5492113a4abfa9.json
30-04 14:15:14 +00:00: Uploading file: jdmelody-nx-patreon.json as jdmelody-nx-patreon.849c17e9ea015c928a15806eeceaacbb.json
30-04 14:15:14 +00:00: File uploaded: jdmelody-nx-patreon.849c17e9ea015c928a15806eeceaacbb.json
30-04 14:15:14 +00:00: Updated local JSON file: data/songdb/NX/SongDB_Patreon.json with URL: https://jdmo-cdn.c0llydoll.com/private/songdb/jdmelody-nx-patreon.849c17e9ea015c928a15806eeceaacbb.json
30-04 14:15:14 +00:00: Uploading file: jdmelody-ps4-patreon.json as jdmelody-ps4-patreon.6cd035599ef6802d8ed01c585c95e914.json
30-04 14:15:14 +00:00: File uploaded: jdmelody-ps4-patreon.6cd035599ef6802d8ed01c585c95e914.json
30-04 14:15:14 +00:00: Updated local JSON file: data/songdb/PS4/SongDB_Patreon.json with URL: https://jdmo-cdn.c0llydoll.com/private/songdb/jdmelody-ps4-patreon.6cd035599ef6802d8ed01c585c95e914.json
30-04 14:15:14 +00:00: Uploading file: jdmelody-pc-patreon.json as jdmelody-pc-patreon.a01813a1983fe408f0631fde465b48fc.json
30-04 14:15:15 +00:00: File uploaded: jdmelody-pc-patreon.a01813a1983fe408f0631fde465b48fc.json
30-04 14:15:15 +00:00: Updated local JSON file: data/songdb/PC/SongDB_Patreon.json with URL: https://jdmo-cdn.c0llydoll.com/private/songdb/jdmelody-pc-patreon.a01813a1983fe408f0631fde465b48fc.json
30-04 14:15:15 +00:00: Uploading file: jdmelody-nx-dev.json as jdmelody-nx-dev.891cda947db71ece17990f0f9e4efd1f.json
30-04 14:15:15 +00:00: File uploaded: jdmelody-nx-dev.891cda947db71ece17990f0f9e4efd1f.json
30-04 14:15:15 +00:00: Updated local JSON file: data/songdb/NX/SongDB_Dev.json with URL: https://jdmo-cdn.c0llydoll.com/private/songdb/jdmelody-nx-dev.891cda947db71ece17990f0f9e4efd1f.json
30-04 14:15:15 +00:00: Uploading file: jdmelody-ps4-dev.json as jdmelody-ps4-dev.bd37004166db15aee838f9618f035cb9.json
30-04 14:15:15 +00:00: File uploaded: jdmelody-ps4-dev.bd37004166db15aee838f9618f035cb9.json
30-04 14:15:15 +00:00: Updated local JSON file: data/songdb/PS4/SongDB_Dev.json with URL: https://jdmo-cdn.c0llydoll.com/private/songdb/jdmelody-ps4-dev.bd37004166db15aee838f9618f035cb9.json
30-04 14:15:16 +00:00: Uploading file: jdmelody-pc-dev.json as jdmelody-pc-dev.a5cb521408b04115305fb0436e5a3eba.json
30-04 14:15:16 +00:00: File uploaded: jdmelody-pc-dev.a5cb521408b04115305fb0436e5a3eba.json
30-04 14:15:16 +00:00: Updated local JSON file: data/songdb/PC/SongDB_Dev.json with URL: https://jdmo-cdn.c0llydoll.com/private/songdb/jdmelody-pc-dev.a5cb521408b04115305fb0436e5a3eba.json
30-04 14:15:18 +00:00: Uploading file: jdmelody-nx-all.json as jdmelody-nx-all.cb96ca2fb0f65c194094ca69fff51da5.json
30-04 14:15:19 +00:00: File uploaded: jdmelody-nx-all.cb96ca2fb0f65c194094ca69fff51da5.json
30-04 14:15:19 +00:00: Updated local JSON file: data/songdb/NX/SongDB.json with URL: https://jdmo-cdn.c0llydoll.com/private/songdb/jdmelody-nx-all.cb96ca2fb0f65c194094ca69fff51da5.json
30-04 14:15:19 +00:00: Uploading file: jdmelody-ps4-all.json as jdmelody-ps4-all.f8ab77829d540080e8f2323d7303b8d9.json
30-04 14:15:19 +00:00: File uploaded: jdmelody-ps4-all.f8ab77829d540080e8f2323d7303b8d9.json
30-04 14:15:19 +00:00: Updated local JSON file: data/songdb/PS4/SongDB.json with URL: https://jdmo-cdn.c0llydoll.com/private/songdb/jdmelody-ps4-all.f8ab77829d540080e8f2323d7303b8d9.json
30-04 14:15:19 +00:00: Uploading file: jdmelody-pc-all.json as jdmelody-pc-all.6b732db3569872b632a76efdbae37ba5.json
30-04 14:15:20 +00:00: File uploaded: jdmelody-pc-all.6b732db3569872b632a76efdbae37ba5.json
30-04 14:15:20 +00:00: Updated local JSON file: data/songdb/PC/SongDB.json with URL: https://jdmo-cdn.c0llydoll.com/private/songdb/jdmelody-pc-all.6b732db3569872b632a76efdbae37ba5.json
30-04 14:15:20 +00:00: Uploading file: jdmelody-nx-patreon.json as jdmelody-nx-patreon.30a5be6afe094aeb392910d9b01433fb.json
30-04 14:15:20 +00:00: File uploaded: jdmelody-nx-patreon.30a5be6afe094aeb392910d9b01433fb.json
30-04 14:15:20 +00:00: Updated local JSON file: data/songdb/NX/SongDB_Patreon.json with URL: https://jdmo-cdn.c0llydoll.com/private/songdb/jdmelody-nx-patreon.30a5be6afe094aeb392910d9b01433fb.json
30-04 14:15:20 +00:00: Uploading file: jdmelody-ps4-patreon.json as jdmelody-ps4-patreon.944a8a305bbddf2bb690e251a8c5b4ca.json
30-04 14:15:20 +00:00: File uploaded: jdmelody-ps4-patreon.944a8a305bbddf2bb690e251a8c5b4ca.json
30-04 14:15:20 +00:00: Updated local JSON file: data/songdb/PS4/SongDB_Patreon.json with URL: https://jdmo-cdn.c0llydoll.com/private/songdb/jdmelody-ps4-patreon.944a8a305bbddf2bb690e251a8c5b4ca.json
30-04 14:15:20 +00:00: Uploading file: jdmelody-pc-patreon.json as jdmelody-pc-patreon.2eacb06d6e20ed86422c1033726c971d.json
30-04 14:15:20 +00:00: File uploaded: jdmelody-pc-patreon.2eacb06d6e20ed86422c1033726c971d.json
30-04 14:15:20 +00:00: Updated local JSON file: data/songdb/PC/SongDB_Patreon.json with URL: https://jdmo-cdn.c0llydoll.com/private/songdb/jdmelody-pc-patreon.2eacb06d6e20ed86422c1033726c971d.json
30-04 14:15:20 +00:00: Uploading file: jdmelody-nx-dev.json as jdmelody-nx-dev.d6d1c1c54a00f0cb1f71735057a6cbf8.json
30-04 14:15:22 +00:00: File uploaded: jdmelody-nx-dev.d6d1c1c54a00f0cb1f71735057a6cbf8.json
30-04 14:15:22 +00:00: Updated local JSON file: data/songdb/NX/SongDB_Dev.json with URL: https://jdmo-cdn.c0llydoll.com/private/songdb/jdmelody-nx-dev.d6d1c1c54a00f0cb1f71735057a6cbf8.json
30-04 14:15:22 +00:00: Uploading file: jdmelody-ps4-dev.json as jdmelody-ps4-dev.a8a5b3be603433ddf614f5d4025509fe.json
30-04 14:15:22 +00:00: File uploaded: jdmelody-ps4-dev.a8a5b3be603433ddf614f5d4025509fe.json
30-04 14:15:22 +00:00: Updated local JSON file: data/songdb/PS4/SongDB_Dev.json with URL: https://jdmo-cdn.c0llydoll.com/private/songdb/jdmelody-ps4-dev.a8a5b3be603433ddf614f5d4025509fe.json
30-04 14:15:22 +00:00: Uploading file: jdmelody-pc-dev.json as jdmelody-pc-dev.98e3467cd7bacab2882ff4146a67aa15.json
30-04 14:15:23 +00:00: File uploaded: jdmelody-pc-dev.98e3467cd7bacab2882ff4146a67aa15.json
30-04 14:15:23 +00:00: Updated local JSON file: data/songdb/PC/SongDB_Dev.json with URL: https://jdmo-cdn.c0llydoll.com/private/songdb/jdmelody-pc-dev.98e3467cd7bacab2882ff4146a67aa15.json
30-04 14:15:25 +00:00: Uploading file: jdmelody-nx-all.json as jdmelody-nx-all.85a2769d96689b48a2fb0b7acbb874a8.json
30-04 14:15:25 +00:00: File uploaded: jdmelody-nx-all.85a2769d96689b48a2fb0b7acbb874a8.json
30-04 14:15:25 +00:00: Updated local JSON file: data/songdb/NX/SongDB.json with URL: https://jdmo-cdn.c0llydoll.com/private/songdb/jdmelody-nx-all.85a2769d96689b48a2fb0b7acbb874a8.json
30-04 14:15:25 +00:00: Uploading file: jdmelody-ps4-all.json as jdmelody-ps4-all.897a1965e9a9cd1bc5742c9714bc1e88.json
30-04 14:15:26 +00:00: File uploaded: jdmelody-ps4-all.897a1965e9a9cd1bc5742c9714bc1e88.json
30-04 14:15:26 +00:00: Updated local JSON file: data/songdb/PS4/SongDB.json with URL: https://jdmo-cdn.c0llydoll.com/private/songdb/jdmelody-ps4-all.897a1965e9a9cd1bc5742c9714bc1e88.json
30-04 14:15:26 +00:00: Uploading file: jdmelody-pc-all.json as jdmelody-pc-all.a18fad0f6b218ae5c4cfc650e59dfe51.json
30-04 14:15:26 +00:00: File uploaded: jdmelody-pc-all.a18fad0f6b218ae5c4cfc650e59dfe51.json
30-04 14:15:26 +00:00: Updated local JSON file: data/songdb/PC/SongDB.json with URL: https://jdmo-cdn.c0llydoll.com/private/songdb/jdmelody-pc-all.a18fad0f6b218ae5c4cfc650e59dfe51.json
30-04 14:15:26 +00:00: Uploading file: jdmelody-nx-patreon.json as jdmelody-nx-patreon.00830e646975e6dca9da8f95f868a46f.json
30-04 14:15:27 +00:00: File uploaded: jdmelody-nx-patreon.00830e646975e6dca9da8f95f868a46f.json
30-04 14:15:27 +00:00: Updated local JSON file: data/songdb/NX/SongDB_Patreon.json with URL: https://jdmo-cdn.c0llydoll.com/private/songdb/jdmelody-nx-patreon.00830e646975e6dca9da8f95f868a46f.json
30-04 14:15:27 +00:00: Uploading file: jdmelody-ps4-patreon.json as jdmelody-ps4-patreon.1b47493f287cb50e83ef05d4fc581ed8.json
30-04 14:15:28 +00:00: File uploaded: jdmelody-ps4-patreon.1b47493f287cb50e83ef05d4fc581ed8.json
30-04 14:15:28 +00:00: Updated local JSON file: data/songdb/PS4/SongDB_Patreon.json with URL: https://jdmo-cdn.c0llydoll.com/private/songdb/jdmelody-ps4-patreon.1b47493f287cb50e83ef05d4fc581ed8.json
30-04 14:15:28 +00:00: Uploading file: jdmelody-pc-patreon.json as jdmelody-pc-patreon.04ac35b7c299d4191e64d10aa9182496.json
30-04 14:15:28 +00:00: File uploaded: jdmelody-pc-patreon.04ac35b7c299d4191e64d10aa9182496.json
30-04 14:15:28 +00:00: Updated local JSON file: data/songdb/PC/SongDB_Patreon.json with URL: https://jdmo-cdn.c0llydoll.com/private/songdb/jdmelody-pc-patreon.04ac35b7c299d4191e64d10aa9182496.json
30-04 14:15:28 +00:00: Uploading file: jdmelody-nx-dev.json as jdmelody-nx-dev.d6d1c1c54a00f0cb1f71735057a6cbf8.json
30-04 14:15:28 +00:00: File uploaded: jdmelody-nx-dev.d6d1c1c54a00f0cb1f71735057a6cbf8.json
30-04 14:15:28 +00:00: Updated local JSON file: data/songdb/NX/SongDB_Dev.json with URL: https://jdmo-cdn.c0llydoll.com/private/songdb/jdmelody-nx-dev.d6d1c1c54a00f0cb1f71735057a6cbf8.json
30-04 14:15:28 +00:00: Uploading file: jdmelody-ps4-dev.json as jdmelody-ps4-dev.a8a5b3be603433ddf614f5d4025509fe.json
30-04 14:15:29 +00:00: File uploaded: jdmelody-ps4-dev.a8a5b3be603433ddf614f5d4025509fe.json
30-04 14:15:29 +00:00: Updated local JSON file: data/songdb/PS4/SongDB_Dev.json with URL: https://jdmo-cdn.c0llydoll.com/private/songdb/jdmelody-ps4-dev.a8a5b3be603433ddf614f5d4025509fe.json
30-04 14:15:29 +00:00: Uploading file: jdmelody-pc-dev.json as jdmelody-pc-dev.98e3467cd7bacab2882ff4146a67aa15.json
30-04 14:15:29 +00:00: File uploaded: jdmelody-pc-dev.98e3467cd7bacab2882ff4146a67aa15.json
30-04 14:15:29 +00:00: Updated local JSON file: data/songdb/PC/SongDB_Dev.json with URL: https://jdmo-cdn.c0llydoll.com/private/songdb/jdmelody-pc-dev.98e3467cd7bacab2882ff4146a67aa15.json
30-04 14:15:32 +00:00: Uploading file: jdmelody-nx-all.json as jdmelody-nx-all.66831548eaa296ced000fae5a95e010c.json
30-04 14:15:32 +00:00: File uploaded: jdmelody-nx-all.66831548eaa296ced000fae5a95e010c.json
30-04 14:15:32 +00:00: Updated local JSON file: data/songdb/NX/SongDB.json with URL: https://jdmo-cdn.c0llydoll.com/private/songdb/jdmelody-nx-all.66831548eaa296ced000fae5a95e010c.json
30-04 14:15:32 +00:00: Uploading file: jdmelody-ps4-all.json as jdmelody-ps4-all.0bbcd4c25bbc364505b5863dfdaf7654.json
30-04 14:15:33 +00:00: File uploaded: jdmelody-ps4-all.0bbcd4c25bbc364505b5863dfdaf7654.json
30-04 14:15:33 +00:00: Updated local JSON file: data/songdb/PS4/SongDB.json with URL: https://jdmo-cdn.c0llydoll.com/private/songdb/jdmelody-ps4-all.0bbcd4c25bbc364505b5863dfdaf7654.json
30-04 14:15:33 +00:00: Uploading file: jdmelody-pc-all.json as jdmelody-pc-all.b6e10c4bec7e17cb4aa86673f90a6cde.json
30-04 14:15:33 +00:00: File uploaded: jdmelody-pc-all.b6e10c4bec7e17cb4aa86673f90a6cde.json
30-04 14:15:33 +00:00: Updated local JSON file: data/songdb/PC/SongDB.json with URL: https://jdmo-cdn.c0llydoll.com/private/songdb/jdmelody-pc-all.b6e10c4bec7e17cb4aa86673f90a6cde.json
30-04 14:15:33 +00:00: Uploading file: jdmelody-nx-patreon.json as jdmelody-nx-patreon.a94eeaaee862f1b0cf71ea47038711a7.json
30-04 14:15:33 +00:00: File uploaded: jdmelody-nx-patreon.a94eeaaee862f1b0cf71ea47038711a7.json
30-04 14:15:33 +00:00: Updated local JSON file: data/songdb/NX/SongDB_Patreon.json with URL: https://jdmo-cdn.c0llydoll.com/private/songdb/jdmelody-nx-patreon.a94eeaaee862f1b0cf71ea47038711a7.json
30-04 14:15:34 +00:00: Uploading file: jdmelody-ps4-patreon.json as jdmelody-ps4-patreon.6bbbe220b29a5ea1b9bbc66863c91689.json
30-04 14:15:34 +00:00: File uploaded: jdmelody-ps4-patreon.6bbbe220b29a5ea1b9bbc66863c91689.json
30-04 14:15:34 +00:00: Updated local JSON file: data/songdb/PS4/SongDB_Patreon.json with URL: https://jdmo-cdn.c0llydoll.com/private/songdb/jdmelody-ps4-patreon.6bbbe220b29a5ea1b9bbc66863c91689.json
30-04 14:15:34 +00:00: Uploading file: jdmelody-pc-patreon.json as jdmelody-pc-patreon.56d94f9c338955a7ceb6dc155cd7171a.json
30-04 14:15:34 +00:00: File uploaded: jdmelody-pc-patreon.56d94f9c338955a7ceb6dc155cd7171a.json
30-04 14:15:34 +00:00: Updated local JSON file: data/songdb/PC/SongDB_Patreon.json with URL: https://jdmo-cdn.c0llydoll.com/private/songdb/jdmelody-pc-patreon.56d94f9c338955a7ceb6dc155cd7171a.json
30-04 14:15:34 +00:00: Uploading file: jdmelody-nx-dev.json as jdmelody-nx-dev.d6d1c1c54a00f0cb1f71735057a6cbf8.json
30-04 14:15:34 +00:00: File uploaded: jdmelody-nx-dev.d6d1c1c54a00f0cb1f71735057a6cbf8.json
30-04 14:15:34 +00:00: Updated local JSON file: data/songdb/NX/SongDB_Dev.json with URL: https://jdmo-cdn.c0llydoll.com/private/songdb/jdmelody-nx-dev.d6d1c1c54a00f0cb1f71735057a6cbf8.json
30-04 14:15:34 +00:00: Uploading file: jdmelody-ps4-dev.json as jdmelody-ps4-dev.a8a5b3be603433ddf614f5d4025509fe.json
30-04 14:15:35 +00:00: File uploaded: jdmelody-ps4-dev.a8a5b3be603433ddf614f5d4025509fe.json
30-04 14:15:35 +00:00: Updated local JSON file: data/songdb/PS4/SongDB_Dev.json with URL: https://jdmo-cdn.c0llydoll.com/private/songdb/jdmelody-ps4-dev.a8a5b3be603433ddf614f5d4025509fe.json
30-04 14:15:35 +00:00: Uploading file: jdmelody-pc-dev.json as jdmelody-pc-dev.98e3467cd7bacab2882ff4146a67aa15.json
30-04 14:15:35 +00:00: File uploaded: jdmelody-pc-dev.98e3467cd7bacab2882ff4146a67aa15.json
30-04 14:15:35 +00:00: Updated local JSON file: data/songdb/PC/SongDB_Dev.json with URL: https://jdmo-cdn.c0llydoll.com/private/songdb/jdmelody-pc-dev.98e3467cd7bacab2882ff4146a67aa15.json
30-04 14:15:38 +00:00: Uploading file: jdmelody-nx-all.json as jdmelody-nx-all.9eb24412edc3496e1816fa68cf9a1813.json
30-04 14:15:38 +00:00: File uploaded: jdmelody-nx-all.9eb24412edc3496e1816fa68cf9a1813.json
30-04 14:15:38 +00:00: Updated local JSON file: data/songdb/NX/SongDB.json with URL: https://jdmo-cdn.c0llydoll.com/private/songdb/jdmelody-nx-all.9eb24412edc3496e1816fa68cf9a1813.json
30-04 14:15:38 +00:00: Uploading file: jdmelody-ps4-all.json as jdmelody-ps4-all.77f8c6a7427e0e31c4dd0bfa553b8f55.json
30-04 14:15:39 +00:00: File uploaded: jdmelody-ps4-all.77f8c6a7427e0e31c4dd0bfa553b8f55.json
30-04 14:15:39 +00:00: Updated local JSON file: data/songdb/PS4/SongDB.json with URL: https://jdmo-cdn.c0llydoll.com/private/songdb/jdmelody-ps4-all.77f8c6a7427e0e31c4dd0bfa553b8f55.json
30-04 14:15:39 +00:00: Uploading file: jdmelody-pc-all.json as jdmelody-pc-all.5eaaf5e52cb42bd3cf20f75a05d5db78.json
30-04 14:15:39 +00:00: File uploaded: jdmelody-pc-all.5eaaf5e52cb42bd3cf20f75a05d5db78.json
30-04 14:15:39 +00:00: Updated local JSON file: data/songdb/PC/SongDB.json with URL: https://jdmo-cdn.c0llydoll.com/private/songdb/jdmelody-pc-all.5eaaf5e52cb42bd3cf20f75a05d5db78.json
30-04 14:15:39 +00:00: Uploading file: jdmelody-nx-patreon.json as jdmelody-nx-patreon.d75f593c106be8cc2b3b2c9acf3256b4.json
30-04 14:15:40 +00:00: File uploaded: jdmelody-nx-patreon.d75f593c106be8cc2b3b2c9acf3256b4.json
30-04 14:15:40 +00:00: Updated local JSON file: data/songdb/NX/SongDB_Patreon.json with URL: https://jdmo-cdn.c0llydoll.com/private/songdb/jdmelody-nx-patreon.d75f593c106be8cc2b3b2c9acf3256b4.json
30-04 14:15:40 +00:00: Uploading file: jdmelody-ps4-patreon.json as jdmelody-ps4-patreon.a303b0499ee5235bc51b5546b53ec029.json
30-04 14:15:40 +00:00: File uploaded: jdmelody-ps4-patreon.a303b0499ee5235bc51b5546b53ec029.json
30-04 14:15:40 +00:00: Updated local JSON file: data/songdb/PS4/SongDB_Patreon.json with URL: https://jdmo-cdn.c0llydoll.com/private/songdb/jdmelody-ps4-patreon.a303b0499ee5235bc51b5546b53ec029.json
30-04 14:15:40 +00:00: Uploading file: jdmelody-pc-patreon.json as jdmelody-pc-patreon.f5f25397ecfce0726b6d2efe7bb59454.json
30-04 14:15:40 +00:00: File uploaded: jdmelody-pc-patreon.f5f25397ecfce0726b6d2efe7bb59454.json
30-04 14:15:40 +00:00: Updated local JSON file: data/songdb/PC/SongDB_Patreon.json with URL: https://jdmo-cdn.c0llydoll.com/private/songdb/jdmelody-pc-patreon.f5f25397ecfce0726b6d2efe7bb59454.json
30-04 14:15:41 +00:00: Uploading file: jdmelody-nx-dev.json as jdmelody-nx-dev.d8f2087551256d42d64fe1cc4dc6f247.json
30-04 14:15:41 +00:00: File uploaded: jdmelody-nx-dev.d8f2087551256d42d64fe1cc4dc6f247.json
30-04 14:15:41 +00:00: Updated local JSON file: data/songdb/NX/SongDB_Dev.json with URL: https://jdmo-cdn.c0llydoll.com/private/songdb/jdmelody-nx-dev.d8f2087551256d42d64fe1cc4dc6f247.json
30-04 14:15:41 +00:00: Uploading file: jdmelody-ps4-dev.json as jdmelody-ps4-dev.71213ec124d91c86416a9bc0c3b000bc.json
30-04 14:15:41 +00:00: File uploaded: jdmelody-ps4-dev.71213ec124d91c86416a9bc0c3b000bc.json
30-04 14:15:41 +00:00: Updated local JSON file: data/songdb/PS4/SongDB_Dev.json with URL: https://jdmo-cdn.c0llydoll.com/private/songdb/jdmelody-ps4-dev.71213ec124d91c86416a9bc0c3b000bc.json
30-04 14:15:41 +00:00: Uploading file: jdmelody-pc-dev.json as jdmelody-pc-dev.86de0541422a278e344a654bd46bcdf1.json
30-04 14:15:42 +00:00: File uploaded: jdmelody-pc-dev.86de0541422a278e344a654bd46bcdf1.json
30-04 14:15:42 +00:00: Updated local JSON file: data/songdb/PC/SongDB_Dev.json with URL: https://jdmo-cdn.c0llydoll.com/private/songdb/jdmelody-pc-dev.86de0541422a278e344a654bd46bcdf1.json
30-04 14:15:44 +00:00: Uploading file: jdmelody-nx-all.json as jdmelody-nx-all.d5eb3da37875b39b0429f3b5348af4db.json
30-04 14:15:44 +00:00: File uploaded: jdmelody-nx-all.d5eb3da37875b39b0429f3b5348af4db.json
30-04 14:15:44 +00:00: Updated local JSON file: data/songdb/NX/SongDB.json with URL: https://jdmo-cdn.c0llydoll.com/private/songdb/jdmelody-nx-all.d5eb3da37875b39b0429f3b5348af4db.json
30-04 14:15:45 +00:00: Uploading file: jdmelody-ps4-all.json as jdmelody-ps4-all.c38bde7572ab19aaa52bcb929077eb04.json
30-04 14:15:45 +00:00: File uploaded: jdmelody-ps4-all.c38bde7572ab19aaa52bcb929077eb04.json
30-04 14:15:45 +00:00: Updated local JSON file: data/songdb/PS4/SongDB.json with URL: https://jdmo-cdn.c0llydoll.com/private/songdb/jdmelody-ps4-all.c38bde7572ab19aaa52bcb929077eb04.json
30-04 14:15:45 +00:00: Uploading file: jdmelody-pc-all.json as jdmelody-pc-all.dc734c041d8e5c95a665926102149ef3.json
30-04 14:15:45 +00:00: File uploaded: jdmelody-pc-all.dc734c041d8e5c95a665926102149ef3.json
30-04 14:15:45 +00:00: Updated local JSON file: data/songdb/PC/SongDB.json with URL: https://jdmo-cdn.c0llydoll.com/private/songdb/jdmelody-pc-all.dc734c041d8e5c95a665926102149ef3.json
30-04 14:15:45 +00:00: Uploading file: jdmelody-nx-patreon.json as jdmelody-nx-patreon.62cfddd3b5b8b07a3a47c928abdf7366.json
30-04 14:15:45 +00:00: File uploaded: jdmelody-nx-patreon.62cfddd3b5b8b07a3a47c928abdf7366.json
30-04 14:15:45 +00:00: Updated local JSON file: data/songdb/NX/SongDB_Patreon.json with URL: https://jdmo-cdn.c0llydoll.com/private/songdb/jdmelody-nx-patreon.62cfddd3b5b8b07a3a47c928abdf7366.json
30-04 14:15:45 +00:00: Uploading file: jdmelody-ps4-patreon.json as jdmelody-ps4-patreon.eaf9010fa28d9d5c0d8df062484b4b10.json
30-04 14:15:46 +00:00: File uploaded: jdmelody-ps4-patreon.eaf9010fa28d9d5c0d8df062484b4b10.json
30-04 14:15:46 +00:00: Updated local JSON file: data/songdb/PS4/SongDB_Patreon.json with URL: https://jdmo-cdn.c0llydoll.com/private/songdb/jdmelody-ps4-patreon.eaf9010fa28d9d5c0d8df062484b4b10.json
30-04 14:15:46 +00:00: Uploading file: jdmelody-pc-patreon.json as jdmelody-pc-patreon.62e653f1104fd38357cd10c54c16f953.json
30-04 14:15:46 +00:00: File uploaded: jdmelody-pc-patreon.62e653f1104fd38357cd10c54c16f953.json
30-04 14:15:46 +00:00: Updated local JSON file: data/songdb/PC/SongDB_Patreon.json with URL: https://jdmo-cdn.c0llydoll.com/private/songdb/jdmelody-pc-patreon.62e653f1104fd38357cd10c54c16f953.json
30-04 14:15:46 +00:00: Uploading file: jdmelody-nx-dev.json as jdmelody-nx-dev.d8f2087551256d42d64fe1cc4dc6f247.json
30-04 14:15:46 +00:00: File uploaded: jdmelody-nx-dev.d8f2087551256d42d64fe1cc4dc6f247.json
30-04 14:15:46 +00:00: Updated local JSON file: data/songdb/NX/SongDB_Dev.json with URL: https://jdmo-cdn.c0llydoll.com/private/songdb/jdmelody-nx-dev.d8f2087551256d42d64fe1cc4dc6f247.json
30-04 14:15:46 +00:00: Uploading file: jdmelody-ps4-dev.json as jdmelody-ps4-dev.71213ec124d91c86416a9bc0c3b000bc.json
30-04 14:15:47 +00:00: File uploaded: jdmelody-ps4-dev.71213ec124d91c86416a9bc0c3b000bc.json
30-04 14:15:47 +00:00: Updated local JSON file: data/songdb/PS4/SongDB_Dev.json with URL: https://jdmo-cdn.c0llydoll.com/private/songdb/jdmelody-ps4-dev.71213ec124d91c86416a9bc0c3b000bc.json
30-04 14:15:47 +00:00: Uploading file: jdmelody-pc-dev.json as jdmelody-pc-dev.86de0541422a278e344a654bd46bcdf1.json
30-04 14:15:48 +00:00: File uploaded: jdmelody-pc-dev.86de0541422a278e344a654bd46bcdf1.json
30-04 14:15:48 +00:00: Updated local JSON file: data/songdb/PC/SongDB_Dev.json with URL: https://jdmo-cdn.c0llydoll.com/private/songdb/jdmelody-pc-dev.86de0541422a278e344a654bd46bcdf1.json
30-04 14:15:50 +00:00: Uploading file: jdmelody-nx-all.json as jdmelody-nx-all.c4b3b3acf75e37f4aa63615b90426cb7.json
30-04 14:15:51 +00:00: File uploaded: jdmelody-nx-all.c4b3b3acf75e37f4aa63615b90426cb7.json
30-04 14:15:51 +00:00: Updated local JSON file: data/songdb/NX/SongDB.json with URL: https://jdmo-cdn.c0llydoll.com/private/songdb/jdmelody-nx-all.c4b3b3acf75e37f4aa63615b90426cb7.json
30-04 14:15:51 +00:00: Uploading file: jdmelody-ps4-all.json as jdmelody-ps4-all.e99ed86b26f2d3cf3ae8808cc5288070.json
30-04 14:15:51 +00:00: File uploaded: jdmelody-ps4-all.e99ed86b26f2d3cf3ae8808cc5288070.json
30-04 14:15:51 +00:00: Updated local JSON file: data/songdb/PS4/SongDB.json with URL: https://jdmo-cdn.c0llydoll.com/private/songdb/jdmelody-ps4-all.e99ed86b26f2d3cf3ae8808cc5288070.json
30-04 14:15:51 +00:00: Uploading file: jdmelody-pc-all.json as jdmelody-pc-all.407bbc5207dfbf255577a7691dd5a145.json
30-04 14:15:51 +00:00: File uploaded: jdmelody-pc-all.407bbc5207dfbf255577a7691dd5a145.json
30-04 14:15:51 +00:00: Updated local JSON file: data/songdb/PC/SongDB.json with URL: https://jdmo-cdn.c0llydoll.com/private/songdb/jdmelody-pc-all.407bbc5207dfbf255577a7691dd5a145.json
30-04 14:15:51 +00:00: Uploading file: jdmelody-nx-patreon.json as jdmelody-nx-patreon.566d3fc4f50720756b8b9ba3064cc984.json
30-04 14:15:52 +00:00: File uploaded: jdmelody-nx-patreon.566d3fc4f50720756b8b9ba3064cc984.json
30-04 14:15:52 +00:00: Updated local JSON file: data/songdb/NX/SongDB_Patreon.json with URL: https://jdmo-cdn.c0llydoll.com/private/songdb/jdmelody-nx-patreon.566d3fc4f50720756b8b9ba3064cc984.json
30-04 14:15:52 +00:00: Uploading file: jdmelody-ps4-patreon.json as jdmelody-ps4-patreon.9a3a6cb4b57ddf2742b266ca4cdbe08d.json
30-04 14:15:53 +00:00: File uploaded: jdmelody-ps4-patreon.9a3a6cb4b57ddf2742b266ca4cdbe08d.json
30-04 14:15:53 +00:00: Updated local JSON file: data/songdb/PS4/SongDB_Patreon.json with URL: https://jdmo-cdn.c0llydoll.com/private/songdb/jdmelody-ps4-patreon.9a3a6cb4b57ddf2742b266ca4cdbe08d.json
30-04 14:15:53 +00:00: Uploading file: jdmelody-pc-patreon.json as jdmelody-pc-patreon.3c499149c90b867769c3d0be7df56a7a.json
30-04 14:15:53 +00:00: File uploaded: jdmelody-pc-patreon.3c499149c90b867769c3d0be7df56a7a.json
30-04 14:15:53 +00:00: Updated local JSON file: data/songdb/PC/SongDB_Patreon.json with URL: https://jdmo-cdn.c0llydoll.com/private/songdb/jdmelody-pc-patreon.3c499149c90b867769c3d0be7df56a7a.json
30-04 14:15:53 +00:00: Uploading file: jdmelody-nx-dev.json as jdmelody-nx-dev.d8f2087551256d42d64fe1cc4dc6f247.json
30-04 14:15:54 +00:00: File uploaded: jdmelody-nx-dev.d8f2087551256d42d64fe1cc4dc6f247.json
30-04 14:15:54 +00:00: Updated local JSON file: data/songdb/NX/SongDB_Dev.json with URL: https://jdmo-cdn.c0llydoll.com/private/songdb/jdmelody-nx-dev.d8f2087551256d42d64fe1cc4dc6f247.json
30-04 14:15:54 +00:00: Uploading file: jdmelody-ps4-dev.json as jdmelody-ps4-dev.71213ec124d91c86416a9bc0c3b000bc.json
30-04 14:15:55 +00:00: File uploaded: jdmelody-ps4-dev.71213ec124d91c86416a9bc0c3b000bc.json
30-04 14:15:55 +00:00: Updated local JSON file: data/songdb/PS4/SongDB_Dev.json with URL: https://jdmo-cdn.c0llydoll.com/private/songdb/jdmelody-ps4-dev.71213ec124d91c86416a9bc0c3b000bc.json
30-04 14:15:55 +00:00: Uploading file: jdmelody-pc-dev.json as jdmelody-pc-dev.86de0541422a278e344a654bd46bcdf1.json
30-04 14:15:55 +00:00: File uploaded: jdmelody-pc-dev.86de0541422a278e344a654bd46bcdf1.json
30-04 14:15:55 +00:00: Updated local JSON file: data/songdb/PC/SongDB_Dev.json with URL: https://jdmo-cdn.c0llydoll.com/private/songdb/jdmelody-pc-dev.86de0541422a278e344a654bd46bcdf1.json
30-04 14:15:58 +00:00: Uploading file: jdmelody-nx-all.json as jdmelody-nx-all.d7bfb991a00597ee12a84f5a4bede3aa.json
30-04 14:15:58 +00:00: File uploaded: jdmelody-nx-all.d7bfb991a00597ee12a84f5a4bede3aa.json
30-04 14:15:58 +00:00: Updated local JSON file: data/songdb/NX/SongDB.json with URL: https://jdmo-cdn.c0llydoll.com/private/songdb/jdmelody-nx-all.d7bfb991a00597ee12a84f5a4bede3aa.json
30-04 14:15:58 +00:00: Uploading file: jdmelody-ps4-all.json as jdmelody-ps4-all.e7e433ca33a0d0d7cd57cd82746a230d.json
30-04 14:15:58 +00:00: File uploaded: jdmelody-ps4-all.e7e433ca33a0d0d7cd57cd82746a230d.json
30-04 14:15:58 +00:00: Updated local JSON file: data/songdb/PS4/SongDB.json with URL: https://jdmo-cdn.c0llydoll.com/private/songdb/jdmelody-ps4-all.e7e433ca33a0d0d7cd57cd82746a230d.json
30-04 14:15:58 +00:00: Uploading file: jdmelody-pc-all.json as jdmelody-pc-all.23373c1160a40c609106bf7e35615f56.json
30-04 14:15:59 +00:00: File uploaded: jdmelody-pc-all.23373c1160a40c609106bf7e35615f56.json
30-04 14:15:59 +00:00: Updated local JSON file: data/songdb/PC/SongDB.json with URL: https://jdmo-cdn.c0llydoll.com/private/songdb/jdmelody-pc-all.23373c1160a40c609106bf7e35615f56.json
30-04 14:15:59 +00:00: Uploading file: jdmelody-nx-patreon.json as jdmelody-nx-patreon.ff7ae5c9c662a807e311dbbce6dcfd79.json
30-04 14:15:59 +00:00: File uploaded: jdmelody-nx-patreon.ff7ae5c9c662a807e311dbbce6dcfd79.json
30-04 14:15:59 +00:00: Updated local JSON file: data/songdb/NX/SongDB_Patreon.json with URL: https://jdmo-cdn.c0llydoll.com/private/songdb/jdmelody-nx-patreon.ff7ae5c9c662a807e311dbbce6dcfd79.json
30-04 14:15:59 +00:00: Uploading file: jdmelody-ps4-patreon.json as jdmelody-ps4-patreon.00f4ce0e53cd90b46a8bda77750ad18b.json
30-04 14:15:59 +00:00: File uploaded: jdmelody-ps4-patreon.00f4ce0e53cd90b46a8bda77750ad18b.json
30-04 14:15:59 +00:00: Updated local JSON file: data/songdb/PS4/SongDB_Patreon.json with URL: https://jdmo-cdn.c0llydoll.com/private/songdb/jdmelody-ps4-patreon.00f4ce0e53cd90b46a8bda77750ad18b.json
30-04 14:15:59 +00:00: Uploading file: jdmelody-pc-patreon.json as jdmelody-pc-patreon.6b46a3666d75180408c476ac8931cbe6.json
30-04 14:16:00 +00:00: File uploaded: jdmelody-pc-patreon.6b46a3666d75180408c476ac8931cbe6.json
30-04 14:16:00 +00:00: Updated local JSON file: data/songdb/PC/SongDB_Patreon.json with URL: https://jdmo-cdn.c0llydoll.com/private/songdb/jdmelody-pc-patreon.6b46a3666d75180408c476ac8931cbe6.json
30-04 14:16:00 +00:00: Uploading file: jdmelody-nx-dev.json as jdmelody-nx-dev.d8f2087551256d42d64fe1cc4dc6f247.json
30-04 14:16:00 +00:00: File uploaded: jdmelody-nx-dev.d8f2087551256d42d64fe1cc4dc6f247.json
30-04 14:16:00 +00:00: Updated local JSON file: data/songdb/NX/SongDB_Dev.json with URL: https://jdmo-cdn.c0llydoll.com/private/songdb/jdmelody-nx-dev.d8f2087551256d42d64fe1cc4dc6f247.json
30-04 14:16:00 +00:00: Uploading file: jdmelody-ps4-dev.json as jdmelody-ps4-dev.71213ec124d91c86416a9bc0c3b000bc.json
30-04 14:16:01 +00:00: File uploaded: jdmelody-ps4-dev.71213ec124d91c86416a9bc0c3b000bc.json
30-04 14:16:01 +00:00: Updated local JSON file: data/songdb/PS4/SongDB_Dev.json with URL: https://jdmo-cdn.c0llydoll.com/private/songdb/jdmelody-ps4-dev.71213ec124d91c86416a9bc0c3b000bc.json
30-04 14:16:02 +00:00: Uploading file: jdmelody-pc-dev.json as jdmelody-pc-dev.86de0541422a278e344a654bd46bcdf1.json
30-04 14:16:02 +00:00: File uploaded: jdmelody-pc-dev.86de0541422a278e344a654bd46bcdf1.json
30-04 14:16:02 +00:00: Updated local JSON file: data/songdb/PC/SongDB_Dev.json with URL: https://jdmo-cdn.c0llydoll.com/private/songdb/jdmelody-pc-dev.86de0541422a278e344a654bd46bcdf1.json
30-04 14:16:05 +00:00: Uploading file: jdmelody-nx-all.json as jdmelody-nx-all.42082c128591f10e6b6eebc2e2fbc610.json
30-04 14:16:05 +00:00: File uploaded: jdmelody-nx-all.42082c128591f10e6b6eebc2e2fbc610.json
30-04 14:16:05 +00:00: Updated local JSON file: data/songdb/NX/SongDB.json with URL: https://jdmo-cdn.c0llydoll.com/private/songdb/jdmelody-nx-all.42082c128591f10e6b6eebc2e2fbc610.json
30-04 14:16:05 +00:00: Uploading file: jdmelody-ps4-all.json as jdmelody-ps4-all.184311c978d9e7ff808ffa8dbdfcb90d.json
30-04 14:16:06 +00:00: File uploaded: jdmelody-ps4-all.184311c978d9e7ff808ffa8dbdfcb90d.json
30-04 14:16:06 +00:00: Updated local JSON file: data/songdb/PS4/SongDB.json with URL: https://jdmo-cdn.c0llydoll.com/private/songdb/jdmelody-ps4-all.184311c978d9e7ff808ffa8dbdfcb90d.json
30-04 14:16:06 +00:00: Uploading file: jdmelody-pc-all.json as jdmelody-pc-all.f517e80876202de3784d8d70f3aedcd4.json
30-04 14:16:06 +00:00: File uploaded: jdmelody-pc-all.f517e80876202de3784d8d70f3aedcd4.json
30-04 14:16:06 +00:00: Updated local JSON file: data/songdb/PC/SongDB.json with URL: https://jdmo-cdn.c0llydoll.com/private/songdb/jdmelody-pc-all.f517e80876202de3784d8d70f3aedcd4.json
30-04 14:16:06 +00:00: Uploading file: jdmelody-nx-patreon.json as jdmelody-nx-patreon.d75238a143560656b4d47a367a671b3c.json
30-04 14:16:08 +00:00: File uploaded: jdmelody-nx-patreon.d75238a143560656b4d47a367a671b3c.json
30-04 14:16:08 +00:00: Updated local JSON file: data/songdb/NX/SongDB_Patreon.json with URL: https://jdmo-cdn.c0llydoll.com/private/songdb/jdmelody-nx-patreon.d75238a143560656b4d47a367a671b3c.json
30-04 14:16:09 +00:00: Uploading file: jdmelody-ps4-patreon.json as jdmelody-ps4-patreon.ef883c4e3df69ee30c1553046b1b0202.json
30-04 14:16:11 +00:00: File uploaded: jdmelody-ps4-patreon.ef883c4e3df69ee30c1553046b1b0202.json
30-04 14:16:11 +00:00: Updated local JSON file: data/songdb/PS4/SongDB_Patreon.json with URL: https://jdmo-cdn.c0llydoll.com/private/songdb/jdmelody-ps4-patreon.ef883c4e3df69ee30c1553046b1b0202.json
30-04 14:16:11 +00:00: Uploading file: jdmelody-pc-patreon.json as jdmelody-pc-patreon.e6a178d61ff458b0e7f6408977d86259.json
30-04 14:16:12 +00:00: File uploaded: jdmelody-pc-patreon.e6a178d61ff458b0e7f6408977d86259.json
30-04 14:16:12 +00:00: Updated local JSON file: data/songdb/PC/SongDB_Patreon.json with URL: https://jdmo-cdn.c0llydoll.com/private/songdb/jdmelody-pc-patreon.e6a178d61ff458b0e7f6408977d86259.json
30-04 14:16:12 +00:00: Uploading file: jdmelody-nx-dev.json as jdmelody-nx-dev.d8f2087551256d42d64fe1cc4dc6f247.json
30-04 14:16:12 +00:00: File uploaded: jdmelody-nx-dev.d8f2087551256d42d64fe1cc4dc6f247.json
30-04 14:16:12 +00:00: Updated local JSON file: data/songdb/NX/SongDB_Dev.json with URL: https://jdmo-cdn.c0llydoll.com/private/songdb/jdmelody-nx-dev.d8f2087551256d42d64fe1cc4dc6f247.json
30-04 14:16:12 +00:00: Uploading file: jdmelody-ps4-dev.json as jdmelody-ps4-dev.71213ec124d91c86416a9bc0c3b000bc.json
30-04 14:16:12 +00:00: File uploaded: jdmelody-ps4-dev.71213ec124d91c86416a9bc0c3b000bc.json
30-04 14:16:12 +00:00: Updated local JSON file: data/songdb/PS4/SongDB_Dev.json with URL: https://jdmo-cdn.c0llydoll.com/private/songdb/jdmelody-ps4-dev.71213ec124d91c86416a9bc0c3b000bc.json
30-04 14:16:12 +00:00: Uploading file: jdmelody-pc-dev.json as jdmelody-pc-dev.86de0541422a278e344a654bd46bcdf1.json
30-04 14:16:13 +00:00: File uploaded: jdmelody-pc-dev.86de0541422a278e344a654bd46bcdf1.json
30-04 14:16:13 +00:00: Updated local JSON file: data/songdb/PC/SongDB_Dev.json with URL: https://jdmo-cdn.c0llydoll.com/private/songdb/jdmelody-pc-dev.86de0541422a278e344a654bd46bcdf1.json
30-04 14:16:15 +00:00: Uploading file: jdmelody-nx-all.json as jdmelody-nx-all.d4beca905cbaa750a11246de84171e84.json
30-04 14:16:16 +00:00: File uploaded: jdmelody-nx-all.d4beca905cbaa750a11246de84171e84.json
30-04 14:16:16 +00:00: Updated local JSON file: data/songdb/NX/SongDB.json with URL: https://jdmo-cdn.c0llydoll.com/private/songdb/jdmelody-nx-all.d4beca905cbaa750a11246de84171e84.json
30-04 14:16:16 +00:00: Uploading file: jdmelody-ps4-all.json as jdmelody-ps4-all.85291f06f9aa1f566fcac7220dbfd683.json
30-04 14:16:16 +00:00: File uploaded: jdmelody-ps4-all.85291f06f9aa1f566fcac7220dbfd683.json
30-04 14:16:16 +00:00: Updated local JSON file: data/songdb/PS4/SongDB.json with URL: https://jdmo-cdn.c0llydoll.com/private/songdb/jdmelody-ps4-all.85291f06f9aa1f566fcac7220dbfd683.json
30-04 14:16:16 +00:00: Uploading file: jdmelody-pc-all.json as jdmelody-pc-all.c055a49adc5435d9fda665084234b548.json
30-04 14:16:16 +00:00: File uploaded: jdmelody-pc-all.c055a49adc5435d9fda665084234b548.json
30-04 14:16:16 +00:00: Updated local JSON file: data/songdb/PC/SongDB.json with URL: https://jdmo-cdn.c0llydoll.com/private/songdb/jdmelody-pc-all.c055a49adc5435d9fda665084234b548.json
30-04 14:16:16 +00:00: Uploading file: jdmelody-nx-patreon.json as jdmelody-nx-patreon.06b2f404c4d8771fdd06cf92caf60280.json
30-04 14:16:17 +00:00: File uploaded: jdmelody-nx-patreon.06b2f404c4d8771fdd06cf92caf60280.json
30-04 14:16:17 +00:00: Updated local JSON file: data/songdb/NX/SongDB_Patreon.json with URL: https://jdmo-cdn.c0llydoll.com/private/songdb/jdmelody-nx-patreon.06b2f404c4d8771fdd06cf92caf60280.json
30-04 14:16:17 +00:00: Uploading file: jdmelody-ps4-patreon.json as jdmelody-ps4-patreon.2c25820861660b8be397341e8521f9f4.json
30-04 14:16:18 +00:00: File uploaded: jdmelody-ps4-patreon.2c25820861660b8be397341e8521f9f4.json
30-04 14:16:18 +00:00: Updated local JSON file: data/songdb/PS4/SongDB_Patreon.json with URL: https://jdmo-cdn.c0llydoll.com/private/songdb/jdmelody-ps4-patreon.2c25820861660b8be397341e8521f9f4.json
30-04 14:16:18 +00:00: Uploading file: jdmelody-pc-patreon.json as jdmelody-pc-patreon.a1db785975b766f73d78e928f23ff0b6.json
30-04 14:16:18 +00:00: File uploaded: jdmelody-pc-patreon.a1db785975b766f73d78e928f23ff0b6.json
30-04 14:16:18 +00:00: Updated local JSON file: data/songdb/PC/SongDB_Patreon.json with URL: https://jdmo-cdn.c0llydoll.com/private/songdb/jdmelody-pc-patreon.a1db785975b766f73d78e928f23ff0b6.json
30-04 14:16:18 +00:00: Uploading file: jdmelody-nx-dev.json as jdmelody-nx-dev.d8f2087551256d42d64fe1cc4dc6f247.json
30-04 14:16:18 +00:00: File uploaded: jdmelody-nx-dev.d8f2087551256d42d64fe1cc4dc6f247.json
30-04 14:16:18 +00:00: Updated local JSON file: data/songdb/NX/SongDB_Dev.json with URL: https://jdmo-cdn.c0llydoll.com/private/songdb/jdmelody-nx-dev.d8f2087551256d42d64fe1cc4dc6f247.json
30-04 14:16:18 +00:00: Uploading file: jdmelody-ps4-dev.json as jdmelody-ps4-dev.71213ec124d91c86416a9bc0c3b000bc.json
30-04 14:16:19 +00:00: File uploaded: jdmelody-ps4-dev.71213ec124d91c86416a9bc0c3b000bc.json
30-04 14:16:19 +00:00: Updated local JSON file: data/songdb/PS4/SongDB_Dev.json with URL: https://jdmo-cdn.c0llydoll.com/private/songdb/jdmelody-ps4-dev.71213ec124d91c86416a9bc0c3b000bc.json
30-04 14:16:19 +00:00: Uploading file: jdmelody-pc-dev.json as jdmelody-pc-dev.86de0541422a278e344a654bd46bcdf1.json
30-04 14:16:19 +00:00: File uploaded: jdmelody-pc-dev.86de0541422a278e344a654bd46bcdf1.json
30-04 14:16:19 +00:00: Updated local JSON file: data/songdb/PC/SongDB_Dev.json with URL: https://jdmo-cdn.c0llydoll.com/private/songdb/jdmelody-pc-dev.86de0541422a278e344a654bd46bcdf1.json
30-04 14:16:22 +00:00: Uploading file: jdmelody-nx-all.json as jdmelody-nx-all.8ffeab0ae448684dfefca5c432acc65c.json
30-04 14:16:22 +00:00: File uploaded: jdmelody-nx-all.8ffeab0ae448684dfefca5c432acc65c.json
30-04 14:16:22 +00:00: Updated local JSON file: data/songdb/NX/SongDB.json with URL: https://jdmo-cdn.c0llydoll.com/private/songdb/jdmelody-nx-all.8ffeab0ae448684dfefca5c432acc65c.json
30-04 14:16:22 +00:00: Uploading file: jdmelody-ps4-all.json as jdmelody-ps4-all.095589c7fa4514cea266c3195fc68ec6.json
30-04 14:16:23 +00:00: File uploaded: jdmelody-ps4-all.095589c7fa4514cea266c3195fc68ec6.json
30-04 14:16:23 +00:00: Updated local JSON file: data/songdb/PS4/SongDB.json with URL: https://jdmo-cdn.c0llydoll.com/private/songdb/jdmelody-ps4-all.095589c7fa4514cea266c3195fc68ec6.json
30-04 14:16:23 +00:00: Uploading file: jdmelody-pc-all.json as jdmelody-pc-all.32a5a3c058a59221d674b893c1b6752a.json
30-04 14:16:24 +00:00: File uploaded: jdmelody-pc-all.32a5a3c058a59221d674b893c1b6752a.json
30-04 14:16:24 +00:00: Updated local JSON file: data/songdb/PC/SongDB.json with URL: https://jdmo-cdn.c0llydoll.com/private/songdb/jdmelody-pc-all.32a5a3c058a59221d674b893c1b6752a.json
30-04 14:16:24 +00:00: Uploading file: jdmelody-nx-patreon.json as jdmelody-nx-patreon.49d274b301b29618e15cd5f72e6dc3f2.json
30-04 14:16:24 +00:00: File uploaded: jdmelody-nx-patreon.49d274b301b29618e15cd5f72e6dc3f2.json
30-04 14:16:24 +00:00: Updated local JSON file: data/songdb/NX/SongDB_Patreon.json with URL: https://jdmo-cdn.c0llydoll.com/private/songdb/jdmelody-nx-patreon.49d274b301b29618e15cd5f72e6dc3f2.json
30-04 14:16:24 +00:00: Uploading file: jdmelody-ps4-patreon.json as jdmelody-ps4-patreon.225230b7e64d801ec75c016bcf8dfc4e.json
30-04 14:16:25 +00:00: File uploaded: jdmelody-ps4-patreon.225230b7e64d801ec75c016bcf8dfc4e.json
30-04 14:16:25 +00:00: Updated local JSON file: data/songdb/PS4/SongDB_Patreon.json with URL: https://jdmo-cdn.c0llydoll.com/private/songdb/jdmelody-ps4-patreon.225230b7e64d801ec75c016bcf8dfc4e.json
30-04 14:16:25 +00:00: Uploading file: jdmelody-pc-patreon.json as jdmelody-pc-patreon.f39ead5ad858014035989a2fa20cdc55.json
30-04 14:16:25 +00:00: File uploaded: jdmelody-pc-patreon.f39ead5ad858014035989a2fa20cdc55.json
30-04 14:16:25 +00:00: Updated local JSON file: data/songdb/PC/SongDB_Patreon.json with URL: https://jdmo-cdn.c0llydoll.com/private/songdb/jdmelody-pc-patreon.f39ead5ad858014035989a2fa20cdc55.json
30-04 14:16:25 +00:00: Uploading file: jdmelody-nx-dev.json as jdmelody-nx-dev.d8f2087551256d42d64fe1cc4dc6f247.json
30-04 14:16:25 +00:00: File uploaded: jdmelody-nx-dev.d8f2087551256d42d64fe1cc4dc6f247.json
30-04 14:16:25 +00:00: Updated local JSON file: data/songdb/NX/SongDB_Dev.json with URL: https://jdmo-cdn.c0llydoll.com/private/songdb/jdmelody-nx-dev.d8f2087551256d42d64fe1cc4dc6f247.json
30-04 14:16:25 +00:00: Uploading file: jdmelody-ps4-dev.json as jdmelody-ps4-dev.71213ec124d91c86416a9bc0c3b000bc.json
30-04 14:16:26 +00:00: File uploaded: jdmelody-ps4-dev.71213ec124d91c86416a9bc0c3b000bc.json
30-04 14:16:26 +00:00: Updated local JSON file: data/songdb/PS4/SongDB_Dev.json with URL: https://jdmo-cdn.c0llydoll.com/private/songdb/jdmelody-ps4-dev.71213ec124d91c86416a9bc0c3b000bc.json
30-04 14:16:26 +00:00: Uploading file: jdmelody-pc-dev.json as jdmelody-pc-dev.86de0541422a278e344a654bd46bcdf1.json
30-04 14:16:29 +00:00: File uploaded: jdmelody-pc-dev.86de0541422a278e344a654bd46bcdf1.json
30-04 14:16:29 +00:00: Updated local JSON file: data/songdb/PC/SongDB_Dev.json with URL: https://jdmo-cdn.c0llydoll.com/private/songdb/jdmelody-pc-dev.86de0541422a278e344a654bd46bcdf1.json
30-04 14:16:31 +00:00: Uploading file: jdmelody-nx-all.json as jdmelody-nx-all.a80f34db57a466977848c77470bcb2fd.json
30-04 14:16:34 +00:00: File uploaded: jdmelody-nx-all.a80f34db57a466977848c77470bcb2fd.json
30-04 14:16:34 +00:00: Updated local JSON file: data/songdb/NX/SongDB.json with URL: https://jdmo-cdn.c0llydoll.com/private/songdb/jdmelody-nx-all.a80f34db57a466977848c77470bcb2fd.json
30-04 14:16:34 +00:00: Uploading file: jdmelody-ps4-all.json as jdmelody-ps4-all.bda460280ca6ca36f33633e96f1f1a29.json
30-04 14:16:35 +00:00: File uploaded: jdmelody-ps4-all.bda460280ca6ca36f33633e96f1f1a29.json
30-04 14:16:35 +00:00: Updated local JSON file: data/songdb/PS4/SongDB.json with URL: https://jdmo-cdn.c0llydoll.com/private/songdb/jdmelody-ps4-all.bda460280ca6ca36f33633e96f1f1a29.json
30-04 14:16:35 +00:00: Uploading file: jdmelody-pc-all.json as jdmelody-pc-all.f8f36570299ffb2ecf6d8dbdc4d36bf1.json
30-04 14:16:39 +00:00: File uploaded: jdmelody-pc-all.f8f36570299ffb2ecf6d8dbdc4d36bf1.json
30-04 14:16:39 +00:00: Updated local JSON file: data/songdb/PC/SongDB.json with URL: https://jdmo-cdn.c0llydoll.com/private/songdb/jdmelody-pc-all.f8f36570299ffb2ecf6d8dbdc4d36bf1.json
30-04 14:16:39 +00:00: Uploading file: jdmelody-nx-patreon.json as jdmelody-nx-patreon.af3598a14f92aae55636cb8af81ff0a7.json
30-04 14:16:39 +00:00: File uploaded: jdmelody-nx-patreon.af3598a14f92aae55636cb8af81ff0a7.json
30-04 14:16:39 +00:00: Updated local JSON file: data/songdb/NX/SongDB_Patreon.json with URL: https://jdmo-cdn.c0llydoll.com/private/songdb/jdmelody-nx-patreon.af3598a14f92aae55636cb8af81ff0a7.json
30-04 14:16:39 +00:00: Uploading file: jdmelody-ps4-patreon.json as jdmelody-ps4-patreon.0643b6fdfa8f1c987ef61380a8854213.json
30-04 14:16:41 +00:00: File uploaded: jdmelody-ps4-patreon.0643b6fdfa8f1c987ef61380a8854213.json
30-04 14:16:41 +00:00: Updated local JSON file: data/songdb/PS4/SongDB_Patreon.json with URL: https://jdmo-cdn.c0llydoll.com/private/songdb/jdmelody-ps4-patreon.0643b6fdfa8f1c987ef61380a8854213.json
30-04 14:16:41 +00:00: Uploading file: jdmelody-pc-patreon.json as jdmelody-pc-patreon.631976586407633733962d495e58cf75.json
30-04 14:16:41 +00:00: File uploaded: jdmelody-pc-patreon.631976586407633733962d495e58cf75.json
30-04 14:16:41 +00:00: Updated local JSON file: data/songdb/PC/SongDB_Patreon.json with URL: https://jdmo-cdn.c0llydoll.com/private/songdb/jdmelody-pc-patreon.631976586407633733962d495e58cf75.json
30-04 14:16:41 +00:00: Uploading file: jdmelody-nx-dev.json as jdmelody-nx-dev.d8f2087551256d42d64fe1cc4dc6f247.json
30-04 14:16:41 +00:00: File uploaded: jdmelody-nx-dev.d8f2087551256d42d64fe1cc4dc6f247.json
30-04 14:16:41 +00:00: Updated local JSON file: data/songdb/NX/SongDB_Dev.json with URL: https://jdmo-cdn.c0llydoll.com/private/songdb/jdmelody-nx-dev.d8f2087551256d42d64fe1cc4dc6f247.json
30-04 14:16:41 +00:00: Uploading file: jdmelody-ps4-dev.json as jdmelody-ps4-dev.71213ec124d91c86416a9bc0c3b000bc.json
30-04 14:16:42 +00:00: File uploaded: jdmelody-ps4-dev.71213ec124d91c86416a9bc0c3b000bc.json
30-04 14:16:42 +00:00: Updated local JSON file: data/songdb/PS4/SongDB_Dev.json with URL: https://jdmo-cdn.c0llydoll.com/private/songdb/jdmelody-ps4-dev.71213ec124d91c86416a9bc0c3b000bc.json
30-04 14:16:42 +00:00: Uploading file: jdmelody-pc-dev.json as jdmelody-pc-dev.86de0541422a278e344a654bd46bcdf1.json
30-04 14:16:42 +00:00: File uploaded: jdmelody-pc-dev.86de0541422a278e344a654bd46bcdf1.json
30-04 14:16:42 +00:00: Updated local JSON file: data/songdb/PC/SongDB_Dev.json with URL: https://jdmo-cdn.c0llydoll.com/private/songdb/jdmelody-pc-dev.86de0541422a278e344a654bd46bcdf1.json
30-04 14:16:44 +00:00: Uploading file: jdmelody-nx-all.json as jdmelody-nx-all.6e523c8c000d662a43e91a49d3015d21.json
30-04 14:16:45 +00:00: File uploaded: jdmelody-nx-all.6e523c8c000d662a43e91a49d3015d21.json
30-04 14:16:45 +00:00: Updated local JSON file: data/songdb/NX/SongDB.json with URL: https://jdmo-cdn.c0llydoll.com/private/songdb/jdmelody-nx-all.6e523c8c000d662a43e91a49d3015d21.json
30-04 14:16:45 +00:00: Uploading file: jdmelody-ps4-all.json as jdmelody-ps4-all.bbc9330a9b20d95c5d1d4ba4aa079886.json
30-04 14:16:45 +00:00: File uploaded: jdmelody-ps4-all.bbc9330a9b20d95c5d1d4ba4aa079886.json
30-04 14:16:45 +00:00: Updated local JSON file: data/songdb/PS4/SongDB.json with URL: https://jdmo-cdn.c0llydoll.com/private/songdb/jdmelody-ps4-all.bbc9330a9b20d95c5d1d4ba4aa079886.json
30-04 14:16:45 +00:00: Uploading file: jdmelody-pc-all.json as jdmelody-pc-all.195428aafbda51fc890192517f6c559c.json
30-04 14:16:45 +00:00: File uploaded: jdmelody-pc-all.195428aafbda51fc890192517f6c559c.json
30-04 14:16:45 +00:00: Updated local JSON file: data/songdb/PC/SongDB.json with URL: https://jdmo-cdn.c0llydoll.com/private/songdb/jdmelody-pc-all.195428aafbda51fc890192517f6c559c.json
30-04 14:16:46 +00:00: Uploading file: jdmelody-nx-patreon.json as jdmelody-nx-patreon.cf1d1129860db5c0f57614f7ed176fe8.json
30-04 14:16:46 +00:00: File uploaded: jdmelody-nx-patreon.cf1d1129860db5c0f57614f7ed176fe8.json
30-04 14:16:46 +00:00: Updated local JSON file: data/songdb/NX/SongDB_Patreon.json with URL: https://jdmo-cdn.c0llydoll.com/private/songdb/jdmelody-nx-patreon.cf1d1129860db5c0f57614f7ed176fe8.json
30-04 14:16:46 +00:00: Uploading file: jdmelody-ps4-patreon.json as jdmelody-ps4-patreon.691915a327362c97162882e8b6f57093.json
30-04 14:16:47 +00:00: File uploaded: jdmelody-ps4-patreon.691915a327362c97162882e8b6f57093.json
30-04 14:16:47 +00:00: Updated local JSON file: data/songdb/PS4/SongDB_Patreon.json with URL: https://jdmo-cdn.c0llydoll.com/private/songdb/jdmelody-ps4-patreon.691915a327362c97162882e8b6f57093.json
30-04 14:16:47 +00:00: Uploading file: jdmelody-pc-patreon.json as jdmelody-pc-patreon.35c0896feae8b31878d2517b8e9822a5.json
30-04 14:16:47 +00:00: File uploaded: jdmelody-pc-patreon.35c0896feae8b31878d2517b8e9822a5.json
30-04 14:16:47 +00:00: Updated local JSON file: data/songdb/PC/SongDB_Patreon.json with URL: https://jdmo-cdn.c0llydoll.com/private/songdb/jdmelody-pc-patreon.35c0896feae8b31878d2517b8e9822a5.json
30-04 14:16:47 +00:00: Uploading file: jdmelody-nx-dev.json as jdmelody-nx-dev.d8f2087551256d42d64fe1cc4dc6f247.json
30-04 14:16:48 +00:00: File uploaded: jdmelody-nx-dev.d8f2087551256d42d64fe1cc4dc6f247.json
30-04 14:16:48 +00:00: Updated local JSON file: data/songdb/NX/SongDB_Dev.json with URL: https://jdmo-cdn.c0llydoll.com/private/songdb/jdmelody-nx-dev.d8f2087551256d42d64fe1cc4dc6f247.json
30-04 14:16:48 +00:00: Uploading file: jdmelody-ps4-dev.json as jdmelody-ps4-dev.71213ec124d91c86416a9bc0c3b000bc.json
30-04 14:16:48 +00:00: File uploaded: jdmelody-ps4-dev.71213ec124d91c86416a9bc0c3b000bc.json
30-04 14:16:48 +00:00: Updated local JSON file: data/songdb/PS4/SongDB_Dev.json with URL: https://jdmo-cdn.c0llydoll.com/private/songdb/jdmelody-ps4-dev.71213ec124d91c86416a9bc0c3b000bc.json
30-04 14:16:48 +00:00: Uploading file: jdmelody-pc-dev.json as jdmelody-pc-dev.86de0541422a278e344a654bd46bcdf1.json
30-04 14:16:49 +00:00: File uploaded: jdmelody-pc-dev.86de0541422a278e344a654bd46bcdf1.json
30-04 14:16:49 +00:00: Updated local JSON file: data/songdb/PC/SongDB_Dev.json with URL: https://jdmo-cdn.c0llydoll.com/private/songdb/jdmelody-pc-dev.86de0541422a278e344a654bd46bcdf1.json
30-04 14:16:51 +00:00: Uploading file: jdmelody-nx-all.json as jdmelody-nx-all.c83789b070cfe7be56627402606a1e7d.json
30-04 14:16:52 +00:00: File uploaded: jdmelody-nx-all.c83789b070cfe7be56627402606a1e7d.json
30-04 14:16:52 +00:00: Updated local JSON file: data/songdb/NX/SongDB.json with URL: https://jdmo-cdn.c0llydoll.com/private/songdb/jdmelody-nx-all.c83789b070cfe7be56627402606a1e7d.json
30-04 14:16:52 +00:00: Uploading file: jdmelody-ps4-all.json as jdmelody-ps4-all.af386df0952e7661db60c238dce074fc.json
30-04 14:16:52 +00:00: File uploaded: jdmelody-ps4-all.af386df0952e7661db60c238dce074fc.json
30-04 14:16:52 +00:00: Updated local JSON file: data/songdb/PS4/SongDB.json with URL: https://jdmo-cdn.c0llydoll.com/private/songdb/jdmelody-ps4-all.af386df0952e7661db60c238dce074fc.json
30-04 14:16:52 +00:00: Uploading file: jdmelody-pc-all.json as jdmelody-pc-all.125046e871264a6bba0132d0b913f7f1.json
30-04 14:16:53 +00:00: File uploaded: jdmelody-pc-all.125046e871264a6bba0132d0b913f7f1.json
30-04 14:16:53 +00:00: Updated local JSON file: data/songdb/PC/SongDB.json with URL: https://jdmo-cdn.c0llydoll.com/private/songdb/jdmelody-pc-all.125046e871264a6bba0132d0b913f7f1.json
30-04 14:16:53 +00:00: Uploading file: jdmelody-nx-patreon.json as jdmelody-nx-patreon.11a91b910f6a7e24004f0b274e83613e.json
30-04 14:16:53 +00:00: File uploaded: jdmelody-nx-patreon.11a91b910f6a7e24004f0b274e83613e.json
30-04 14:16:53 +00:00: Updated local JSON file: data/songdb/NX/SongDB_Patreon.json with URL: https://jdmo-cdn.c0llydoll.com/private/songdb/jdmelody-nx-patreon.11a91b910f6a7e24004f0b274e83613e.json
30-04 14:16:53 +00:00: Uploading file: jdmelody-ps4-patreon.json as jdmelody-ps4-patreon.3055fdddbe7b9de31fe66e7f73eb6c01.json
30-04 14:16:53 +00:00: File uploaded: jdmelody-ps4-patreon.3055fdddbe7b9de31fe66e7f73eb6c01.json
30-04 14:16:53 +00:00: Updated local JSON file: data/songdb/PS4/SongDB_Patreon.json with URL: https://jdmo-cdn.c0llydoll.com/private/songdb/jdmelody-ps4-patreon.3055fdddbe7b9de31fe66e7f73eb6c01.json
30-04 14:16:53 +00:00: Uploading file: jdmelody-pc-patreon.json as jdmelody-pc-patreon.e4ea38a702b673bd2538cc5c8f8d5657.json
30-04 14:16:53 +00:00: File uploaded: jdmelody-pc-patreon.e4ea38a702b673bd2538cc5c8f8d5657.json
30-04 14:16:53 +00:00: Updated local JSON file: data/songdb/PC/SongDB_Patreon.json with URL: https://jdmo-cdn.c0llydoll.com/private/songdb/jdmelody-pc-patreon.e4ea38a702b673bd2538cc5c8f8d5657.json
30-04 14:16:54 +00:00: Uploading file: jdmelody-nx-dev.json as jdmelody-nx-dev.d8f2087551256d42d64fe1cc4dc6f247.json
30-04 14:16:54 +00:00: File uploaded: jdmelody-nx-dev.d8f2087551256d42d64fe1cc4dc6f247.json
30-04 14:16:54 +00:00: Updated local JSON file: data/songdb/NX/SongDB_Dev.json with URL: https://jdmo-cdn.c0llydoll.com/private/songdb/jdmelody-nx-dev.d8f2087551256d42d64fe1cc4dc6f247.json
30-04 14:16:54 +00:00: Uploading file: jdmelody-ps4-dev.json as jdmelody-ps4-dev.71213ec124d91c86416a9bc0c3b000bc.json
30-04 14:16:54 +00:00: File uploaded: jdmelody-ps4-dev.71213ec124d91c86416a9bc0c3b000bc.json
30-04 14:16:54 +00:00: Updated local JSON file: data/songdb/PS4/SongDB_Dev.json with URL: https://jdmo-cdn.c0llydoll.com/private/songdb/jdmelody-ps4-dev.71213ec124d91c86416a9bc0c3b000bc.json
30-04 14:16:54 +00:00: Uploading file: jdmelody-pc-dev.json as jdmelody-pc-dev.86de0541422a278e344a654bd46bcdf1.json
30-04 14:16:55 +00:00: File uploaded: jdmelody-pc-dev.86de0541422a278e344a654bd46bcdf1.json
30-04 14:16:55 +00:00: Updated local JSON file: data/songdb/PC/SongDB_Dev.json with URL: https://jdmo-cdn.c0llydoll.com/private/songdb/jdmelody-pc-dev.86de0541422a278e344a654bd46bcdf1.json
30-04 14:16:57 +00:00: Uploading file: jdmelody-nx-all.json as jdmelody-nx-all.dda417875d09e620b081b6e93b0dbed7.json
30-04 14:16:58 +00:00: File uploaded: jdmelody-nx-all.dda417875d09e620b081b6e93b0dbed7.json
30-04 14:16:58 +00:00: Updated local JSON file: data/songdb/NX/SongDB.json with URL: https://jdmo-cdn.c0llydoll.com/private/songdb/jdmelody-nx-all.dda417875d09e620b081b6e93b0dbed7.json
30-04 14:16:58 +00:00: Uploading file: jdmelody-ps4-all.json as jdmelody-ps4-all.fca89fc67200c42caf8edc71f9cb7ae2.json
30-04 14:16:59 +00:00: File uploaded: jdmelody-ps4-all.fca89fc67200c42caf8edc71f9cb7ae2.json
30-04 14:16:59 +00:00: Updated local JSON file: data/songdb/PS4/SongDB.json with URL: https://jdmo-cdn.c0llydoll.com/private/songdb/jdmelody-ps4-all.fca89fc67200c42caf8edc71f9cb7ae2.json
30-04 14:16:59 +00:00: Uploading file: jdmelody-pc-all.json as jdmelody-pc-all.62c6087a9b3b89f34f6a63018383a7d4.json
30-04 14:16:59 +00:00: File uploaded: jdmelody-pc-all.62c6087a9b3b89f34f6a63018383a7d4.json
30-04 14:16:59 +00:00: Updated local JSON file: data/songdb/PC/SongDB.json with URL: https://jdmo-cdn.c0llydoll.com/private/songdb/jdmelody-pc-all.62c6087a9b3b89f34f6a63018383a7d4.json
30-04 14:16:59 +00:00: Uploading file: jdmelody-nx-patreon.json as jdmelody-nx-patreon.ac2669be3ac43ba1c4cd6cc0ff288054.json
30-04 14:16:59 +00:00: File uploaded: jdmelody-nx-patreon.ac2669be3ac43ba1c4cd6cc0ff288054.json
30-04 14:16:59 +00:00: Updated local JSON file: data/songdb/NX/SongDB_Patreon.json with URL: https://jdmo-cdn.c0llydoll.com/private/songdb/jdmelody-nx-patreon.ac2669be3ac43ba1c4cd6cc0ff288054.json
30-04 14:17:00 +00:00: Uploading file: jdmelody-ps4-patreon.json as jdmelody-ps4-patreon.6abb2ad711b7dccead4831412569a1c5.json
30-04 14:17:00 +00:00: File uploaded: jdmelody-ps4-patreon.6abb2ad711b7dccead4831412569a1c5.json
30-04 14:17:00 +00:00: Updated local JSON file: data/songdb/PS4/SongDB_Patreon.json with URL: https://jdmo-cdn.c0llydoll.com/private/songdb/jdmelody-ps4-patreon.6abb2ad711b7dccead4831412569a1c5.json
30-04 14:17:00 +00:00: Uploading file: jdmelody-pc-patreon.json as jdmelody-pc-patreon.892618ccc43ebe618d55c41150556fda.json
30-04 14:17:00 +00:00: File uploaded: jdmelody-pc-patreon.892618ccc43ebe618d55c41150556fda.json
30-04 14:17:00 +00:00: Updated local JSON file: data/songdb/PC/SongDB_Patreon.json with URL: https://jdmo-cdn.c0llydoll.com/private/songdb/jdmelody-pc-patreon.892618ccc43ebe618d55c41150556fda.json
30-04 14:17:01 +00:00: Uploading file: jdmelody-nx-dev.json as jdmelody-nx-dev.d8f2087551256d42d64fe1cc4dc6f247.json
30-04 14:17:01 +00:00: File uploaded: jdmelody-nx-dev.d8f2087551256d42d64fe1cc4dc6f247.json
30-04 14:17:01 +00:00: Updated local JSON file: data/songdb/NX/SongDB_Dev.json with URL: https://jdmo-cdn.c0llydoll.com/private/songdb/jdmelody-nx-dev.d8f2087551256d42d64fe1cc4dc6f247.json
30-04 14:17:01 +00:00: Uploading file: jdmelody-ps4-dev.json as jdmelody-ps4-dev.71213ec124d91c86416a9bc0c3b000bc.json
30-04 14:17:02 +00:00: File uploaded: jdmelody-ps4-dev.71213ec124d91c86416a9bc0c3b000bc.json
30-04 14:17:02 +00:00: Updated local JSON file: data/songdb/PS4/SongDB_Dev.json with URL: https://jdmo-cdn.c0llydoll.com/private/songdb/jdmelody-ps4-dev.71213ec124d91c86416a9bc0c3b000bc.json
30-04 14:17:02 +00:00: Uploading file: jdmelody-pc-dev.json as jdmelody-pc-dev.86de0541422a278e344a654bd46bcdf1.json
30-04 14:17:02 +00:00: File uploaded: jdmelody-pc-dev.86de0541422a278e344a654bd46bcdf1.json
30-04 14:17:02 +00:00: Updated local JSON file: data/songdb/PC/SongDB_Dev.json with URL: https://jdmo-cdn.c0llydoll.com/private/songdb/jdmelody-pc-dev.86de0541422a278e344a654bd46bcdf1.json
30-04 14:17:05 +00:00: Uploading file: jdmelody-nx-all.json as jdmelody-nx-all.e52ba259bb63e28e6338201bf1b6cf0a.json
30-04 14:17:05 +00:00: File uploaded: jdmelody-nx-all.e52ba259bb63e28e6338201bf1b6cf0a.json
30-04 14:17:05 +00:00: Updated local JSON file: data/songdb/NX/SongDB.json with URL: https://jdmo-cdn.c0llydoll.com/private/songdb/jdmelody-nx-all.e52ba259bb63e28e6338201bf1b6cf0a.json
30-04 14:17:05 +00:00: Uploading file: jdmelody-ps4-all.json as jdmelody-ps4-all.48c618ad4647af4c166432c6c6e2878f.json
30-04 14:17:05 +00:00: File uploaded: jdmelody-ps4-all.48c618ad4647af4c166432c6c6e2878f.json
30-04 14:17:05 +00:00: Updated local JSON file: data/songdb/PS4/SongDB.json with URL: https://jdmo-cdn.c0llydoll.com/private/songdb/jdmelody-ps4-all.48c618ad4647af4c166432c6c6e2878f.json
30-04 14:17:05 +00:00: Uploading file: jdmelody-pc-all.json as jdmelody-pc-all.f19593a73fc6537a4e57836e9ed67ddc.json
30-04 14:17:06 +00:00: File uploaded: jdmelody-pc-all.f19593a73fc6537a4e57836e9ed67ddc.json
30-04 14:17:06 +00:00: Updated local JSON file: data/songdb/PC/SongDB.json with URL: https://jdmo-cdn.c0llydoll.com/private/songdb/jdmelody-pc-all.f19593a73fc6537a4e57836e9ed67ddc.json
30-04 14:17:06 +00:00: Uploading file: jdmelody-nx-patreon.json as jdmelody-nx-patreon.53d2515414a922ee2762ef2d4f57c2ba.json
30-04 14:17:06 +00:00: File uploaded: jdmelody-nx-patreon.53d2515414a922ee2762ef2d4f57c2ba.json
30-04 14:17:06 +00:00: Updated local JSON file: data/songdb/NX/SongDB_Patreon.json with URL: https://jdmo-cdn.c0llydoll.com/private/songdb/jdmelody-nx-patreon.53d2515414a922ee2762ef2d4f57c2ba.json
30-04 14:17:06 +00:00: Uploading file: jdmelody-ps4-patreon.json as jdmelody-ps4-patreon.1296bbe3931888de6dbc00ed5eb0e5ba.json
30-04 14:17:06 +00:00: File uploaded: jdmelody-ps4-patreon.1296bbe3931888de6dbc00ed5eb0e5ba.json
30-04 14:17:06 +00:00: Updated local JSON file: data/songdb/PS4/SongDB_Patreon.json with URL: https://jdmo-cdn.c0llydoll.com/private/songdb/jdmelody-ps4-patreon.1296bbe3931888de6dbc00ed5eb0e5ba.json
30-04 14:17:07 +00:00: Uploading file: jdmelody-pc-patreon.json as jdmelody-pc-patreon.573158e2c1b141d9371565aab1102142.json
30-04 14:17:07 +00:00: File uploaded: jdmelody-pc-patreon.573158e2c1b141d9371565aab1102142.json
30-04 14:17:07 +00:00: Updated local JSON file: data/songdb/PC/SongDB_Patreon.json with URL: https://jdmo-cdn.c0llydoll.com/private/songdb/jdmelody-pc-patreon.573158e2c1b141d9371565aab1102142.json
30-04 14:17:07 +00:00: Uploading file: jdmelody-nx-dev.json as jdmelody-nx-dev.d8f2087551256d42d64fe1cc4dc6f247.json
30-04 14:17:07 +00:00: File uploaded: jdmelody-nx-dev.d8f2087551256d42d64fe1cc4dc6f247.json
30-04 14:17:07 +00:00: Updated local JSON file: data/songdb/NX/SongDB_Dev.json with URL: https://jdmo-cdn.c0llydoll.com/private/songdb/jdmelody-nx-dev.d8f2087551256d42d64fe1cc4dc6f247.json
30-04 14:17:07 +00:00: Uploading file: jdmelody-ps4-dev.json as jdmelody-ps4-dev.71213ec124d91c86416a9bc0c3b000bc.json
30-04 14:17:07 +00:00: File uploaded: jdmelody-ps4-dev.71213ec124d91c86416a9bc0c3b000bc.json
30-04 14:17:07 +00:00: Updated local JSON file: data/songdb/PS4/SongDB_Dev.json with URL: https://jdmo-cdn.c0llydoll.com/private/songdb/jdmelody-ps4-dev.71213ec124d91c86416a9bc0c3b000bc.json
30-04 14:17:07 +00:00: Uploading file: jdmelody-pc-dev.json as jdmelody-pc-dev.86de0541422a278e344a654bd46bcdf1.json
30-04 14:17:08 +00:00: File uploaded: jdmelody-pc-dev.86de0541422a278e344a654bd46bcdf1.json
30-04 14:17:08 +00:00: Updated local JSON file: data/songdb/PC/SongDB_Dev.json with URL: https://jdmo-cdn.c0llydoll.com/private/songdb/jdmelody-pc-dev.86de0541422a278e344a654bd46bcdf1.json
30-04 14:17:10 +00:00: Uploading file: jdmelody-nx-all.json as jdmelody-nx-all.9e3024c3a2f97efaa57eeed488998f87.json
30-04 14:17:12 +00:00: File uploaded: jdmelody-nx-all.9e3024c3a2f97efaa57eeed488998f87.json
30-04 14:17:12 +00:00: Updated local JSON file: data/songdb/NX/SongDB.json with URL: https://jdmo-cdn.c0llydoll.com/private/songdb/jdmelody-nx-all.9e3024c3a2f97efaa57eeed488998f87.json
30-04 14:17:12 +00:00: Uploading file: jdmelody-ps4-all.json as jdmelody-ps4-all.f8a81bc2e47fae74ae4ab7988c5e9e84.json
30-04 14:17:12 +00:00: File uploaded: jdmelody-ps4-all.f8a81bc2e47fae74ae4ab7988c5e9e84.json
30-04 14:17:12 +00:00: Updated local JSON file: data/songdb/PS4/SongDB.json with URL: https://jdmo-cdn.c0llydoll.com/private/songdb/jdmelody-ps4-all.f8a81bc2e47fae74ae4ab7988c5e9e84.json
30-04 14:17:12 +00:00: Uploading file: jdmelody-pc-all.json as jdmelody-pc-all.bb16cf2349b96778d6dfa4bd400aa1b0.json
30-04 14:17:13 +00:00: File uploaded: jdmelody-pc-all.bb16cf2349b96778d6dfa4bd400aa1b0.json
30-04 14:17:13 +00:00: Updated local JSON file: data/songdb/PC/SongDB.json with URL: https://jdmo-cdn.c0llydoll.com/private/songdb/jdmelody-pc-all.bb16cf2349b96778d6dfa4bd400aa1b0.json
30-04 14:17:13 +00:00: Uploading file: jdmelody-nx-patreon.json as jdmelody-nx-patreon.f44f02697d57989ae387d0083c6681ea.json
30-04 14:17:13 +00:00: File uploaded: jdmelody-nx-patreon.f44f02697d57989ae387d0083c6681ea.json
30-04 14:17:13 +00:00: Updated local JSON file: data/songdb/NX/SongDB_Patreon.json with URL: https://jdmo-cdn.c0llydoll.com/private/songdb/jdmelody-nx-patreon.f44f02697d57989ae387d0083c6681ea.json
30-04 14:17:13 +00:00: Uploading file: jdmelody-ps4-patreon.json as jdmelody-ps4-patreon.b5e9c3f8639b8c61a46b2952e1d772ec.json
30-04 14:17:14 +00:00: File uploaded: jdmelody-ps4-patreon.b5e9c3f8639b8c61a46b2952e1d772ec.json
30-04 14:17:14 +00:00: Updated local JSON file: data/songdb/PS4/SongDB_Patreon.json with URL: https://jdmo-cdn.c0llydoll.com/private/songdb/jdmelody-ps4-patreon.b5e9c3f8639b8c61a46b2952e1d772ec.json
30-04 14:17:14 +00:00: Uploading file: jdmelody-pc-patreon.json as jdmelody-pc-patreon.3598c899ce574051ed062b660d0de3d9.json
30-04 14:17:14 +00:00: File uploaded: jdmelody-pc-patreon.3598c899ce574051ed062b660d0de3d9.json
30-04 14:17:14 +00:00: Updated local JSON file: data/songdb/PC/SongDB_Patreon.json with URL: https://jdmo-cdn.c0llydoll.com/private/songdb/jdmelody-pc-patreon.3598c899ce574051ed062b660d0de3d9.json
30-04 14:17:14 +00:00: Uploading file: jdmelody-nx-dev.json as jdmelody-nx-dev.160846d06ee4283b48ab38c94e57fa54.json
30-04 14:17:14 +00:00: File uploaded: jdmelody-nx-dev.160846d06ee4283b48ab38c94e57fa54.json
30-04 14:17:14 +00:00: Updated local JSON file: data/songdb/NX/SongDB_Dev.json with URL: https://jdmo-cdn.c0llydoll.com/private/songdb/jdmelody-nx-dev.160846d06ee4283b48ab38c94e57fa54.json
30-04 14:17:14 +00:00: Uploading file: jdmelody-ps4-dev.json as jdmelody-ps4-dev.c2b220dd1965b1ffb477fbdae5a16168.json
30-04 14:17:15 +00:00: File uploaded: jdmelody-ps4-dev.c2b220dd1965b1ffb477fbdae5a16168.json
30-04 14:17:15 +00:00: Updated local JSON file: data/songdb/PS4/SongDB_Dev.json with URL: https://jdmo-cdn.c0llydoll.com/private/songdb/jdmelody-ps4-dev.c2b220dd1965b1ffb477fbdae5a16168.json
30-04 14:17:15 +00:00: Uploading file: jdmelody-pc-dev.json as jdmelody-pc-dev.2e88008b6cac669bfebdc953bc3857f7.json
30-04 14:17:15 +00:00: File uploaded: jdmelody-pc-dev.2e88008b6cac669bfebdc953bc3857f7.json
30-04 14:17:15 +00:00: Updated local JSON file: data/songdb/PC/SongDB_Dev.json with URL: https://jdmo-cdn.c0llydoll.com/private/songdb/jdmelody-pc-dev.2e88008b6cac669bfebdc953bc3857f7.json
30-04 14:17:18 +00:00: Uploading file: jdmelody-nx-all.json as jdmelody-nx-all.09209e41e2e0497cc033231cfd169f05.json
30-04 14:17:18 +00:00: File uploaded: jdmelody-nx-all.09209e41e2e0497cc033231cfd169f05.json
30-04 14:17:18 +00:00: Updated local JSON file: data/songdb/NX/SongDB.json with URL: https://jdmo-cdn.c0llydoll.com/private/songdb/jdmelody-nx-all.09209e41e2e0497cc033231cfd169f05.json
30-04 14:17:18 +00:00: Uploading file: jdmelody-ps4-all.json as jdmelody-ps4-all.d407cef5246dc3fd0c291ce05fb7fe45.json
30-04 14:17:18 +00:00: File uploaded: jdmelody-ps4-all.d407cef5246dc3fd0c291ce05fb7fe45.json
30-04 14:17:18 +00:00: Updated local JSON file: data/songdb/PS4/SongDB.json with URL: https://jdmo-cdn.c0llydoll.com/private/songdb/jdmelody-ps4-all.d407cef5246dc3fd0c291ce05fb7fe45.json
30-04 14:17:18 +00:00: Uploading file: jdmelody-pc-all.json as jdmelody-pc-all.850e94c33c38ce366b278454cf7b066f.json
30-04 14:17:19 +00:00: File uploaded: jdmelody-pc-all.850e94c33c38ce366b278454cf7b066f.json
30-04 14:17:19 +00:00: Updated local JSON file: data/songdb/PC/SongDB.json with URL: https://jdmo-cdn.c0llydoll.com/private/songdb/jdmelody-pc-all.850e94c33c38ce366b278454cf7b066f.json
30-04 14:17:19 +00:00: Uploading file: jdmelody-nx-patreon.json as jdmelody-nx-patreon.4c449887c294ae08d78cc35861e71331.json
30-04 14:17:19 +00:00: File uploaded: jdmelody-nx-patreon.4c449887c294ae08d78cc35861e71331.json
30-04 14:17:19 +00:00: Updated local JSON file: data/songdb/NX/SongDB_Patreon.json with URL: https://jdmo-cdn.c0llydoll.com/private/songdb/jdmelody-nx-patreon.4c449887c294ae08d78cc35861e71331.json
30-04 14:17:19 +00:00: Uploading file: jdmelody-ps4-patreon.json as jdmelody-ps4-patreon.d6f1553e9d6269230c4984ca2ab9ef5f.json
30-04 14:17:19 +00:00: File uploaded: jdmelody-ps4-patreon.d6f1553e9d6269230c4984ca2ab9ef5f.json
30-04 14:17:19 +00:00: Updated local JSON file: data/songdb/PS4/SongDB_Patreon.json with URL: https://jdmo-cdn.c0llydoll.com/private/songdb/jdmelody-ps4-patreon.d6f1553e9d6269230c4984ca2ab9ef5f.json
30-04 14:17:19 +00:00: Uploading file: jdmelody-pc-patreon.json as jdmelody-pc-patreon.dfd4054d5e428057340d8c1911acc9ba.json
30-04 14:17:20 +00:00: File uploaded: jdmelody-pc-patreon.dfd4054d5e428057340d8c1911acc9ba.json
30-04 14:17:20 +00:00: Updated local JSON file: data/songdb/PC/SongDB_Patreon.json with URL: https://jdmo-cdn.c0llydoll.com/private/songdb/jdmelody-pc-patreon.dfd4054d5e428057340d8c1911acc9ba.json
30-04 14:17:20 +00:00: Uploading file: jdmelody-nx-dev.json as jdmelody-nx-dev.160846d06ee4283b48ab38c94e57fa54.json
30-04 14:17:20 +00:00: File uploaded: jdmelody-nx-dev.160846d06ee4283b48ab38c94e57fa54.json
30-04 14:17:20 +00:00: Updated local JSON file: data/songdb/NX/SongDB_Dev.json with URL: https://jdmo-cdn.c0llydoll.com/private/songdb/jdmelody-nx-dev.160846d06ee4283b48ab38c94e57fa54.json
30-04 14:17:20 +00:00: Uploading file: jdmelody-ps4-dev.json as jdmelody-ps4-dev.c2b220dd1965b1ffb477fbdae5a16168.json
30-04 14:17:20 +00:00: File uploaded: jdmelody-ps4-dev.c2b220dd1965b1ffb477fbdae5a16168.json
30-04 14:17:20 +00:00: Updated local JSON file: data/songdb/PS4/SongDB_Dev.json with URL: https://jdmo-cdn.c0llydoll.com/private/songdb/jdmelody-ps4-dev.c2b220dd1965b1ffb477fbdae5a16168.json
30-04 14:17:20 +00:00: Uploading file: jdmelody-pc-dev.json as jdmelody-pc-dev.2e88008b6cac669bfebdc953bc3857f7.json
30-04 14:17:21 +00:00: File uploaded: jdmelody-pc-dev.2e88008b6cac669bfebdc953bc3857f7.json
30-04 14:17:21 +00:00: Updated local JSON file: data/songdb/PC/SongDB_Dev.json with URL: https://jdmo-cdn.c0llydoll.com/private/songdb/jdmelody-pc-dev.2e88008b6cac669bfebdc953bc3857f7.json
30-04 14:17:24 +00:00: Uploading file: jdmelody-nx-all.json as jdmelody-nx-all.9e4f0f924a1280c9c8a062ba4f144d38.json
30-04 14:17:25 +00:00: File uploaded: jdmelody-nx-all.9e4f0f924a1280c9c8a062ba4f144d38.json
30-04 14:17:25 +00:00: Updated local JSON file: data/songdb/NX/SongDB.json with URL: https://jdmo-cdn.c0llydoll.com/private/songdb/jdmelody-nx-all.9e4f0f924a1280c9c8a062ba4f144d38.json
30-04 14:17:25 +00:00: Uploading file: jdmelody-ps4-all.json as jdmelody-ps4-all.4625881d093b5b8e69a89a216baaea54.json
30-04 14:17:25 +00:00: File uploaded: jdmelody-ps4-all.4625881d093b5b8e69a89a216baaea54.json
30-04 14:17:25 +00:00: Updated local JSON file: data/songdb/PS4/SongDB.json with URL: https://jdmo-cdn.c0llydoll.com/private/songdb/jdmelody-ps4-all.4625881d093b5b8e69a89a216baaea54.json
30-04 14:17:25 +00:00: Uploading file: jdmelody-pc-all.json as jdmelody-pc-all.d8eab974281670c95a0630e2263f9922.json
30-04 14:17:27 +00:00: File uploaded: jdmelody-pc-all.d8eab974281670c95a0630e2263f9922.json
30-04 14:17:27 +00:00: Updated local JSON file: data/songdb/PC/SongDB.json with URL: https://jdmo-cdn.c0llydoll.com/private/songdb/jdmelody-pc-all.d8eab974281670c95a0630e2263f9922.json
30-04 14:17:27 +00:00: Uploading file: jdmelody-nx-patreon.json as jdmelody-nx-patreon.39fe67c26145c56309223d40a6208335.json
30-04 14:17:27 +00:00: File uploaded: jdmelody-nx-patreon.39fe67c26145c56309223d40a6208335.json
30-04 14:17:27 +00:00: Updated local JSON file: data/songdb/NX/SongDB_Patreon.json with URL: https://jdmo-cdn.c0llydoll.com/private/songdb/jdmelody-nx-patreon.39fe67c26145c56309223d40a6208335.json
30-04 14:17:27 +00:00: Uploading file: jdmelody-ps4-patreon.json as jdmelody-ps4-patreon.0a1479867603602f1193bf3f1294d35b.json
30-04 14:17:28 +00:00: File uploaded: jdmelody-ps4-patreon.0a1479867603602f1193bf3f1294d35b.json
30-04 14:17:28 +00:00: Updated local JSON file: data/songdb/PS4/SongDB_Patreon.json with URL: https://jdmo-cdn.c0llydoll.com/private/songdb/jdmelody-ps4-patreon.0a1479867603602f1193bf3f1294d35b.json
30-04 14:17:28 +00:00: Uploading file: jdmelody-pc-patreon.json as jdmelody-pc-patreon.3ba2e349cca1248c4c77ec98fa512f92.json
30-04 14:17:28 +00:00: File uploaded: jdmelody-pc-patreon.3ba2e349cca1248c4c77ec98fa512f92.json
30-04 14:17:28 +00:00: Updated local JSON file: data/songdb/PC/SongDB_Patreon.json with URL: https://jdmo-cdn.c0llydoll.com/private/songdb/jdmelody-pc-patreon.3ba2e349cca1248c4c77ec98fa512f92.json
30-04 14:17:28 +00:00: Uploading file: jdmelody-nx-dev.json as jdmelody-nx-dev.160846d06ee4283b48ab38c94e57fa54.json
30-04 14:17:30 +00:00: File uploaded: jdmelody-nx-dev.160846d06ee4283b48ab38c94e57fa54.json
30-04 14:17:30 +00:00: Updated local JSON file: data/songdb/NX/SongDB_Dev.json with URL: https://jdmo-cdn.c0llydoll.com/private/songdb/jdmelody-nx-dev.160846d06ee4283b48ab38c94e57fa54.json
30-04 14:17:30 +00:00: Uploading file: jdmelody-ps4-dev.json as jdmelody-ps4-dev.c2b220dd1965b1ffb477fbdae5a16168.json
30-04 14:17:30 +00:00: File uploaded: jdmelody-ps4-dev.c2b220dd1965b1ffb477fbdae5a16168.json
30-04 14:17:30 +00:00: Updated local JSON file: data/songdb/PS4/SongDB_Dev.json with URL: https://jdmo-cdn.c0llydoll.com/private/songdb/jdmelody-ps4-dev.c2b220dd1965b1ffb477fbdae5a16168.json
30-04 14:17:30 +00:00: Uploading file: jdmelody-pc-dev.json as jdmelody-pc-dev.2e88008b6cac669bfebdc953bc3857f7.json
30-04 14:17:31 +00:00: File uploaded: jdmelody-pc-dev.2e88008b6cac669bfebdc953bc3857f7.json
30-04 14:17:31 +00:00: Updated local JSON file: data/songdb/PC/SongDB_Dev.json with URL: https://jdmo-cdn.c0llydoll.com/private/songdb/jdmelody-pc-dev.2e88008b6cac669bfebdc953bc3857f7.json
30-04 14:17:33 +00:00: Uploading file: jdmelody-nx-all.json as jdmelody-nx-all.21c6ecabafc17e2159f33a7ee45b55f2.json
30-04 14:17:34 +00:00: File uploaded: jdmelody-nx-all.21c6ecabafc17e2159f33a7ee45b55f2.json
30-04 14:17:34 +00:00: Updated local JSON file: data/songdb/NX/SongDB.json with URL: https://jdmo-cdn.c0llydoll.com/private/songdb/jdmelody-nx-all.21c6ecabafc17e2159f33a7ee45b55f2.json
30-04 14:17:34 +00:00: Uploading file: jdmelody-ps4-all.json as jdmelody-ps4-all.718ff827ac5e6f08f495b0a9ecc5ba97.json
30-04 14:17:34 +00:00: File uploaded: jdmelody-ps4-all.718ff827ac5e6f08f495b0a9ecc5ba97.json
30-04 14:17:34 +00:00: Updated local JSON file: data/songdb/PS4/SongDB.json with URL: https://jdmo-cdn.c0llydoll.com/private/songdb/jdmelody-ps4-all.718ff827ac5e6f08f495b0a9ecc5ba97.json
30-04 14:17:34 +00:00: Uploading file: jdmelody-pc-all.json as jdmelody-pc-all.bb815647e0883e7440dc02bdaeded3cb.json
30-04 14:17:34 +00:00: File uploaded: jdmelody-pc-all.bb815647e0883e7440dc02bdaeded3cb.json
30-04 14:17:34 +00:00: Updated local JSON file: data/songdb/PC/SongDB.json with URL: https://jdmo-cdn.c0llydoll.com/private/songdb/jdmelody-pc-all.bb815647e0883e7440dc02bdaeded3cb.json
30-04 14:17:34 +00:00: Uploading file: jdmelody-nx-patreon.json as jdmelody-nx-patreon.f11dda16ce5351d8678fcc5e93ed1ba8.json
30-04 14:17:38 +00:00: File uploaded: jdmelody-nx-patreon.f11dda16ce5351d8678fcc5e93ed1ba8.json
30-04 14:17:38 +00:00: Updated local JSON file: data/songdb/NX/SongDB_Patreon.json with URL: https://jdmo-cdn.c0llydoll.com/private/songdb/jdmelody-nx-patreon.f11dda16ce5351d8678fcc5e93ed1ba8.json
30-04 14:17:38 +00:00: Uploading file: jdmelody-ps4-patreon.json as jdmelody-ps4-patreon.fb7ee558cccfb3a6816dfa4186a87bcd.json
30-04 14:17:38 +00:00: File uploaded: jdmelody-ps4-patreon.fb7ee558cccfb3a6816dfa4186a87bcd.json
30-04 14:17:38 +00:00: Updated local JSON file: data/songdb/PS4/SongDB_Patreon.json with URL: https://jdmo-cdn.c0llydoll.com/private/songdb/jdmelody-ps4-patreon.fb7ee558cccfb3a6816dfa4186a87bcd.json
30-04 14:17:38 +00:00: Uploading file: jdmelody-pc-patreon.json as jdmelody-pc-patreon.da8f9ec074c249a72e288daaa00f006d.json
30-04 14:17:39 +00:00: File uploaded: jdmelody-pc-patreon.da8f9ec074c249a72e288daaa00f006d.json
30-04 14:17:39 +00:00: Updated local JSON file: data/songdb/PC/SongDB_Patreon.json with URL: https://jdmo-cdn.c0llydoll.com/private/songdb/jdmelody-pc-patreon.da8f9ec074c249a72e288daaa00f006d.json
30-04 14:17:39 +00:00: Uploading file: jdmelody-nx-dev.json as jdmelody-nx-dev.160846d06ee4283b48ab38c94e57fa54.json
30-04 14:17:39 +00:00: File uploaded: jdmelody-nx-dev.160846d06ee4283b48ab38c94e57fa54.json
30-04 14:17:39 +00:00: Updated local JSON file: data/songdb/NX/SongDB_Dev.json with URL: https://jdmo-cdn.c0llydoll.com/private/songdb/jdmelody-nx-dev.160846d06ee4283b48ab38c94e57fa54.json
30-04 14:17:39 +00:00: Uploading file: jdmelody-ps4-dev.json as jdmelody-ps4-dev.c2b220dd1965b1ffb477fbdae5a16168.json
30-04 14:17:41 +00:00: File uploaded: jdmelody-ps4-dev.c2b220dd1965b1ffb477fbdae5a16168.json
30-04 14:17:41 +00:00: Updated local JSON file: data/songdb/PS4/SongDB_Dev.json with URL: https://jdmo-cdn.c0llydoll.com/private/songdb/jdmelody-ps4-dev.c2b220dd1965b1ffb477fbdae5a16168.json
30-04 14:17:41 +00:00: Uploading file: jdmelody-pc-dev.json as jdmelody-pc-dev.2e88008b6cac669bfebdc953bc3857f7.json
30-04 14:17:42 +00:00: File uploaded: jdmelody-pc-dev.2e88008b6cac669bfebdc953bc3857f7.json
30-04 14:17:42 +00:00: Updated local JSON file: data/songdb/PC/SongDB_Dev.json with URL: https://jdmo-cdn.c0llydoll.com/private/songdb/jdmelody-pc-dev.2e88008b6cac669bfebdc953bc3857f7.json
30-04 14:17:44 +00:00: Uploading file: jdmelody-nx-all.json as jdmelody-nx-all.f5df18e16d4cefc4ec27c59fb764bbb3.json
30-04 14:17:44 +00:00: File uploaded: jdmelody-nx-all.f5df18e16d4cefc4ec27c59fb764bbb3.json
30-04 14:17:44 +00:00: Updated local JSON file: data/songdb/NX/SongDB.json with URL: https://jdmo-cdn.c0llydoll.com/private/songdb/jdmelody-nx-all.f5df18e16d4cefc4ec27c59fb764bbb3.json
30-04 14:17:44 +00:00: Uploading file: jdmelody-ps4-all.json as jdmelody-ps4-all.ac7c9b1bb1feddb7070855e70440e23c.json
30-04 14:17:45 +00:00: File uploaded: jdmelody-ps4-all.ac7c9b1bb1feddb7070855e70440e23c.json
30-04 14:17:45 +00:00: Updated local JSON file: data/songdb/PS4/SongDB.json with URL: https://jdmo-cdn.c0llydoll.com/private/songdb/jdmelody-ps4-all.ac7c9b1bb1feddb7070855e70440e23c.json
30-04 14:17:45 +00:00: Uploading file: jdmelody-pc-all.json as jdmelody-pc-all.5cea9e90a123f9b26d6ce70180a21458.json
30-04 14:17:45 +00:00: File uploaded: jdmelody-pc-all.5cea9e90a123f9b26d6ce70180a21458.json
30-04 14:17:45 +00:00: Updated local JSON file: data/songdb/PC/SongDB.json with URL: https://jdmo-cdn.c0llydoll.com/private/songdb/jdmelody-pc-all.5cea9e90a123f9b26d6ce70180a21458.json
30-04 14:17:45 +00:00: Uploading file: jdmelody-nx-patreon.json as jdmelody-nx-patreon.7daf181dab04ce5607bfc94865f270dd.json
30-04 14:17:45 +00:00: File uploaded: jdmelody-nx-patreon.7daf181dab04ce5607bfc94865f270dd.json
30-04 14:17:45 +00:00: Updated local JSON file: data/songdb/NX/SongDB_Patreon.json with URL: https://jdmo-cdn.c0llydoll.com/private/songdb/jdmelody-nx-patreon.7daf181dab04ce5607bfc94865f270dd.json
30-04 14:17:45 +00:00: Uploading file: jdmelody-ps4-patreon.json as jdmelody-ps4-patreon.f62b1d051fa59a7e964738a21415044b.json
30-04 14:17:46 +00:00: File uploaded: jdmelody-ps4-patreon.f62b1d051fa59a7e964738a21415044b.json
30-04 14:17:46 +00:00: Updated local JSON file: data/songdb/PS4/SongDB_Patreon.json with URL: https://jdmo-cdn.c0llydoll.com/private/songdb/jdmelody-ps4-patreon.f62b1d051fa59a7e964738a21415044b.json
30-04 14:17:46 +00:00: Uploading file: jdmelody-pc-patreon.json as jdmelody-pc-patreon.63478c9a059e49aaf438bbc879dd4a5c.json
30-04 14:17:46 +00:00: File uploaded: jdmelody-pc-patreon.63478c9a059e49aaf438bbc879dd4a5c.json
30-04 14:17:46 +00:00: Updated local JSON file: data/songdb/PC/SongDB_Patreon.json with URL: https://jdmo-cdn.c0llydoll.com/private/songdb/jdmelody-pc-patreon.63478c9a059e49aaf438bbc879dd4a5c.json
30-04 14:17:46 +00:00: Uploading file: jdmelody-nx-dev.json as jdmelody-nx-dev.160846d06ee4283b48ab38c94e57fa54.json
30-04 14:17:47 +00:00: File uploaded: jdmelody-nx-dev.160846d06ee4283b48ab38c94e57fa54.json
30-04 14:17:47 +00:00: Updated local JSON file: data/songdb/NX/SongDB_Dev.json with URL: https://jdmo-cdn.c0llydoll.com/private/songdb/jdmelody-nx-dev.160846d06ee4283b48ab38c94e57fa54.json
30-04 14:17:47 +00:00: Uploading file: jdmelody-ps4-dev.json as jdmelody-ps4-dev.c2b220dd1965b1ffb477fbdae5a16168.json
30-04 14:17:47 +00:00: File uploaded: jdmelody-ps4-dev.c2b220dd1965b1ffb477fbdae5a16168.json
30-04 14:17:47 +00:00: Updated local JSON file: data/songdb/PS4/SongDB_Dev.json with URL: https://jdmo-cdn.c0llydoll.com/private/songdb/jdmelody-ps4-dev.c2b220dd1965b1ffb477fbdae5a16168.json
30-04 14:17:47 +00:00: Uploading file: jdmelody-pc-dev.json as jdmelody-pc-dev.2e88008b6cac669bfebdc953bc3857f7.json
30-04 14:17:47 +00:00: File uploaded: jdmelody-pc-dev.2e88008b6cac669bfebdc953bc3857f7.json
30-04 14:17:47 +00:00: Updated local JSON file: data/songdb/PC/SongDB_Dev.json with URL: https://jdmo-cdn.c0llydoll.com/private/songdb/jdmelody-pc-dev.2e88008b6cac669bfebdc953bc3857f7.json
30-04 14:17:50 +00:00: Uploading file: jdmelody-nx-all.json as jdmelody-nx-all.1e65f8af87f427d857bf7351b0d84a1e.json
30-04 14:17:50 +00:00: File uploaded: jdmelody-nx-all.1e65f8af87f427d857bf7351b0d84a1e.json
30-04 14:17:50 +00:00: Updated local JSON file: data/songdb/NX/SongDB.json with URL: https://jdmo-cdn.c0llydoll.com/private/songdb/jdmelody-nx-all.1e65f8af87f427d857bf7351b0d84a1e.json
30-04 14:17:50 +00:00: Uploading file: jdmelody-ps4-all.json as jdmelody-ps4-all.821e6a55db48da711499a762888267e2.json
30-04 14:17:50 +00:00: File uploaded: jdmelody-ps4-all.821e6a55db48da711499a762888267e2.json
30-04 14:17:50 +00:00: Updated local JSON file: data/songdb/PS4/SongDB.json with URL: https://jdmo-cdn.c0llydoll.com/private/songdb/jdmelody-ps4-all.821e6a55db48da711499a762888267e2.json
30-04 14:17:50 +00:00: Uploading file: jdmelody-pc-all.json as jdmelody-pc-all.dbf93d61b1543b6d7af506bcef788952.json
30-04 14:17:50 +00:00: File uploaded: jdmelody-pc-all.dbf93d61b1543b6d7af506bcef788952.json
30-04 14:17:50 +00:00: Updated local JSON file: data/songdb/PC/SongDB.json with URL: https://jdmo-cdn.c0llydoll.com/private/songdb/jdmelody-pc-all.dbf93d61b1543b6d7af506bcef788952.json
30-04 14:17:50 +00:00: Uploading file: jdmelody-nx-patreon.json as jdmelody-nx-patreon.182a52ab7888fe9880016cf11754659e.json
30-04 14:17:51 +00:00: File uploaded: jdmelody-nx-patreon.182a52ab7888fe9880016cf11754659e.json
30-04 14:17:51 +00:00: Updated local JSON file: data/songdb/NX/SongDB_Patreon.json with URL: https://jdmo-cdn.c0llydoll.com/private/songdb/jdmelody-nx-patreon.182a52ab7888fe9880016cf11754659e.json
30-04 14:17:51 +00:00: Uploading file: jdmelody-ps4-patreon.json as jdmelody-ps4-patreon.524003a537fe6b52e73829bb41ca9b78.json
30-04 14:17:52 +00:00: File uploaded: jdmelody-ps4-patreon.524003a537fe6b52e73829bb41ca9b78.json
30-04 14:17:52 +00:00: Updated local JSON file: data/songdb/PS4/SongDB_Patreon.json with URL: https://jdmo-cdn.c0llydoll.com/private/songdb/jdmelody-ps4-patreon.524003a537fe6b52e73829bb41ca9b78.json
30-04 14:17:52 +00:00: Uploading file: jdmelody-pc-patreon.json as jdmelody-pc-patreon.4b15442213298f211758288fcc3d41ad.json
30-04 14:17:53 +00:00: File uploaded: jdmelody-pc-patreon.4b15442213298f211758288fcc3d41ad.json
30-04 14:17:53 +00:00: Updated local JSON file: data/songdb/PC/SongDB_Patreon.json with URL: https://jdmo-cdn.c0llydoll.com/private/songdb/jdmelody-pc-patreon.4b15442213298f211758288fcc3d41ad.json
30-04 14:17:53 +00:00: Uploading file: jdmelody-nx-dev.json as jdmelody-nx-dev.160846d06ee4283b48ab38c94e57fa54.json
30-04 14:17:53 +00:00: File uploaded: jdmelody-nx-dev.160846d06ee4283b48ab38c94e57fa54.json
30-04 14:17:53 +00:00: Updated local JSON file: data/songdb/NX/SongDB_Dev.json with URL: https://jdmo-cdn.c0llydoll.com/private/songdb/jdmelody-nx-dev.160846d06ee4283b48ab38c94e57fa54.json
30-04 14:17:53 +00:00: Uploading file: jdmelody-ps4-dev.json as jdmelody-ps4-dev.c2b220dd1965b1ffb477fbdae5a16168.json
30-04 14:17:53 +00:00: File uploaded: jdmelody-ps4-dev.c2b220dd1965b1ffb477fbdae5a16168.json
30-04 14:17:53 +00:00: Updated local JSON file: data/songdb/PS4/SongDB_Dev.json with URL: https://jdmo-cdn.c0llydoll.com/private/songdb/jdmelody-ps4-dev.c2b220dd1965b1ffb477fbdae5a16168.json
30-04 14:17:53 +00:00: Uploading file: jdmelody-pc-dev.json as jdmelody-pc-dev.2e88008b6cac669bfebdc953bc3857f7.json
30-04 14:17:53 +00:00: File uploaded: jdmelody-pc-dev.2e88008b6cac669bfebdc953bc3857f7.json
30-04 14:17:53 +00:00: Updated local JSON file: data/songdb/PC/SongDB_Dev.json with URL: https://jdmo-cdn.c0llydoll.com/private/songdb/jdmelody-pc-dev.2e88008b6cac669bfebdc953bc3857f7.json
30-04 14:17:56 +00:00: Uploading file: jdmelody-nx-all.json as jdmelody-nx-all.754bde8ad372e7130ff5a1f045417e0d.json
30-04 14:17:56 +00:00: File uploaded: jdmelody-nx-all.754bde8ad372e7130ff5a1f045417e0d.json
30-04 14:17:56 +00:00: Updated local JSON file: data/songdb/NX/SongDB.json with URL: https://jdmo-cdn.c0llydoll.com/private/songdb/jdmelody-nx-all.754bde8ad372e7130ff5a1f045417e0d.json
30-04 14:17:57 +00:00: Uploading file: jdmelody-ps4-all.json as jdmelody-ps4-all.913b601bf51eccb60fa5c3fd30e8a96b.json
30-04 14:17:57 +00:00: File uploaded: jdmelody-ps4-all.913b601bf51eccb60fa5c3fd30e8a96b.json
30-04 14:17:57 +00:00: Updated local JSON file: data/songdb/PS4/SongDB.json with URL: https://jdmo-cdn.c0llydoll.com/private/songdb/jdmelody-ps4-all.913b601bf51eccb60fa5c3fd30e8a96b.json
30-04 14:17:57 +00:00: Uploading file: jdmelody-pc-all.json as jdmelody-pc-all.d847e3e60b39dc39f2f05e0b2a70b867.json
30-04 14:17:57 +00:00: File uploaded: jdmelody-pc-all.d847e3e60b39dc39f2f05e0b2a70b867.json
30-04 14:17:57 +00:00: Updated local JSON file: data/songdb/PC/SongDB.json with URL: https://jdmo-cdn.c0llydoll.com/private/songdb/jdmelody-pc-all.d847e3e60b39dc39f2f05e0b2a70b867.json
30-04 14:17:57 +00:00: Uploading file: jdmelody-nx-patreon.json as jdmelody-nx-patreon.eaddfd802f5e90ab5ae42287a0988b36.json
30-04 14:17:57 +00:00: File uploaded: jdmelody-nx-patreon.eaddfd802f5e90ab5ae42287a0988b36.json
30-04 14:17:57 +00:00: Updated local JSON file: data/songdb/NX/SongDB_Patreon.json with URL: https://jdmo-cdn.c0llydoll.com/private/songdb/jdmelody-nx-patreon.eaddfd802f5e90ab5ae42287a0988b36.json
30-04 14:17:57 +00:00: Uploading file: jdmelody-ps4-patreon.json as jdmelody-ps4-patreon.8a500daaa563960fcd168977dcf818c0.json
30-04 14:17:58 +00:00: File uploaded: jdmelody-ps4-patreon.8a500daaa563960fcd168977dcf818c0.json
30-04 14:17:58 +00:00: Updated local JSON file: data/songdb/PS4/SongDB_Patreon.json with URL: https://jdmo-cdn.c0llydoll.com/private/songdb/jdmelody-ps4-patreon.8a500daaa563960fcd168977dcf818c0.json
30-04 14:17:58 +00:00: Uploading file: jdmelody-pc-patreon.json as jdmelody-pc-patreon.812ba063d92067a9601d369e726f2de3.json
30-04 14:17:58 +00:00: File uploaded: jdmelody-pc-patreon.812ba063d92067a9601d369e726f2de3.json
30-04 14:17:58 +00:00: Updated local JSON file: data/songdb/PC/SongDB_Patreon.json with URL: https://jdmo-cdn.c0llydoll.com/private/songdb/jdmelody-pc-patreon.812ba063d92067a9601d369e726f2de3.json
30-04 14:17:58 +00:00: Uploading file: jdmelody-nx-dev.json as jdmelody-nx-dev.160846d06ee4283b48ab38c94e57fa54.json
30-04 14:17:58 +00:00: File uploaded: jdmelody-nx-dev.160846d06ee4283b48ab38c94e57fa54.json
30-04 14:17:58 +00:00: Updated local JSON file: data/songdb/NX/SongDB_Dev.json with URL: https://jdmo-cdn.c0llydoll.com/private/songdb/jdmelody-nx-dev.160846d06ee4283b48ab38c94e57fa54.json
30-04 14:17:58 +00:00: Uploading file: jdmelody-ps4-dev.json as jdmelody-ps4-dev.c2b220dd1965b1ffb477fbdae5a16168.json
30-04 14:17:59 +00:00: File uploaded: jdmelody-ps4-dev.c2b220dd1965b1ffb477fbdae5a16168.json
30-04 14:17:59 +00:00: Updated local JSON file: data/songdb/PS4/SongDB_Dev.json with URL: https://jdmo-cdn.c0llydoll.com/private/songdb/jdmelody-ps4-dev.c2b220dd1965b1ffb477fbdae5a16168.json
30-04 14:17:59 +00:00: Uploading file: jdmelody-pc-dev.json as jdmelody-pc-dev.2e88008b6cac669bfebdc953bc3857f7.json
30-04 14:18:00 +00:00: File uploaded: jdmelody-pc-dev.2e88008b6cac669bfebdc953bc3857f7.json
30-04 14:18:00 +00:00: Updated local JSON file: data/songdb/PC/SongDB_Dev.json with URL: https://jdmo-cdn.c0llydoll.com/private/songdb/jdmelody-pc-dev.2e88008b6cac669bfebdc953bc3857f7.json
30-04 14:18:02 +00:00: Uploading file: jdmelody-nx-all.json as jdmelody-nx-all.966289e75896407cc949f6f18c831220.json
30-04 14:18:02 +00:00: File uploaded: jdmelody-nx-all.966289e75896407cc949f6f18c831220.json
30-04 14:18:02 +00:00: Updated local JSON file: data/songdb/NX/SongDB.json with URL: https://jdmo-cdn.c0llydoll.com/private/songdb/jdmelody-nx-all.966289e75896407cc949f6f18c831220.json
30-04 14:18:02 +00:00: Uploading file: jdmelody-ps4-all.json as jdmelody-ps4-all.00269d43231bd18a91394c83dbe5d7ff.json
30-04 14:18:03 +00:00: File uploaded: jdmelody-ps4-all.00269d43231bd18a91394c83dbe5d7ff.json
30-04 14:18:03 +00:00: Updated local JSON file: data/songdb/PS4/SongDB.json with URL: https://jdmo-cdn.c0llydoll.com/private/songdb/jdmelody-ps4-all.00269d43231bd18a91394c83dbe5d7ff.json
30-04 14:18:03 +00:00: Uploading file: jdmelody-pc-all.json as jdmelody-pc-all.a39e30e2f63de7cdc6a3c17b82e4394e.json
30-04 14:18:04 +00:00: File uploaded: jdmelody-pc-all.a39e30e2f63de7cdc6a3c17b82e4394e.json
30-04 14:18:04 +00:00: Updated local JSON file: data/songdb/PC/SongDB.json with URL: https://jdmo-cdn.c0llydoll.com/private/songdb/jdmelody-pc-all.a39e30e2f63de7cdc6a3c17b82e4394e.json
30-04 14:18:04 +00:00: Uploading file: jdmelody-nx-patreon.json as jdmelody-nx-patreon.6909202cb744a941f3f4b218d9ade323.json
30-04 14:18:06 +00:00: File uploaded: jdmelody-nx-patreon.6909202cb744a941f3f4b218d9ade323.json
30-04 14:18:06 +00:00: Updated local JSON file: data/songdb/NX/SongDB_Patreon.json with URL: https://jdmo-cdn.c0llydoll.com/private/songdb/jdmelody-nx-patreon.6909202cb744a941f3f4b218d9ade323.json
30-04 14:18:06 +00:00: Uploading file: jdmelody-ps4-patreon.json as jdmelody-ps4-patreon.5b6056493160e0eb6486773c5f22ffce.json
30-04 14:18:06 +00:00: File uploaded: jdmelody-ps4-patreon.5b6056493160e0eb6486773c5f22ffce.json
30-04 14:18:06 +00:00: Updated local JSON file: data/songdb/PS4/SongDB_Patreon.json with URL: https://jdmo-cdn.c0llydoll.com/private/songdb/jdmelody-ps4-patreon.5b6056493160e0eb6486773c5f22ffce.json
30-04 14:18:06 +00:00: Uploading file: jdmelody-pc-patreon.json as jdmelody-pc-patreon.15e9321d97039da31eb19c0e0ec17513.json
30-04 14:18:07 +00:00: File uploaded: jdmelody-pc-patreon.15e9321d97039da31eb19c0e0ec17513.json
30-04 14:18:07 +00:00: Updated local JSON file: data/songdb/PC/SongDB_Patreon.json with URL: https://jdmo-cdn.c0llydoll.com/private/songdb/jdmelody-pc-patreon.15e9321d97039da31eb19c0e0ec17513.json
30-04 14:18:07 +00:00: Uploading file: jdmelody-nx-dev.json as jdmelody-nx-dev.160846d06ee4283b48ab38c94e57fa54.json
30-04 14:18:08 +00:00: File uploaded: jdmelody-nx-dev.160846d06ee4283b48ab38c94e57fa54.json
30-04 14:18:08 +00:00: Updated local JSON file: data/songdb/NX/SongDB_Dev.json with URL: https://jdmo-cdn.c0llydoll.com/private/songdb/jdmelody-nx-dev.160846d06ee4283b48ab38c94e57fa54.json
30-04 14:18:08 +00:00: Uploading file: jdmelody-ps4-dev.json as jdmelody-ps4-dev.c2b220dd1965b1ffb477fbdae5a16168.json
30-04 14:18:08 +00:00: File uploaded: jdmelody-ps4-dev.c2b220dd1965b1ffb477fbdae5a16168.json
30-04 14:18:08 +00:00: Updated local JSON file: data/songdb/PS4/SongDB_Dev.json with URL: https://jdmo-cdn.c0llydoll.com/private/songdb/jdmelody-ps4-dev.c2b220dd1965b1ffb477fbdae5a16168.json
30-04 14:18:08 +00:00: Uploading file: jdmelody-pc-dev.json as jdmelody-pc-dev.2e88008b6cac669bfebdc953bc3857f7.json
30-04 14:18:08 +00:00: File uploaded: jdmelody-pc-dev.2e88008b6cac669bfebdc953bc3857f7.json
30-04 14:18:08 +00:00: Updated local JSON file: data/songdb/PC/SongDB_Dev.json with URL: https://jdmo-cdn.c0llydoll.com/private/songdb/jdmelody-pc-dev.2e88008b6cac669bfebdc953bc3857f7.json
30-04 14:18:11 +00:00: Uploading file: jdmelody-nx-all.json as jdmelody-nx-all.4207c2d6a23c38ca89ae3e0cf75523bb.json
30-04 14:18:11 +00:00: File uploaded: jdmelody-nx-all.4207c2d6a23c38ca89ae3e0cf75523bb.json
30-04 14:18:11 +00:00: Updated local JSON file: data/songdb/NX/SongDB.json with URL: https://jdmo-cdn.c0llydoll.com/private/songdb/jdmelody-nx-all.4207c2d6a23c38ca89ae3e0cf75523bb.json
30-04 14:18:11 +00:00: Uploading file: jdmelody-ps4-all.json as jdmelody-ps4-all.a928c883d79858db70027f7414639b65.json
30-04 14:18:12 +00:00: File uploaded: jdmelody-ps4-all.a928c883d79858db70027f7414639b65.json
30-04 14:18:12 +00:00: Updated local JSON file: data/songdb/PS4/SongDB.json with URL: https://jdmo-cdn.c0llydoll.com/private/songdb/jdmelody-ps4-all.a928c883d79858db70027f7414639b65.json
30-04 14:18:12 +00:00: Uploading file: jdmelody-pc-all.json as jdmelody-pc-all.3e9ab9732c7458169b739f379f202a4e.json
30-04 14:18:12 +00:00: File uploaded: jdmelody-pc-all.3e9ab9732c7458169b739f379f202a4e.json
30-04 14:18:12 +00:00: Updated local JSON file: data/songdb/PC/SongDB.json with URL: https://jdmo-cdn.c0llydoll.com/private/songdb/jdmelody-pc-all.3e9ab9732c7458169b739f379f202a4e.json
30-04 14:18:12 +00:00: Uploading file: jdmelody-nx-patreon.json as jdmelody-nx-patreon.73ddf1cbcfff179ef127d61ba14df626.json
30-04 14:18:13 +00:00: File uploaded: jdmelody-nx-patreon.73ddf1cbcfff179ef127d61ba14df626.json
30-04 14:18:13 +00:00: Updated local JSON file: data/songdb/NX/SongDB_Patreon.json with URL: https://jdmo-cdn.c0llydoll.com/private/songdb/jdmelody-nx-patreon.73ddf1cbcfff179ef127d61ba14df626.json
30-04 14:18:13 +00:00: Uploading file: jdmelody-ps4-patreon.json as jdmelody-ps4-patreon.eb2910b5bf1436ab0a915f93170036e7.json
30-04 14:18:14 +00:00: File uploaded: jdmelody-ps4-patreon.eb2910b5bf1436ab0a915f93170036e7.json
30-04 14:18:14 +00:00: Updated local JSON file: data/songdb/PS4/SongDB_Patreon.json with URL: https://jdmo-cdn.c0llydoll.com/private/songdb/jdmelody-ps4-patreon.eb2910b5bf1436ab0a915f93170036e7.json
30-04 14:18:14 +00:00: Uploading file: jdmelody-pc-patreon.json as jdmelody-pc-patreon.271c05d6c4dfb8e943e68b2bb174609a.json
30-04 14:18:14 +00:00: File uploaded: jdmelody-pc-patreon.271c05d6c4dfb8e943e68b2bb174609a.json
30-04 14:18:14 +00:00: Updated local JSON file: data/songdb/PC/SongDB_Patreon.json with URL: https://jdmo-cdn.c0llydoll.com/private/songdb/jdmelody-pc-patreon.271c05d6c4dfb8e943e68b2bb174609a.json
30-04 14:18:15 +00:00: Uploading file: jdmelody-nx-dev.json as jdmelody-nx-dev.160846d06ee4283b48ab38c94e57fa54.json
30-04 14:18:15 +00:00: File uploaded: jdmelody-nx-dev.160846d06ee4283b48ab38c94e57fa54.json
30-04 14:18:15 +00:00: Updated local JSON file: data/songdb/NX/SongDB_Dev.json with URL: https://jdmo-cdn.c0llydoll.com/private/songdb/jdmelody-nx-dev.160846d06ee4283b48ab38c94e57fa54.json
30-04 14:18:15 +00:00: Uploading file: jdmelody-ps4-dev.json as jdmelody-ps4-dev.c2b220dd1965b1ffb477fbdae5a16168.json
30-04 14:18:16 +00:00: File uploaded: jdmelody-ps4-dev.c2b220dd1965b1ffb477fbdae5a16168.json
30-04 14:18:16 +00:00: Updated local JSON file: data/songdb/PS4/SongDB_Dev.json with URL: https://jdmo-cdn.c0llydoll.com/private/songdb/jdmelody-ps4-dev.c2b220dd1965b1ffb477fbdae5a16168.json
30-04 14:18:16 +00:00: Uploading file: jdmelody-pc-dev.json as jdmelody-pc-dev.2e88008b6cac669bfebdc953bc3857f7.json
30-04 14:18:18 +00:00: File uploaded: jdmelody-pc-dev.2e88008b6cac669bfebdc953bc3857f7.json
30-04 14:18:18 +00:00: Updated local JSON file: data/songdb/PC/SongDB_Dev.json with URL: https://jdmo-cdn.c0llydoll.com/private/songdb/jdmelody-pc-dev.2e88008b6cac669bfebdc953bc3857f7.json
30-04 14:18:20 +00:00: Uploading file: jdmelody-nx-all.json as jdmelody-nx-all.ea21eb2df96ea4c4d15ba6782c636452.json
30-04 14:18:22 +00:00: File uploaded: jdmelody-nx-all.ea21eb2df96ea4c4d15ba6782c636452.json
30-04 14:18:22 +00:00: Updated local JSON file: data/songdb/NX/SongDB.json with URL: https://jdmo-cdn.c0llydoll.com/private/songdb/jdmelody-nx-all.ea21eb2df96ea4c4d15ba6782c636452.json
30-04 14:18:22 +00:00: Uploading file: jdmelody-ps4-all.json as jdmelody-ps4-all.747d501b01b213c3d17430f4da8c887a.json
30-04 14:18:22 +00:00: File uploaded: jdmelody-ps4-all.747d501b01b213c3d17430f4da8c887a.json
30-04 14:18:22 +00:00: Updated local JSON file: data/songdb/PS4/SongDB.json with URL: https://jdmo-cdn.c0llydoll.com/private/songdb/jdmelody-ps4-all.747d501b01b213c3d17430f4da8c887a.json
30-04 14:18:22 +00:00: Uploading file: jdmelody-pc-all.json as jdmelody-pc-all.20079cd10b875028c5ca0236bb52f185.json
30-04 14:18:23 +00:00: File uploaded: jdmelody-pc-all.20079cd10b875028c5ca0236bb52f185.json
30-04 14:18:23 +00:00: Updated local JSON file: data/songdb/PC/SongDB.json with URL: https://jdmo-cdn.c0llydoll.com/private/songdb/jdmelody-pc-all.20079cd10b875028c5ca0236bb52f185.json
30-04 14:18:23 +00:00: Uploading file: jdmelody-nx-patreon.json as jdmelody-nx-patreon.c288d0685ad62fa0a8b33a95bef16474.json
30-04 14:18:23 +00:00: File uploaded: jdmelody-nx-patreon.c288d0685ad62fa0a8b33a95bef16474.json
30-04 14:18:23 +00:00: Updated local JSON file: data/songdb/NX/SongDB_Patreon.json with URL: https://jdmo-cdn.c0llydoll.com/private/songdb/jdmelody-nx-patreon.c288d0685ad62fa0a8b33a95bef16474.json
30-04 14:18:23 +00:00: Uploading file: jdmelody-ps4-patreon.json as jdmelody-ps4-patreon.22a238e7f2ee4aa6928895f593658d1a.json
30-04 14:18:23 +00:00: File uploaded: jdmelody-ps4-patreon.22a238e7f2ee4aa6928895f593658d1a.json
30-04 14:18:23 +00:00: Updated local JSON file: data/songdb/PS4/SongDB_Patreon.json with URL: https://jdmo-cdn.c0llydoll.com/private/songdb/jdmelody-ps4-patreon.22a238e7f2ee4aa6928895f593658d1a.json
30-04 14:18:23 +00:00: Uploading file: jdmelody-pc-patreon.json as jdmelody-pc-patreon.1b320f6ff9346325f7b7df021f664c90.json
30-04 14:18:24 +00:00: File uploaded: jdmelody-pc-patreon.1b320f6ff9346325f7b7df021f664c90.json
30-04 14:18:24 +00:00: Updated local JSON file: data/songdb/PC/SongDB_Patreon.json with URL: https://jdmo-cdn.c0llydoll.com/private/songdb/jdmelody-pc-patreon.1b320f6ff9346325f7b7df021f664c90.json
30-04 14:18:24 +00:00: Uploading file: jdmelody-nx-dev.json as jdmelody-nx-dev.160846d06ee4283b48ab38c94e57fa54.json
30-04 14:18:24 +00:00: File uploaded: jdmelody-nx-dev.160846d06ee4283b48ab38c94e57fa54.json
30-04 14:18:24 +00:00: Updated local JSON file: data/songdb/NX/SongDB_Dev.json with URL: https://jdmo-cdn.c0llydoll.com/private/songdb/jdmelody-nx-dev.160846d06ee4283b48ab38c94e57fa54.json
30-04 14:18:24 +00:00: Uploading file: jdmelody-ps4-dev.json as jdmelody-ps4-dev.c2b220dd1965b1ffb477fbdae5a16168.json
30-04 14:18:24 +00:00: File uploaded: jdmelody-ps4-dev.c2b220dd1965b1ffb477fbdae5a16168.json
30-04 14:18:24 +00:00: Updated local JSON file: data/songdb/PS4/SongDB_Dev.json with URL: https://jdmo-cdn.c0llydoll.com/private/songdb/jdmelody-ps4-dev.c2b220dd1965b1ffb477fbdae5a16168.json
30-04 14:18:24 +00:00: Uploading file: jdmelody-pc-dev.json as jdmelody-pc-dev.2e88008b6cac669bfebdc953bc3857f7.json
30-04 14:18:24 +00:00: File uploaded: jdmelody-pc-dev.2e88008b6cac669bfebdc953bc3857f7.json
30-04 14:18:24 +00:00: Updated local JSON file: data/songdb/PC/SongDB_Dev.json with URL: https://jdmo-cdn.c0llydoll.com/private/songdb/jdmelody-pc-dev.2e88008b6cac669bfebdc953bc3857f7.json
30-04 14:18:27 +00:00: Uploading file: jdmelody-nx-all.json as jdmelody-nx-all.e68126943b57fc4f5be82973c6c1d221.json
30-04 14:18:27 +00:00: File uploaded: jdmelody-nx-all.e68126943b57fc4f5be82973c6c1d221.json
30-04 14:18:27 +00:00: Updated local JSON file: data/songdb/NX/SongDB.json with URL: https://jdmo-cdn.c0llydoll.com/private/songdb/jdmelody-nx-all.e68126943b57fc4f5be82973c6c1d221.json
30-04 14:18:27 +00:00: Uploading file: jdmelody-ps4-all.json as jdmelody-ps4-all.ddcdc1f45b608a57db108ea7f4369e2c.json
30-04 14:18:28 +00:00: File uploaded: jdmelody-ps4-all.ddcdc1f45b608a57db108ea7f4369e2c.json
30-04 14:18:28 +00:00: Updated local JSON file: data/songdb/PS4/SongDB.json with URL: https://jdmo-cdn.c0llydoll.com/private/songdb/jdmelody-ps4-all.ddcdc1f45b608a57db108ea7f4369e2c.json
30-04 14:18:28 +00:00: Uploading file: jdmelody-pc-all.json as jdmelody-pc-all.cea3cbd1930987bea4ec745b5ce8d2f5.json
30-04 14:18:28 +00:00: File uploaded: jdmelody-pc-all.cea3cbd1930987bea4ec745b5ce8d2f5.json
30-04 14:18:28 +00:00: Updated local JSON file: data/songdb/PC/SongDB.json with URL: https://jdmo-cdn.c0llydoll.com/private/songdb/jdmelody-pc-all.cea3cbd1930987bea4ec745b5ce8d2f5.json
30-04 14:18:28 +00:00: Uploading file: jdmelody-nx-patreon.json as jdmelody-nx-patreon.795782bdb891ba4450af06c93e032111.json
30-04 14:18:29 +00:00: File uploaded: jdmelody-nx-patreon.795782bdb891ba4450af06c93e032111.json
30-04 14:18:29 +00:00: Updated local JSON file: data/songdb/NX/SongDB_Patreon.json with URL: https://jdmo-cdn.c0llydoll.com/private/songdb/jdmelody-nx-patreon.795782bdb891ba4450af06c93e032111.json
30-04 14:18:29 +00:00: Uploading file: jdmelody-ps4-patreon.json as jdmelody-ps4-patreon.ae2e7af4cafc8d752811e1df364aa499.json
30-04 14:18:30 +00:00: File uploaded: jdmelody-ps4-patreon.ae2e7af4cafc8d752811e1df364aa499.json
30-04 14:18:30 +00:00: Updated local JSON file: data/songdb/PS4/SongDB_Patreon.json with URL: https://jdmo-cdn.c0llydoll.com/private/songdb/jdmelody-ps4-patreon.ae2e7af4cafc8d752811e1df364aa499.json
30-04 14:18:30 +00:00: Uploading file: jdmelody-pc-patreon.json as jdmelody-pc-patreon.1dedf23f8b165e858cecf64c2890a2d6.json
30-04 14:18:30 +00:00: File uploaded: jdmelody-pc-patreon.1dedf23f8b165e858cecf64c2890a2d6.json
30-04 14:18:30 +00:00: Updated local JSON file: data/songdb/PC/SongDB_Patreon.json with URL: https://jdmo-cdn.c0llydoll.com/private/songdb/jdmelody-pc-patreon.1dedf23f8b165e858cecf64c2890a2d6.json
30-04 14:18:30 +00:00: Uploading file: jdmelody-nx-dev.json as jdmelody-nx-dev.160846d06ee4283b48ab38c94e57fa54.json
30-04 14:18:31 +00:00: File uploaded: jdmelody-nx-dev.160846d06ee4283b48ab38c94e57fa54.json
30-04 14:18:31 +00:00: Updated local JSON file: data/songdb/NX/SongDB_Dev.json with URL: https://jdmo-cdn.c0llydoll.com/private/songdb/jdmelody-nx-dev.160846d06ee4283b48ab38c94e57fa54.json
30-04 14:18:31 +00:00: Uploading file: jdmelody-ps4-dev.json as jdmelody-ps4-dev.c2b220dd1965b1ffb477fbdae5a16168.json
30-04 14:18:31 +00:00: File uploaded: jdmelody-ps4-dev.c2b220dd1965b1ffb477fbdae5a16168.json
30-04 14:18:31 +00:00: Updated local JSON file: data/songdb/PS4/SongDB_Dev.json with URL: https://jdmo-cdn.c0llydoll.com/private/songdb/jdmelody-ps4-dev.c2b220dd1965b1ffb477fbdae5a16168.json
30-04 14:18:31 +00:00: Uploading file: jdmelody-pc-dev.json as jdmelody-pc-dev.2e88008b6cac669bfebdc953bc3857f7.json
30-04 14:18:32 +00:00: File uploaded: jdmelody-pc-dev.2e88008b6cac669bfebdc953bc3857f7.json
30-04 14:18:32 +00:00: Updated local JSON file: data/songdb/PC/SongDB_Dev.json with URL: https://jdmo-cdn.c0llydoll.com/private/songdb/jdmelody-pc-dev.2e88008b6cac669bfebdc953bc3857f7.json
30-04 14:18:34 +00:00: Uploading file: jdmelody-nx-all.json as jdmelody-nx-all.deb93f6afc26dc5c5877e6685c66d981.json
30-04 14:18:34 +00:00: File uploaded: jdmelody-nx-all.deb93f6afc26dc5c5877e6685c66d981.json
30-04 14:18:34 +00:00: Updated local JSON file: data/songdb/NX/SongDB.json with URL: https://jdmo-cdn.c0llydoll.com/private/songdb/jdmelody-nx-all.deb93f6afc26dc5c5877e6685c66d981.json
30-04 14:18:34 +00:00: Uploading file: jdmelody-ps4-all.json as jdmelody-ps4-all.87657aacaa10073c3d9afcaf17e47f2f.json
30-04 14:18:35 +00:00: File uploaded: jdmelody-ps4-all.87657aacaa10073c3d9afcaf17e47f2f.json
30-04 14:18:35 +00:00: Updated local JSON file: data/songdb/PS4/SongDB.json with URL: https://jdmo-cdn.c0llydoll.com/private/songdb/jdmelody-ps4-all.87657aacaa10073c3d9afcaf17e47f2f.json
30-04 14:18:35 +00:00: Uploading file: jdmelody-pc-all.json as jdmelody-pc-all.36e34143781e74ecf36fb2564144edfd.json
30-04 14:18:35 +00:00: File uploaded: jdmelody-pc-all.36e34143781e74ecf36fb2564144edfd.json
30-04 14:18:35 +00:00: Updated local JSON file: data/songdb/PC/SongDB.json with URL: https://jdmo-cdn.c0llydoll.com/private/songdb/jdmelody-pc-all.36e34143781e74ecf36fb2564144edfd.json
30-04 14:18:35 +00:00: Uploading file: jdmelody-nx-patreon.json as jdmelody-nx-patreon.4a745727428843edc7fd2b6e31223664.json
30-04 14:18:36 +00:00: File uploaded: jdmelody-nx-patreon.4a745727428843edc7fd2b6e31223664.json
30-04 14:18:36 +00:00: Updated local JSON file: data/songdb/NX/SongDB_Patreon.json with URL: https://jdmo-cdn.c0llydoll.com/private/songdb/jdmelody-nx-patreon.4a745727428843edc7fd2b6e31223664.json
30-04 14:18:36 +00:00: Uploading file: jdmelody-ps4-patreon.json as jdmelody-ps4-patreon.c9eda46a0d341995d5828bd9175b897f.json
30-04 14:18:36 +00:00: File uploaded: jdmelody-ps4-patreon.c9eda46a0d341995d5828bd9175b897f.json
30-04 14:18:36 +00:00: Updated local JSON file: data/songdb/PS4/SongDB_Patreon.json with URL: https://jdmo-cdn.c0llydoll.com/private/songdb/jdmelody-ps4-patreon.c9eda46a0d341995d5828bd9175b897f.json
30-04 14:18:36 +00:00: Uploading file: jdmelody-pc-patreon.json as jdmelody-pc-patreon.633cd2900a35f1ba44cef43653b62017.json
30-04 14:18:37 +00:00: File uploaded: jdmelody-pc-patreon.633cd2900a35f1ba44cef43653b62017.json
30-04 14:18:37 +00:00: Updated local JSON file: data/songdb/PC/SongDB_Patreon.json with URL: https://jdmo-cdn.c0llydoll.com/private/songdb/jdmelody-pc-patreon.633cd2900a35f1ba44cef43653b62017.json
30-04 14:18:37 +00:00: Uploading file: jdmelody-nx-dev.json as jdmelody-nx-dev.6b8a7afe7b3faf71964289b37c373d24.json
30-04 14:18:37 +00:00: File uploaded: jdmelody-nx-dev.6b8a7afe7b3faf71964289b37c373d24.json
30-04 14:18:37 +00:00: Updated local JSON file: data/songdb/NX/SongDB_Dev.json with URL: https://jdmo-cdn.c0llydoll.com/private/songdb/jdmelody-nx-dev.6b8a7afe7b3faf71964289b37c373d24.json
30-04 14:18:37 +00:00: Uploading file: jdmelody-ps4-dev.json as jdmelody-ps4-dev.855972cb431e7d8d836e55a00800738c.json
30-04 14:18:38 +00:00: File uploaded: jdmelody-ps4-dev.855972cb431e7d8d836e55a00800738c.json
30-04 14:18:38 +00:00: Updated local JSON file: data/songdb/PS4/SongDB_Dev.json with URL: https://jdmo-cdn.c0llydoll.com/private/songdb/jdmelody-ps4-dev.855972cb431e7d8d836e55a00800738c.json
30-04 14:18:38 +00:00: Uploading file: jdmelody-pc-dev.json as jdmelody-pc-dev.7902184985277846745fcfdad93b56dd.json
30-04 14:18:38 +00:00: File uploaded: jdmelody-pc-dev.7902184985277846745fcfdad93b56dd.json
30-04 14:18:38 +00:00: Updated local JSON file: data/songdb/PC/SongDB_Dev.json with URL: https://jdmo-cdn.c0llydoll.com/private/songdb/jdmelody-pc-dev.7902184985277846745fcfdad93b56dd.json
30-04 14:18:41 +00:00: Uploading file: jdmelody-nx-all.json as jdmelody-nx-all.f88ef2daa5c1a332e0259224c3e31f8d.json
30-04 14:18:41 +00:00: File uploaded: jdmelody-nx-all.f88ef2daa5c1a332e0259224c3e31f8d.json
30-04 14:18:41 +00:00: Updated local JSON file: data/songdb/NX/SongDB.json with URL: https://jdmo-cdn.c0llydoll.com/private/songdb/jdmelody-nx-all.f88ef2daa5c1a332e0259224c3e31f8d.json
30-04 14:18:41 +00:00: Uploading file: jdmelody-ps4-all.json as jdmelody-ps4-all.48a9ff26a44a4cb74a0d343979891347.json
30-04 14:18:42 +00:00: File uploaded: jdmelody-ps4-all.48a9ff26a44a4cb74a0d343979891347.json
30-04 14:18:42 +00:00: Updated local JSON file: data/songdb/PS4/SongDB.json with URL: https://jdmo-cdn.c0llydoll.com/private/songdb/jdmelody-ps4-all.48a9ff26a44a4cb74a0d343979891347.json
30-04 14:18:42 +00:00: Uploading file: jdmelody-pc-all.json as jdmelody-pc-all.378b65dc55aa5af857244b5507296c2f.json
30-04 14:18:43 +00:00: File uploaded: jdmelody-pc-all.378b65dc55aa5af857244b5507296c2f.json
30-04 14:18:43 +00:00: Updated local JSON file: data/songdb/PC/SongDB.json with URL: https://jdmo-cdn.c0llydoll.com/private/songdb/jdmelody-pc-all.378b65dc55aa5af857244b5507296c2f.json
30-04 14:18:43 +00:00: Uploading file: jdmelody-nx-patreon.json as jdmelody-nx-patreon.7fa155c7caffd88e6106fb1900b40d73.json
30-04 14:18:44 +00:00: File uploaded: jdmelody-nx-patreon.7fa155c7caffd88e6106fb1900b40d73.json
30-04 14:18:44 +00:00: Updated local JSON file: data/songdb/NX/SongDB_Patreon.json with URL: https://jdmo-cdn.c0llydoll.com/private/songdb/jdmelody-nx-patreon.7fa155c7caffd88e6106fb1900b40d73.json
30-04 14:18:44 +00:00: Uploading file: jdmelody-ps4-patreon.json as jdmelody-ps4-patreon.6138b7d4771590b402fc4e0a6c0475f2.json
30-04 14:18:44 +00:00: File uploaded: jdmelody-ps4-patreon.6138b7d4771590b402fc4e0a6c0475f2.json
30-04 14:18:44 +00:00: Updated local JSON file: data/songdb/PS4/SongDB_Patreon.json with URL: https://jdmo-cdn.c0llydoll.com/private/songdb/jdmelody-ps4-patreon.6138b7d4771590b402fc4e0a6c0475f2.json
30-04 14:18:44 +00:00: Uploading file: jdmelody-pc-patreon.json as jdmelody-pc-patreon.944b6c6f96af6937a8855aec25b1b0d0.json
30-04 14:18:45 +00:00: File uploaded: jdmelody-pc-patreon.944b6c6f96af6937a8855aec25b1b0d0.json
30-04 14:18:45 +00:00: Updated local JSON file: data/songdb/PC/SongDB_Patreon.json with URL: https://jdmo-cdn.c0llydoll.com/private/songdb/jdmelody-pc-patreon.944b6c6f96af6937a8855aec25b1b0d0.json
30-04 14:18:45 +00:00: Uploading file: jdmelody-nx-dev.json as jdmelody-nx-dev.6b8a7afe7b3faf71964289b37c373d24.json
30-04 14:18:45 +00:00: File uploaded: jdmelody-nx-dev.6b8a7afe7b3faf71964289b37c373d24.json
30-04 14:18:45 +00:00: Updated local JSON file: data/songdb/NX/SongDB_Dev.json with URL: https://jdmo-cdn.c0llydoll.com/private/songdb/jdmelody-nx-dev.6b8a7afe7b3faf71964289b37c373d24.json
30-04 14:18:45 +00:00: Uploading file: jdmelody-ps4-dev.json as jdmelody-ps4-dev.855972cb431e7d8d836e55a00800738c.json
30-04 14:18:45 +00:00: File uploaded: jdmelody-ps4-dev.855972cb431e7d8d836e55a00800738c.json
30-04 14:18:45 +00:00: Updated local JSON file: data/songdb/PS4/SongDB_Dev.json with URL: https://jdmo-cdn.c0llydoll.com/private/songdb/jdmelody-ps4-dev.855972cb431e7d8d836e55a00800738c.json
30-04 14:18:45 +00:00: Uploading file: jdmelody-pc-dev.json as jdmelody-pc-dev.7902184985277846745fcfdad93b56dd.json
30-04 14:18:45 +00:00: File uploaded: jdmelody-pc-dev.7902184985277846745fcfdad93b56dd.json
30-04 14:18:45 +00:00: Updated local JSON file: data/songdb/PC/SongDB_Dev.json with URL: https://jdmo-cdn.c0llydoll.com/private/songdb/jdmelody-pc-dev.7902184985277846745fcfdad93b56dd.json
30-04 14:18:48 +00:00: Uploading file: jdmelody-nx-all.json as jdmelody-nx-all.a11d93c9701293924229fe75ed6d5c39.json
30-04 14:18:48 +00:00: File uploaded: jdmelody-nx-all.a11d93c9701293924229fe75ed6d5c39.json
30-04 14:18:48 +00:00: Updated local JSON file: data/songdb/NX/SongDB.json with URL: https://jdmo-cdn.c0llydoll.com/private/songdb/jdmelody-nx-all.a11d93c9701293924229fe75ed6d5c39.json
30-04 14:18:48 +00:00: Uploading file: jdmelody-ps4-all.json as jdmelody-ps4-all.c6b4a22e6b3650e6d9c5d2cf546fab5b.json
30-04 14:18:48 +00:00: File uploaded: jdmelody-ps4-all.c6b4a22e6b3650e6d9c5d2cf546fab5b.json
30-04 14:18:48 +00:00: Updated local JSON file: data/songdb/PS4/SongDB.json with URL: https://jdmo-cdn.c0llydoll.com/private/songdb/jdmelody-ps4-all.c6b4a22e6b3650e6d9c5d2cf546fab5b.json
30-04 14:18:48 +00:00: Uploading file: jdmelody-pc-all.json as jdmelody-pc-all.2ebc206283eeae19609eaa9628075862.json
30-04 14:18:49 +00:00: File uploaded: jdmelody-pc-all.2ebc206283eeae19609eaa9628075862.json
30-04 14:18:49 +00:00: Updated local JSON file: data/songdb/PC/SongDB.json with URL: https://jdmo-cdn.c0llydoll.com/private/songdb/jdmelody-pc-all.2ebc206283eeae19609eaa9628075862.json
30-04 14:18:49 +00:00: Uploading file: jdmelody-nx-patreon.json as jdmelody-nx-patreon.c92ec589953cbed91f37ce214e0b6df5.json
30-04 14:18:49 +00:00: File uploaded: jdmelody-nx-patreon.c92ec589953cbed91f37ce214e0b6df5.json
30-04 14:18:49 +00:00: Updated local JSON file: data/songdb/NX/SongDB_Patreon.json with URL: https://jdmo-cdn.c0llydoll.com/private/songdb/jdmelody-nx-patreon.c92ec589953cbed91f37ce214e0b6df5.json
30-04 14:18:49 +00:00: Uploading file: jdmelody-ps4-patreon.json as jdmelody-ps4-patreon.6dc4a739f4d7950e58317ee337031853.json
30-04 14:18:49 +00:00: File uploaded: jdmelody-ps4-patreon.6dc4a739f4d7950e58317ee337031853.json
30-04 14:18:49 +00:00: Updated local JSON file: data/songdb/PS4/SongDB_Patreon.json with URL: https://jdmo-cdn.c0llydoll.com/private/songdb/jdmelody-ps4-patreon.6dc4a739f4d7950e58317ee337031853.json
30-04 14:18:49 +00:00: Uploading file: jdmelody-pc-patreon.json as jdmelody-pc-patreon.fd7cb2443faf248e4ee45864359f4ed7.json
30-04 14:18:50 +00:00: File uploaded: jdmelody-pc-patreon.fd7cb2443faf248e4ee45864359f4ed7.json
30-04 14:18:50 +00:00: Updated local JSON file: data/songdb/PC/SongDB_Patreon.json with URL: https://jdmo-cdn.c0llydoll.com/private/songdb/jdmelody-pc-patreon.fd7cb2443faf248e4ee45864359f4ed7.json
30-04 14:18:50 +00:00: Uploading file: jdmelody-nx-dev.json as jdmelody-nx-dev.6b8a7afe7b3faf71964289b37c373d24.json
30-04 14:18:50 +00:00: File uploaded: jdmelody-nx-dev.6b8a7afe7b3faf71964289b37c373d24.json
30-04 14:18:50 +00:00: Updated local JSON file: data/songdb/NX/SongDB_Dev.json with URL: https://jdmo-cdn.c0llydoll.com/private/songdb/jdmelody-nx-dev.6b8a7afe7b3faf71964289b37c373d24.json
30-04 14:18:50 +00:00: Uploading file: jdmelody-ps4-dev.json as jdmelody-ps4-dev.855972cb431e7d8d836e55a00800738c.json
30-04 14:18:51 +00:00: File uploaded: jdmelody-ps4-dev.855972cb431e7d8d836e55a00800738c.json
30-04 14:18:51 +00:00: Updated local JSON file: data/songdb/PS4/SongDB_Dev.json with URL: https://jdmo-cdn.c0llydoll.com/private/songdb/jdmelody-ps4-dev.855972cb431e7d8d836e55a00800738c.json
30-04 14:18:51 +00:00: Uploading file: jdmelody-pc-dev.json as jdmelody-pc-dev.7902184985277846745fcfdad93b56dd.json
30-04 14:18:51 +00:00: File uploaded: jdmelody-pc-dev.7902184985277846745fcfdad93b56dd.json
30-04 14:18:51 +00:00: Updated local JSON file: data/songdb/PC/SongDB_Dev.json with URL: https://jdmo-cdn.c0llydoll.com/private/songdb/jdmelody-pc-dev.7902184985277846745fcfdad93b56dd.json
30-04 14:18:53 +00:00: Uploading file: jdmelody-nx-all.json as jdmelody-nx-all.f0a3afdfa2465d3775985c42a8ae9465.json
30-04 14:18:54 +00:00: File uploaded: jdmelody-nx-all.f0a3afdfa2465d3775985c42a8ae9465.json
30-04 14:18:54 +00:00: Updated local JSON file: data/songdb/NX/SongDB.json with URL: https://jdmo-cdn.c0llydoll.com/private/songdb/jdmelody-nx-all.f0a3afdfa2465d3775985c42a8ae9465.json
30-04 14:18:54 +00:00: Uploading file: jdmelody-ps4-all.json as jdmelody-ps4-all.9c3fd84f902a3cc990f3277586bda8b4.json
30-04 14:18:54 +00:00: File uploaded: jdmelody-ps4-all.9c3fd84f902a3cc990f3277586bda8b4.json
30-04 14:18:54 +00:00: Updated local JSON file: data/songdb/PS4/SongDB.json with URL: https://jdmo-cdn.c0llydoll.com/private/songdb/jdmelody-ps4-all.9c3fd84f902a3cc990f3277586bda8b4.json
30-04 14:18:54 +00:00: Uploading file: jdmelody-pc-all.json as jdmelody-pc-all.b5c5a77aa5e52b338bd4f58a6e549a59.json
30-04 14:18:55 +00:00: File uploaded: jdmelody-pc-all.b5c5a77aa5e52b338bd4f58a6e549a59.json
30-04 14:18:55 +00:00: Updated local JSON file: data/songdb/PC/SongDB.json with URL: https://jdmo-cdn.c0llydoll.com/private/songdb/jdmelody-pc-all.b5c5a77aa5e52b338bd4f58a6e549a59.json
30-04 14:18:55 +00:00: Uploading file: jdmelody-nx-patreon.json as jdmelody-nx-patreon.69b490996095d0ca214b2687979358ea.json
30-04 14:18:55 +00:00: File uploaded: jdmelody-nx-patreon.69b490996095d0ca214b2687979358ea.json
30-04 14:18:55 +00:00: Updated local JSON file: data/songdb/NX/SongDB_Patreon.json with URL: https://jdmo-cdn.c0llydoll.com/private/songdb/jdmelody-nx-patreon.69b490996095d0ca214b2687979358ea.json
30-04 14:18:55 +00:00: Uploading file: jdmelody-ps4-patreon.json as jdmelody-ps4-patreon.6bebf07bed02571bdfc800a8a4748410.json
30-04 14:18:56 +00:00: File uploaded: jdmelody-ps4-patreon.6bebf07bed02571bdfc800a8a4748410.json
30-04 14:18:56 +00:00: Updated local JSON file: data/songdb/PS4/SongDB_Patreon.json with URL: https://jdmo-cdn.c0llydoll.com/private/songdb/jdmelody-ps4-patreon.6bebf07bed02571bdfc800a8a4748410.json
30-04 14:18:56 +00:00: Uploading file: jdmelody-pc-patreon.json as jdmelody-pc-patreon.6def210172acf682355c4288d86cb5d7.json
30-04 14:18:56 +00:00: File uploaded: jdmelody-pc-patreon.6def210172acf682355c4288d86cb5d7.json
30-04 14:18:56 +00:00: Updated local JSON file: data/songdb/PC/SongDB_Patreon.json with URL: https://jdmo-cdn.c0llydoll.com/private/songdb/jdmelody-pc-patreon.6def210172acf682355c4288d86cb5d7.json
30-04 14:18:56 +00:00: Uploading file: jdmelody-nx-dev.json as jdmelody-nx-dev.6b8a7afe7b3faf71964289b37c373d24.json
30-04 14:18:56 +00:00: File uploaded: jdmelody-nx-dev.6b8a7afe7b3faf71964289b37c373d24.json
30-04 14:18:56 +00:00: Updated local JSON file: data/songdb/NX/SongDB_Dev.json with URL: https://jdmo-cdn.c0llydoll.com/private/songdb/jdmelody-nx-dev.6b8a7afe7b3faf71964289b37c373d24.json
30-04 14:18:56 +00:00: Uploading file: jdmelody-ps4-dev.json as jdmelody-ps4-dev.855972cb431e7d8d836e55a00800738c.json
30-04 14:18:57 +00:00: File uploaded: jdmelody-ps4-dev.855972cb431e7d8d836e55a00800738c.json
30-04 14:18:57 +00:00: Updated local JSON file: data/songdb/PS4/SongDB_Dev.json with URL: https://jdmo-cdn.c0llydoll.com/private/songdb/jdmelody-ps4-dev.855972cb431e7d8d836e55a00800738c.json
30-04 14:18:57 +00:00: Uploading file: jdmelody-pc-dev.json as jdmelody-pc-dev.7902184985277846745fcfdad93b56dd.json
30-04 14:18:57 +00:00: File uploaded: jdmelody-pc-dev.7902184985277846745fcfdad93b56dd.json
30-04 14:18:57 +00:00: Updated local JSON file: data/songdb/PC/SongDB_Dev.json with URL: https://jdmo-cdn.c0llydoll.com/private/songdb/jdmelody-pc-dev.7902184985277846745fcfdad93b56dd.json
30-04 14:18:59 +00:00: Uploading file: jdmelody-nx-all.json as jdmelody-nx-all.640a658f589577591c27416679bb7498.json
30-04 14:18:59 +00:00: File uploaded: jdmelody-nx-all.640a658f589577591c27416679bb7498.json
30-04 14:18:59 +00:00: Updated local JSON file: data/songdb/NX/SongDB.json with URL: https://jdmo-cdn.c0llydoll.com/private/songdb/jdmelody-nx-all.640a658f589577591c27416679bb7498.json
30-04 14:18:59 +00:00: Uploading file: jdmelody-ps4-all.json as jdmelody-ps4-all.ef679ee7a662e97cf26192a379ce45e5.json
30-04 14:19:00 +00:00: File uploaded: jdmelody-ps4-all.ef679ee7a662e97cf26192a379ce45e5.json
30-04 14:19:00 +00:00: Updated local JSON file: data/songdb/PS4/SongDB.json with URL: https://jdmo-cdn.c0llydoll.com/private/songdb/jdmelody-ps4-all.ef679ee7a662e97cf26192a379ce45e5.json
30-04 14:19:00 +00:00: Uploading file: jdmelody-pc-all.json as jdmelody-pc-all.1a943c38d2ba23b54964e8f0fe1b1248.json
30-04 14:19:01 +00:00: File uploaded: jdmelody-pc-all.1a943c38d2ba23b54964e8f0fe1b1248.json
30-04 14:19:01 +00:00: Updated local JSON file: data/songdb/PC/SongDB.json with URL: https://jdmo-cdn.c0llydoll.com/private/songdb/jdmelody-pc-all.1a943c38d2ba23b54964e8f0fe1b1248.json
30-04 14:19:01 +00:00: Uploading file: jdmelody-nx-patreon.json as jdmelody-nx-patreon.69a5ed025681dc0890c134091f304e41.json
30-04 14:19:02 +00:00: File uploaded: jdmelody-nx-patreon.69a5ed025681dc0890c134091f304e41.json
30-04 14:19:02 +00:00: Updated local JSON file: data/songdb/NX/SongDB_Patreon.json with URL: https://jdmo-cdn.c0llydoll.com/private/songdb/jdmelody-nx-patreon.69a5ed025681dc0890c134091f304e41.json
30-04 14:19:02 +00:00: Uploading file: jdmelody-ps4-patreon.json as jdmelody-ps4-patreon.f2952d079ec44644f211fde705e8eed3.json
30-04 14:19:03 +00:00: File uploaded: jdmelody-ps4-patreon.f2952d079ec44644f211fde705e8eed3.json
30-04 14:19:03 +00:00: Updated local JSON file: data/songdb/PS4/SongDB_Patreon.json with URL: https://jdmo-cdn.c0llydoll.com/private/songdb/jdmelody-ps4-patreon.f2952d079ec44644f211fde705e8eed3.json
30-04 14:19:03 +00:00: Uploading file: jdmelody-pc-patreon.json as jdmelody-pc-patreon.dfc6e1abd2eec74518b1ebc58d7aa564.json
30-04 14:19:03 +00:00: File uploaded: jdmelody-pc-patreon.dfc6e1abd2eec74518b1ebc58d7aa564.json
30-04 14:19:03 +00:00: Updated local JSON file: data/songdb/PC/SongDB_Patreon.json with URL: https://jdmo-cdn.c0llydoll.com/private/songdb/jdmelody-pc-patreon.dfc6e1abd2eec74518b1ebc58d7aa564.json
30-04 14:19:03 +00:00: Uploading file: jdmelody-nx-dev.json as jdmelody-nx-dev.cb7bb0bd3d730899e79a29f44def7068.json
30-04 14:19:03 +00:00: File uploaded: jdmelody-nx-dev.cb7bb0bd3d730899e79a29f44def7068.json
30-04 14:19:03 +00:00: Updated local JSON file: data/songdb/NX/SongDB_Dev.json with URL: https://jdmo-cdn.c0llydoll.com/private/songdb/jdmelody-nx-dev.cb7bb0bd3d730899e79a29f44def7068.json
30-04 14:19:04 +00:00: Uploading file: jdmelody-ps4-dev.json as jdmelody-ps4-dev.7842118e520cc9f669cbd3bd8f670c50.json
30-04 14:19:04 +00:00: File uploaded: jdmelody-ps4-dev.7842118e520cc9f669cbd3bd8f670c50.json
30-04 14:19:04 +00:00: Updated local JSON file: data/songdb/PS4/SongDB_Dev.json with URL: https://jdmo-cdn.c0llydoll.com/private/songdb/jdmelody-ps4-dev.7842118e520cc9f669cbd3bd8f670c50.json
30-04 14:19:04 +00:00: Uploading file: jdmelody-pc-dev.json as jdmelody-pc-dev.8e485a8b71312e6145b33cee75c1949c.json
30-04 14:19:04 +00:00: File uploaded: jdmelody-pc-dev.8e485a8b71312e6145b33cee75c1949c.json
30-04 14:19:04 +00:00: Updated local JSON file: data/songdb/PC/SongDB_Dev.json with URL: https://jdmo-cdn.c0llydoll.com/private/songdb/jdmelody-pc-dev.8e485a8b71312e6145b33cee75c1949c.json
30-04 14:19:06 +00:00: Uploading file: jdmelody-nx-all.json as jdmelody-nx-all.aabd6e2ee2931898a953a4ca6bc009bd.json
30-04 14:19:07 +00:00: File uploaded: jdmelody-nx-all.aabd6e2ee2931898a953a4ca6bc009bd.json
30-04 14:19:07 +00:00: Updated local JSON file: data/songdb/NX/SongDB.json with URL: https://jdmo-cdn.c0llydoll.com/private/songdb/jdmelody-nx-all.aabd6e2ee2931898a953a4ca6bc009bd.json
30-04 14:19:07 +00:00: Uploading file: jdmelody-ps4-all.json as jdmelody-ps4-all.c22402a7bf53a67b317e67a7b3fe28a7.json
30-04 14:19:08 +00:00: File uploaded: jdmelody-ps4-all.c22402a7bf53a67b317e67a7b3fe28a7.json
30-04 14:19:08 +00:00: Updated local JSON file: data/songdb/PS4/SongDB.json with URL: https://jdmo-cdn.c0llydoll.com/private/songdb/jdmelody-ps4-all.c22402a7bf53a67b317e67a7b3fe28a7.json
30-04 14:19:08 +00:00: Uploading file: jdmelody-pc-all.json as jdmelody-pc-all.4073cd5dd2d40e2dc3d067cddf8ceb38.json
30-04 14:19:08 +00:00: File uploaded: jdmelody-pc-all.4073cd5dd2d40e2dc3d067cddf8ceb38.json
30-04 14:19:08 +00:00: Updated local JSON file: data/songdb/PC/SongDB.json with URL: https://jdmo-cdn.c0llydoll.com/private/songdb/jdmelody-pc-all.4073cd5dd2d40e2dc3d067cddf8ceb38.json
30-04 14:19:08 +00:00: Uploading file: jdmelody-nx-patreon.json as jdmelody-nx-patreon.c404761acb3608a38112685ef81d98f3.json
30-04 14:19:11 +00:00: File uploaded: jdmelody-nx-patreon.c404761acb3608a38112685ef81d98f3.json
30-04 14:19:11 +00:00: Updated local JSON file: data/songdb/NX/SongDB_Patreon.json with URL: https://jdmo-cdn.c0llydoll.com/private/songdb/jdmelody-nx-patreon.c404761acb3608a38112685ef81d98f3.json
30-04 14:19:11 +00:00: Uploading file: jdmelody-ps4-patreon.json as jdmelody-ps4-patreon.d98182f34fcb04a66ed8b7da9f3c9690.json
30-04 14:19:11 +00:00: File uploaded: jdmelody-ps4-patreon.d98182f34fcb04a66ed8b7da9f3c9690.json
30-04 14:19:11 +00:00: Updated local JSON file: data/songdb/PS4/SongDB_Patreon.json with URL: https://jdmo-cdn.c0llydoll.com/private/songdb/jdmelody-ps4-patreon.d98182f34fcb04a66ed8b7da9f3c9690.json
30-04 14:19:11 +00:00: Uploading file: jdmelody-pc-patreon.json as jdmelody-pc-patreon.cb80c29a11592aa381acc0b080b3a9b4.json
30-04 14:19:12 +00:00: File uploaded: jdmelody-pc-patreon.cb80c29a11592aa381acc0b080b3a9b4.json
30-04 14:19:12 +00:00: Updated local JSON file: data/songdb/PC/SongDB_Patreon.json with URL: https://jdmo-cdn.c0llydoll.com/private/songdb/jdmelody-pc-patreon.cb80c29a11592aa381acc0b080b3a9b4.json
30-04 14:19:12 +00:00: Uploading file: jdmelody-nx-dev.json as jdmelody-nx-dev.cb7bb0bd3d730899e79a29f44def7068.json
30-04 14:19:13 +00:00: File uploaded: jdmelody-nx-dev.cb7bb0bd3d730899e79a29f44def7068.json
30-04 14:19:13 +00:00: Updated local JSON file: data/songdb/NX/SongDB_Dev.json with URL: https://jdmo-cdn.c0llydoll.com/private/songdb/jdmelody-nx-dev.cb7bb0bd3d730899e79a29f44def7068.json
30-04 14:19:13 +00:00: Uploading file: jdmelody-ps4-dev.json as jdmelody-ps4-dev.7842118e520cc9f669cbd3bd8f670c50.json
30-04 14:19:14 +00:00: File uploaded: jdmelody-ps4-dev.7842118e520cc9f669cbd3bd8f670c50.json
30-04 14:19:14 +00:00: Updated local JSON file: data/songdb/PS4/SongDB_Dev.json with URL: https://jdmo-cdn.c0llydoll.com/private/songdb/jdmelody-ps4-dev.7842118e520cc9f669cbd3bd8f670c50.json
30-04 14:19:14 +00:00: Uploading file: jdmelody-pc-dev.json as jdmelody-pc-dev.8e485a8b71312e6145b33cee75c1949c.json
30-04 14:19:15 +00:00: File uploaded: jdmelody-pc-dev.8e485a8b71312e6145b33cee75c1949c.json
30-04 14:19:15 +00:00: Updated local JSON file: data/songdb/PC/SongDB_Dev.json with URL: https://jdmo-cdn.c0llydoll.com/private/songdb/jdmelody-pc-dev.8e485a8b71312e6145b33cee75c1949c.json
30-04 14:19:17 +00:00: Uploading file: jdmelody-nx-all.json as jdmelody-nx-all.c773594189aaf6ae642faee79393d26d.json
30-04 14:19:18 +00:00: File uploaded: jdmelody-nx-all.c773594189aaf6ae642faee79393d26d.json
30-04 14:19:18 +00:00: Updated local JSON file: data/songdb/NX/SongDB.json with URL: https://jdmo-cdn.c0llydoll.com/private/songdb/jdmelody-nx-all.c773594189aaf6ae642faee79393d26d.json
30-04 14:19:18 +00:00: Uploading file: jdmelody-ps4-all.json as jdmelody-ps4-all.fc6d786541a42ec45214cffe762718a8.json
30-04 14:19:18 +00:00: File uploaded: jdmelody-ps4-all.fc6d786541a42ec45214cffe762718a8.json
30-04 14:19:18 +00:00: Updated local JSON file: data/songdb/PS4/SongDB.json with URL: https://jdmo-cdn.c0llydoll.com/private/songdb/jdmelody-ps4-all.fc6d786541a42ec45214cffe762718a8.json
30-04 14:19:18 +00:00: Uploading file: jdmelody-pc-all.json as jdmelody-pc-all.7ee4fe37f204d2cd649f811fe248c3b6.json
30-04 14:19:18 +00:00: File uploaded: jdmelody-pc-all.7ee4fe37f204d2cd649f811fe248c3b6.json
30-04 14:19:18 +00:00: Updated local JSON file: data/songdb/PC/SongDB.json with URL: https://jdmo-cdn.c0llydoll.com/private/songdb/jdmelody-pc-all.7ee4fe37f204d2cd649f811fe248c3b6.json
30-04 14:19:18 +00:00: Uploading file: jdmelody-nx-patreon.json as jdmelody-nx-patreon.ecef91d2c05c0bf543d6186066c0f43c.json
30-04 14:19:19 +00:00: File uploaded: jdmelody-nx-patreon.ecef91d2c05c0bf543d6186066c0f43c.json
30-04 14:19:19 +00:00: Updated local JSON file: data/songdb/NX/SongDB_Patreon.json with URL: https://jdmo-cdn.c0llydoll.com/private/songdb/jdmelody-nx-patreon.ecef91d2c05c0bf543d6186066c0f43c.json
30-04 14:19:19 +00:00: Uploading file: jdmelody-ps4-patreon.json as jdmelody-ps4-patreon.cfc6b9ddddd30762b060215628b5b0c4.json
30-04 14:19:20 +00:00: File uploaded: jdmelody-ps4-patreon.cfc6b9ddddd30762b060215628b5b0c4.json
30-04 14:19:20 +00:00: Updated local JSON file: data/songdb/PS4/SongDB_Patreon.json with URL: https://jdmo-cdn.c0llydoll.com/private/songdb/jdmelody-ps4-patreon.cfc6b9ddddd30762b060215628b5b0c4.json
30-04 14:19:20 +00:00: Uploading file: jdmelody-pc-patreon.json as jdmelody-pc-patreon.f9c7de05eaeb75ce88e217d4ae3d6de0.json
30-04 14:19:20 +00:00: File uploaded: jdmelody-pc-patreon.f9c7de05eaeb75ce88e217d4ae3d6de0.json
30-04 14:19:20 +00:00: Updated local JSON file: data/songdb/PC/SongDB_Patreon.json with URL: https://jdmo-cdn.c0llydoll.com/private/songdb/jdmelody-pc-patreon.f9c7de05eaeb75ce88e217d4ae3d6de0.json
30-04 14:19:20 +00:00: Uploading file: jdmelody-nx-dev.json as jdmelody-nx-dev.cb7bb0bd3d730899e79a29f44def7068.json
30-04 14:19:21 +00:00: File uploaded: jdmelody-nx-dev.cb7bb0bd3d730899e79a29f44def7068.json
30-04 14:19:21 +00:00: Updated local JSON file: data/songdb/NX/SongDB_Dev.json with URL: https://jdmo-cdn.c0llydoll.com/private/songdb/jdmelody-nx-dev.cb7bb0bd3d730899e79a29f44def7068.json
30-04 14:19:21 +00:00: Uploading file: jdmelody-ps4-dev.json as jdmelody-ps4-dev.7842118e520cc9f669cbd3bd8f670c50.json
30-04 14:19:22 +00:00: File uploaded: jdmelody-ps4-dev.7842118e520cc9f669cbd3bd8f670c50.json
30-04 14:19:22 +00:00: Updated local JSON file: data/songdb/PS4/SongDB_Dev.json with URL: https://jdmo-cdn.c0llydoll.com/private/songdb/jdmelody-ps4-dev.7842118e520cc9f669cbd3bd8f670c50.json
30-04 14:19:22 +00:00: Uploading file: jdmelody-pc-dev.json as jdmelody-pc-dev.8e485a8b71312e6145b33cee75c1949c.json
30-04 14:19:23 +00:00: File uploaded: jdmelody-pc-dev.8e485a8b71312e6145b33cee75c1949c.json
30-04 14:19:23 +00:00: Updated local JSON file: data/songdb/PC/SongDB_Dev.json with URL: https://jdmo-cdn.c0llydoll.com/private/songdb/jdmelody-pc-dev.8e485a8b71312e6145b33cee75c1949c.json
30-04 14:19:25 +00:00: Uploading file: jdmelody-nx-all.json as jdmelody-nx-all.1b03b4b564e8e34c11c9f10261750c4c.json
30-04 14:19:25 +00:00: File uploaded: jdmelody-nx-all.1b03b4b564e8e34c11c9f10261750c4c.json
30-04 14:19:25 +00:00: Updated local JSON file: data/songdb/NX/SongDB.json with URL: https://jdmo-cdn.c0llydoll.com/private/songdb/jdmelody-nx-all.1b03b4b564e8e34c11c9f10261750c4c.json
30-04 14:19:25 +00:00: Uploading file: jdmelody-ps4-all.json as jdmelody-ps4-all.896c51646e8aca063dc30edc1b67d826.json
30-04 14:19:26 +00:00: File uploaded: jdmelody-ps4-all.896c51646e8aca063dc30edc1b67d826.json
30-04 14:19:26 +00:00: Updated local JSON file: data/songdb/PS4/SongDB.json with URL: https://jdmo-cdn.c0llydoll.com/private/songdb/jdmelody-ps4-all.896c51646e8aca063dc30edc1b67d826.json
30-04 14:19:26 +00:00: Uploading file: jdmelody-pc-all.json as jdmelody-pc-all.51b7872b9e2b0d8fd4ab2b9084491195.json
30-04 14:19:26 +00:00: File uploaded: jdmelody-pc-all.51b7872b9e2b0d8fd4ab2b9084491195.json
30-04 14:19:26 +00:00: Updated local JSON file: data/songdb/PC/SongDB.json with URL: https://jdmo-cdn.c0llydoll.com/private/songdb/jdmelody-pc-all.51b7872b9e2b0d8fd4ab2b9084491195.json
30-04 14:19:26 +00:00: Uploading file: jdmelody-nx-patreon.json as jdmelody-nx-patreon.00cb33bbd847efaf987f81c872a3925a.json
30-04 14:19:26 +00:00: File uploaded: jdmelody-nx-patreon.00cb33bbd847efaf987f81c872a3925a.json
30-04 14:19:26 +00:00: Updated local JSON file: data/songdb/NX/SongDB_Patreon.json with URL: https://jdmo-cdn.c0llydoll.com/private/songdb/jdmelody-nx-patreon.00cb33bbd847efaf987f81c872a3925a.json
30-04 14:19:26 +00:00: Uploading file: jdmelody-ps4-patreon.json as jdmelody-ps4-patreon.ecfcb7be85ff2c25aa77b13c415b8d8e.json
30-04 14:19:26 +00:00: File uploaded: jdmelody-ps4-patreon.ecfcb7be85ff2c25aa77b13c415b8d8e.json
30-04 14:19:26 +00:00: Updated local JSON file: data/songdb/PS4/SongDB_Patreon.json with URL: https://jdmo-cdn.c0llydoll.com/private/songdb/jdmelody-ps4-patreon.ecfcb7be85ff2c25aa77b13c415b8d8e.json
30-04 14:19:26 +00:00: Uploading file: jdmelody-pc-patreon.json as jdmelody-pc-patreon.36993ce78a2f3c5b68a4de4ddee6b1b2.json
30-04 14:19:27 +00:00: File uploaded: jdmelody-pc-patreon.36993ce78a2f3c5b68a4de4ddee6b1b2.json
30-04 14:19:27 +00:00: Updated local JSON file: data/songdb/PC/SongDB_Patreon.json with URL: https://jdmo-cdn.c0llydoll.com/private/songdb/jdmelody-pc-patreon.36993ce78a2f3c5b68a4de4ddee6b1b2.json
30-04 14:19:27 +00:00: Uploading file: jdmelody-nx-dev.json as jdmelody-nx-dev.cb7bb0bd3d730899e79a29f44def7068.json
30-04 14:19:27 +00:00: File uploaded: jdmelody-nx-dev.cb7bb0bd3d730899e79a29f44def7068.json
30-04 14:19:27 +00:00: Updated local JSON file: data/songdb/NX/SongDB_Dev.json with URL: https://jdmo-cdn.c0llydoll.com/private/songdb/jdmelody-nx-dev.cb7bb0bd3d730899e79a29f44def7068.json
30-04 14:19:27 +00:00: Uploading file: jdmelody-ps4-dev.json as jdmelody-ps4-dev.7842118e520cc9f669cbd3bd8f670c50.json
30-04 14:19:28 +00:00: File uploaded: jdmelody-ps4-dev.7842118e520cc9f669cbd3bd8f670c50.json
30-04 14:19:28 +00:00: Updated local JSON file: data/songdb/PS4/SongDB_Dev.json with URL: https://jdmo-cdn.c0llydoll.com/private/songdb/jdmelody-ps4-dev.7842118e520cc9f669cbd3bd8f670c50.json
30-04 14:19:28 +00:00: Uploading file: jdmelody-pc-dev.json as jdmelody-pc-dev.8e485a8b71312e6145b33cee75c1949c.json
30-04 14:19:28 +00:00: File uploaded: jdmelody-pc-dev.8e485a8b71312e6145b33cee75c1949c.json
30-04 14:19:28 +00:00: Updated local JSON file: data/songdb/PC/SongDB_Dev.json with URL: https://jdmo-cdn.c0llydoll.com/private/songdb/jdmelody-pc-dev.8e485a8b71312e6145b33cee75c1949c.json
30-04 14:19:31 +00:00: Uploading file: jdmelody-nx-all.json as jdmelody-nx-all.3a39f8d7486cc345ffb48656ad824937.json
30-04 14:19:31 +00:00: File uploaded: jdmelody-nx-all.3a39f8d7486cc345ffb48656ad824937.json
30-04 14:19:31 +00:00: Updated local JSON file: data/songdb/NX/SongDB.json with URL: https://jdmo-cdn.c0llydoll.com/private/songdb/jdmelody-nx-all.3a39f8d7486cc345ffb48656ad824937.json
30-04 14:19:31 +00:00: Uploading file: jdmelody-ps4-all.json as jdmelody-ps4-all.1b9c306f7b8042c8f922290f989f91b2.json
30-04 14:19:32 +00:00: File uploaded: jdmelody-ps4-all.1b9c306f7b8042c8f922290f989f91b2.json
30-04 14:19:32 +00:00: Updated local JSON file: data/songdb/PS4/SongDB.json with URL: https://jdmo-cdn.c0llydoll.com/private/songdb/jdmelody-ps4-all.1b9c306f7b8042c8f922290f989f91b2.json
30-04 14:19:32 +00:00: Uploading file: jdmelody-pc-all.json as jdmelody-pc-all.f7525e955baad3a85ad23f313ee6989c.json
30-04 14:19:32 +00:00: File uploaded: jdmelody-pc-all.f7525e955baad3a85ad23f313ee6989c.json
30-04 14:19:32 +00:00: Updated local JSON file: data/songdb/PC/SongDB.json with URL: https://jdmo-cdn.c0llydoll.com/private/songdb/jdmelody-pc-all.f7525e955baad3a85ad23f313ee6989c.json
30-04 14:19:32 +00:00: Uploading file: jdmelody-nx-patreon.json as jdmelody-nx-patreon.1e8ebdf613b855c98804721f33c8f1f2.json
30-04 14:19:32 +00:00: File uploaded: jdmelody-nx-patreon.1e8ebdf613b855c98804721f33c8f1f2.json
30-04 14:19:32 +00:00: Updated local JSON file: data/songdb/NX/SongDB_Patreon.json with URL: https://jdmo-cdn.c0llydoll.com/private/songdb/jdmelody-nx-patreon.1e8ebdf613b855c98804721f33c8f1f2.json
30-04 14:19:32 +00:00: Uploading file: jdmelody-ps4-patreon.json as jdmelody-ps4-patreon.40c6bbb56bc89e3a41d9fa2d31e7c40c.json
30-04 14:19:33 +00:00: File uploaded: jdmelody-ps4-patreon.40c6bbb56bc89e3a41d9fa2d31e7c40c.json
30-04 14:19:33 +00:00: Updated local JSON file: data/songdb/PS4/SongDB_Patreon.json with URL: https://jdmo-cdn.c0llydoll.com/private/songdb/jdmelody-ps4-patreon.40c6bbb56bc89e3a41d9fa2d31e7c40c.json
30-04 14:19:33 +00:00: Uploading file: jdmelody-pc-patreon.json as jdmelody-pc-patreon.f117a474dc883ead02d0b731cc88b60e.json
30-04 14:19:33 +00:00: File uploaded: jdmelody-pc-patreon.f117a474dc883ead02d0b731cc88b60e.json
30-04 14:19:33 +00:00: Updated local JSON file: data/songdb/PC/SongDB_Patreon.json with URL: https://jdmo-cdn.c0llydoll.com/private/songdb/jdmelody-pc-patreon.f117a474dc883ead02d0b731cc88b60e.json
30-04 14:19:33 +00:00: Uploading file: jdmelody-nx-dev.json as jdmelody-nx-dev.cb7bb0bd3d730899e79a29f44def7068.json
30-04 14:19:35 +00:00: File uploaded: jdmelody-nx-dev.cb7bb0bd3d730899e79a29f44def7068.json
30-04 14:19:35 +00:00: Updated local JSON file: data/songdb/NX/SongDB_Dev.json with URL: https://jdmo-cdn.c0llydoll.com/private/songdb/jdmelody-nx-dev.cb7bb0bd3d730899e79a29f44def7068.json
30-04 14:19:35 +00:00: Uploading file: jdmelody-ps4-dev.json as jdmelody-ps4-dev.7842118e520cc9f669cbd3bd8f670c50.json
30-04 14:19:35 +00:00: File uploaded: jdmelody-ps4-dev.7842118e520cc9f669cbd3bd8f670c50.json
30-04 14:19:35 +00:00: Updated local JSON file: data/songdb/PS4/SongDB_Dev.json with URL: https://jdmo-cdn.c0llydoll.com/private/songdb/jdmelody-ps4-dev.7842118e520cc9f669cbd3bd8f670c50.json
30-04 14:19:35 +00:00: Uploading file: jdmelody-pc-dev.json as jdmelody-pc-dev.8e485a8b71312e6145b33cee75c1949c.json
30-04 14:19:35 +00:00: File uploaded: jdmelody-pc-dev.8e485a8b71312e6145b33cee75c1949c.json
30-04 14:19:35 +00:00: Updated local JSON file: data/songdb/PC/SongDB_Dev.json with URL: https://jdmo-cdn.c0llydoll.com/private/songdb/jdmelody-pc-dev.8e485a8b71312e6145b33cee75c1949c.json
30-04 14:19:38 +00:00: Uploading file: jdmelody-nx-all.json as jdmelody-nx-all.7e8ce7fa2b4a1f420058d67bbc1b0ea7.json
30-04 14:19:38 +00:00: File uploaded: jdmelody-nx-all.7e8ce7fa2b4a1f420058d67bbc1b0ea7.json
30-04 14:19:38 +00:00: Updated local JSON file: data/songdb/NX/SongDB.json with URL: https://jdmo-cdn.c0llydoll.com/private/songdb/jdmelody-nx-all.7e8ce7fa2b4a1f420058d67bbc1b0ea7.json
30-04 14:19:38 +00:00: Uploading file: jdmelody-ps4-all.json as jdmelody-ps4-all.bbed566a3b192a6b4d57b1a203d6fd5c.json
30-04 14:19:38 +00:00: File uploaded: jdmelody-ps4-all.bbed566a3b192a6b4d57b1a203d6fd5c.json
30-04 14:19:38 +00:00: Updated local JSON file: data/songdb/PS4/SongDB.json with URL: https://jdmo-cdn.c0llydoll.com/private/songdb/jdmelody-ps4-all.bbed566a3b192a6b4d57b1a203d6fd5c.json
30-04 14:19:38 +00:00: Uploading file: jdmelody-pc-all.json as jdmelody-pc-all.8729dc0793652a4b071a6fc515fc9e23.json
30-04 14:19:39 +00:00: File uploaded: jdmelody-pc-all.8729dc0793652a4b071a6fc515fc9e23.json
30-04 14:19:39 +00:00: Updated local JSON file: data/songdb/PC/SongDB.json with URL: https://jdmo-cdn.c0llydoll.com/private/songdb/jdmelody-pc-all.8729dc0793652a4b071a6fc515fc9e23.json
30-04 14:19:39 +00:00: Uploading file: jdmelody-nx-patreon.json as jdmelody-nx-patreon.aaad4872aa5ff3ff0cbc6b94fedf447c.json
30-04 14:19:39 +00:00: File uploaded: jdmelody-nx-patreon.aaad4872aa5ff3ff0cbc6b94fedf447c.json
30-04 14:19:39 +00:00: Updated local JSON file: data/songdb/NX/SongDB_Patreon.json with URL: https://jdmo-cdn.c0llydoll.com/private/songdb/jdmelody-nx-patreon.aaad4872aa5ff3ff0cbc6b94fedf447c.json
30-04 14:19:39 +00:00: Uploading file: jdmelody-ps4-patreon.json as jdmelody-ps4-patreon.2a5e987f18ff342d2b0d3845dea37e73.json
30-04 14:19:40 +00:00: File uploaded: jdmelody-ps4-patreon.2a5e987f18ff342d2b0d3845dea37e73.json
30-04 14:19:40 +00:00: Updated local JSON file: data/songdb/PS4/SongDB_Patreon.json with URL: https://jdmo-cdn.c0llydoll.com/private/songdb/jdmelody-ps4-patreon.2a5e987f18ff342d2b0d3845dea37e73.json
30-04 14:19:40 +00:00: Uploading file: jdmelody-pc-patreon.json as jdmelody-pc-patreon.231954655020ae52bfcc507082a21b1d.json
30-04 14:19:40 +00:00: File uploaded: jdmelody-pc-patreon.231954655020ae52bfcc507082a21b1d.json
30-04 14:19:40 +00:00: Updated local JSON file: data/songdb/PC/SongDB_Patreon.json with URL: https://jdmo-cdn.c0llydoll.com/private/songdb/jdmelody-pc-patreon.231954655020ae52bfcc507082a21b1d.json
30-04 14:19:40 +00:00: Uploading file: jdmelody-nx-dev.json as jdmelody-nx-dev.cb7bb0bd3d730899e79a29f44def7068.json
30-04 14:19:41 +00:00: File uploaded: jdmelody-nx-dev.cb7bb0bd3d730899e79a29f44def7068.json
30-04 14:19:41 +00:00: Updated local JSON file: data/songdb/NX/SongDB_Dev.json with URL: https://jdmo-cdn.c0llydoll.com/private/songdb/jdmelody-nx-dev.cb7bb0bd3d730899e79a29f44def7068.json
30-04 14:19:41 +00:00: Uploading file: jdmelody-ps4-dev.json as jdmelody-ps4-dev.7842118e520cc9f669cbd3bd8f670c50.json
30-04 14:19:41 +00:00: File uploaded: jdmelody-ps4-dev.7842118e520cc9f669cbd3bd8f670c50.json
30-04 14:19:41 +00:00: Updated local JSON file: data/songdb/PS4/SongDB_Dev.json with URL: https://jdmo-cdn.c0llydoll.com/private/songdb/jdmelody-ps4-dev.7842118e520cc9f669cbd3bd8f670c50.json
30-04 14:19:41 +00:00: Uploading file: jdmelody-pc-dev.json as jdmelody-pc-dev.8e485a8b71312e6145b33cee75c1949c.json
30-04 14:19:42 +00:00: File uploaded: jdmelody-pc-dev.8e485a8b71312e6145b33cee75c1949c.json
30-04 14:19:42 +00:00: Updated local JSON file: data/songdb/PC/SongDB_Dev.json with URL: https://jdmo-cdn.c0llydoll.com/private/songdb/jdmelody-pc-dev.8e485a8b71312e6145b33cee75c1949c.json
30-04 14:19:44 +00:00: Uploading file: jdmelody-nx-all.json as jdmelody-nx-all.362c90f139e354ca7d70c0d1b44dc702.json
30-04 14:19:44 +00:00: File uploaded: jdmelody-nx-all.362c90f139e354ca7d70c0d1b44dc702.json
30-04 14:19:44 +00:00: Updated local JSON file: data/songdb/NX/SongDB.json with URL: https://jdmo-cdn.c0llydoll.com/private/songdb/jdmelody-nx-all.362c90f139e354ca7d70c0d1b44dc702.json
30-04 14:19:44 +00:00: Uploading file: jdmelody-ps4-all.json as jdmelody-ps4-all.bc6a43e6f3bcdc6d258903fea9d1e937.json
30-04 14:19:45 +00:00: File uploaded: jdmelody-ps4-all.bc6a43e6f3bcdc6d258903fea9d1e937.json
30-04 14:19:45 +00:00: Updated local JSON file: data/songdb/PS4/SongDB.json with URL: https://jdmo-cdn.c0llydoll.com/private/songdb/jdmelody-ps4-all.bc6a43e6f3bcdc6d258903fea9d1e937.json
30-04 14:19:45 +00:00: Uploading file: jdmelody-pc-all.json as jdmelody-pc-all.33395a991aae8c4396e9984c52602174.json
30-04 14:19:45 +00:00: File uploaded: jdmelody-pc-all.33395a991aae8c4396e9984c52602174.json
30-04 14:19:45 +00:00: Updated local JSON file: data/songdb/PC/SongDB.json with URL: https://jdmo-cdn.c0llydoll.com/private/songdb/jdmelody-pc-all.33395a991aae8c4396e9984c52602174.json
30-04 14:19:46 +00:00: Uploading file: jdmelody-nx-patreon.json as jdmelody-nx-patreon.15d7d5be4d389f803e544c6a6d781438.json
30-04 14:19:46 +00:00: File uploaded: jdmelody-nx-patreon.15d7d5be4d389f803e544c6a6d781438.json
30-04 14:19:46 +00:00: Updated local JSON file: data/songdb/NX/SongDB_Patreon.json with URL: https://jdmo-cdn.c0llydoll.com/private/songdb/jdmelody-nx-patreon.15d7d5be4d389f803e544c6a6d781438.json
30-04 14:19:46 +00:00: Uploading file: jdmelody-ps4-patreon.json as jdmelody-ps4-patreon.107f455f5014c2ec736c1f276090e2ab.json
30-04 14:19:46 +00:00: File uploaded: jdmelody-ps4-patreon.107f455f5014c2ec736c1f276090e2ab.json
30-04 14:19:46 +00:00: Updated local JSON file: data/songdb/PS4/SongDB_Patreon.json with URL: https://jdmo-cdn.c0llydoll.com/private/songdb/jdmelody-ps4-patreon.107f455f5014c2ec736c1f276090e2ab.json
30-04 14:19:46 +00:00: Uploading file: jdmelody-pc-patreon.json as jdmelody-pc-patreon.5b158d888b93675b16c749c35aab1082.json
30-04 14:19:47 +00:00: File uploaded: jdmelody-pc-patreon.5b158d888b93675b16c749c35aab1082.json
30-04 14:19:47 +00:00: Updated local JSON file: data/songdb/PC/SongDB_Patreon.json with URL: https://jdmo-cdn.c0llydoll.com/private/songdb/jdmelody-pc-patreon.5b158d888b93675b16c749c35aab1082.json
30-04 14:19:47 +00:00: Uploading file: jdmelody-nx-dev.json as jdmelody-nx-dev.cc5d117397e1a91b0d8f59f825683541.json
30-04 14:19:47 +00:00: File uploaded: jdmelody-nx-dev.cc5d117397e1a91b0d8f59f825683541.json
30-04 14:19:47 +00:00: Updated local JSON file: data/songdb/NX/SongDB_Dev.json with URL: https://jdmo-cdn.c0llydoll.com/private/songdb/jdmelody-nx-dev.cc5d117397e1a91b0d8f59f825683541.json
30-04 14:19:47 +00:00: Uploading file: jdmelody-ps4-dev.json as jdmelody-ps4-dev.3331fd604073c4c67eb35bdafbe9fe06.json
30-04 14:19:48 +00:00: File uploaded: jdmelody-ps4-dev.3331fd604073c4c67eb35bdafbe9fe06.json
30-04 14:19:48 +00:00: Updated local JSON file: data/songdb/PS4/SongDB_Dev.json with URL: https://jdmo-cdn.c0llydoll.com/private/songdb/jdmelody-ps4-dev.3331fd604073c4c67eb35bdafbe9fe06.json
30-04 14:19:48 +00:00: Uploading file: jdmelody-pc-dev.json as jdmelody-pc-dev.cb12a207d83db0cc840856f4c232d03c.json
30-04 14:19:48 +00:00: File uploaded: jdmelody-pc-dev.cb12a207d83db0cc840856f4c232d03c.json
30-04 14:19:48 +00:00: Updated local JSON file: data/songdb/PC/SongDB_Dev.json with URL: https://jdmo-cdn.c0llydoll.com/private/songdb/jdmelody-pc-dev.cb12a207d83db0cc840856f4c232d03c.json
30-04 14:45:01 +00:00: Saved data to /root/JDMO/main/main/database/Maps/Jump.json
30-04 14:47:22 +00:00: Uploading file: jdmelody-nx-all.json as jdmelody-nx-all.362c90f139e354ca7d70c0d1b44dc702.json
30-04 14:47:22 +00:00: File uploaded: jdmelody-nx-all.362c90f139e354ca7d70c0d1b44dc702.json
30-04 14:47:22 +00:00: Updated local JSON file: data/songdb/NX/SongDB.json with URL: https://jdmo-cdn.c0llydoll.com/private/songdb/jdmelody-nx-all.362c90f139e354ca7d70c0d1b44dc702.json
30-04 14:47:22 +00:00: Uploading file: jdmelody-ps4-all.json as jdmelody-ps4-all.bc6a43e6f3bcdc6d258903fea9d1e937.json
30-04 14:47:23 +00:00: File uploaded: jdmelody-ps4-all.bc6a43e6f3bcdc6d258903fea9d1e937.json
30-04 14:47:23 +00:00: Updated local JSON file: data/songdb/PS4/SongDB.json with URL: https://jdmo-cdn.c0llydoll.com/private/songdb/jdmelody-ps4-all.bc6a43e6f3bcdc6d258903fea9d1e937.json
30-04 14:47:23 +00:00: Uploading file: jdmelody-pc-all.json as jdmelody-pc-all.33395a991aae8c4396e9984c52602174.json
30-04 14:47:23 +00:00: File uploaded: jdmelody-pc-all.33395a991aae8c4396e9984c52602174.json
30-04 14:47:23 +00:00: Updated local JSON file: data/songdb/PC/SongDB.json with URL: https://jdmo-cdn.c0llydoll.com/private/songdb/jdmelody-pc-all.33395a991aae8c4396e9984c52602174.json
30-04 14:47:23 +00:00: Uploading file: jdmelody-nx-patreon.json as jdmelody-nx-patreon.15d7d5be4d389f803e544c6a6d781438.json
30-04 14:47:24 +00:00: File uploaded: jdmelody-nx-patreon.15d7d5be4d389f803e544c6a6d781438.json
30-04 14:47:24 +00:00: Updated local JSON file: data/songdb/NX/SongDB_Patreon.json with URL: https://jdmo-cdn.c0llydoll.com/private/songdb/jdmelody-nx-patreon.15d7d5be4d389f803e544c6a6d781438.json
30-04 14:47:24 +00:00: Uploading file: jdmelody-ps4-patreon.json as jdmelody-ps4-patreon.107f455f5014c2ec736c1f276090e2ab.json
30-04 14:47:24 +00:00: File uploaded: jdmelody-ps4-patreon.107f455f5014c2ec736c1f276090e2ab.json
30-04 14:47:24 +00:00: Updated local JSON file: data/songdb/PS4/SongDB_Patreon.json with URL: https://jdmo-cdn.c0llydoll.com/private/songdb/jdmelody-ps4-patreon.107f455f5014c2ec736c1f276090e2ab.json
30-04 14:47:24 +00:00: Uploading file: jdmelody-pc-patreon.json as jdmelody-pc-patreon.5b158d888b93675b16c749c35aab1082.json
30-04 14:47:25 +00:00: File uploaded: jdmelody-pc-patreon.5b158d888b93675b16c749c35aab1082.json
30-04 14:47:25 +00:00: Updated local JSON file: data/songdb/PC/SongDB_Patreon.json with URL: https://jdmo-cdn.c0llydoll.com/private/songdb/jdmelody-pc-patreon.5b158d888b93675b16c749c35aab1082.json
30-04 14:47:25 +00:00: Uploading file: jdmelody-nx-dev.json as jdmelody-nx-dev.cc5d117397e1a91b0d8f59f825683541.json
30-04 14:47:25 +00:00: File uploaded: jdmelody-nx-dev.cc5d117397e1a91b0d8f59f825683541.json
30-04 14:47:25 +00:00: Updated local JSON file: data/songdb/NX/SongDB_Dev.json with URL: https://jdmo-cdn.c0llydoll.com/private/songdb/jdmelody-nx-dev.cc5d117397e1a91b0d8f59f825683541.json
30-04 14:47:25 +00:00: Uploading file: jdmelody-ps4-dev.json as jdmelody-ps4-dev.3331fd604073c4c67eb35bdafbe9fe06.json
30-04 14:47:25 +00:00: File uploaded: jdmelody-ps4-dev.3331fd604073c4c67eb35bdafbe9fe06.json
30-04 14:47:25 +00:00: Updated local JSON file: data/songdb/PS4/SongDB_Dev.json with URL: https://jdmo-cdn.c0llydoll.com/private/songdb/jdmelody-ps4-dev.3331fd604073c4c67eb35bdafbe9fe06.json
30-04 14:47:25 +00:00: Uploading file: jdmelody-pc-dev.json as jdmelody-pc-dev.cb12a207d83db0cc840856f4c232d03c.json
30-04 14:47:25 +00:00: File uploaded: jdmelody-pc-dev.cb12a207d83db0cc840856f4c232d03c.json
30-04 14:47:25 +00:00: Updated local JSON file: data/songdb/PC/SongDB_Dev.json with URL: https://jdmo-cdn.c0llydoll.com/private/songdb/jdmelody-pc-dev.cb12a207d83db0cc840856f4c232d03c.json
30-04 17:06:40 +00:00: /root/JDMO/main/main/database/Maps
30-04 17:06:40 +00:00: JDM API Server running at https://2.56.246.74:443/
30-04 17:06:40 +00:00: JWT Module Redis client connected
30-04 17:06:56 +00:00: /root/JDMO/main/main/database/Maps
30-04 17:06:56 +00:00: JDM API Server running at https://2.56.246.74:443/
30-04 17:06:56 +00:00: JWT Module Redis client connected
30-04 17:12:05 +00:00: /root/JDMO/main/main/database/Maps
30-04 17:12:05 +00:00: JDM API Server running at https://2.56.246.74:443/
30-04 17:12:05 +00:00: JWT Module Redis client connected
30-04 17:15:36 +00:00: /root/JDMO/main/main/database/Maps
30-04 17:15:36 +00:00: JDM API Server running at https://2.56.246.74:443/
30-04 17:15:36 +00:00: JWT Module Redis client connected
30-04 17:19:21 +00:00: /root/JDMO/main/main/database/Maps
30-04 17:19:21 +00:00: JDM API Server running at https://2.56.246.74:443/
30-04 17:19:21 +00:00: JWT Module Redis client connected
30-04 17:43:51 +00:00: /root/JDMO/main/main/database/Maps
30-04 17:43:51 +00:00: JDM API Server running at https://2.56.246.74:443/
30-04 17:43:51 +00:00: JWT Module Redis client connected
30-04 17:46:41 +00:00: /root/JDMO/main/main/database/Maps
30-04 17:46:41 +00:00: JDM API Server running at https://2.56.246.74:443/
30-04 17:46:41 +00:00: JWT Module Redis client connected
30-04 17:50:11 +00:00: /root/JDMO/main/main/database/Maps
30-04 17:50:11 +00:00: JDM API Server running at https://2.56.246.74:443/
30-04 17:50:11 +00:00: JWT Module Redis client connected
30-04 17:55:58 +00:00: /root/JDMO/main/main/database/Maps
30-04 17:55:58 +00:00: JDM API Server running at https://2.56.246.74:443/
30-04 17:55:58 +00:00: JWT Module Redis client connected
30-04 18:25:47 +00:00: /root/JDMO/main/main/database/Maps
30-04 18:25:47 +00:00: JDM API Server running at https://2.56.246.74:443/
30-04 18:25:47 +00:00: JWT Module Redis client connected
30-04 18:29:01 +00:00: /root/JDMO/main/main/database/Maps
30-04 18:29:01 +00:00: JDM API Server running at https://2.56.246.74:443/
30-04 18:29:01 +00:00: JWT Module Redis client connected
30-04 18:51:20 +00:00: /root/JDMO/main/main/database/Maps
30-04 18:51:20 +00:00: JDM API Server running at https://2.56.246.74:443/
30-04 18:51:20 +00:00: JWT Module Redis client connected
30-04 18:51:33 +00:00: /root/JDMO/main/main/database/Maps
30-04 18:51:33 +00:00: JDM API Server running at https://2.56.246.74:443/
30-04 18:51:33 +00:00: JWT Module Redis client connected
30-04 18:51:49 +00:00: /root/JDMO/main/main/database/Maps
30-04 18:51:49 +00:00: JDM API Server running at https://2.56.246.74:443/
30-04 18:51:49 +00:00: JWT Module Redis client connected
30-04 18:52:23 +00:00: /root/JDMO/main/main/database/Maps
30-04 18:52:23 +00:00: JDM API Server running at https://2.56.246.74:443/
30-04 18:52:23 +00:00: JWT Module Redis client connected
30-04 18:53:07 +00:00: /root/JDMO/main/main/database/Maps
30-04 18:53:07 +00:00: JDM API Server running at https://2.56.246.74:443/
30-04 18:53:07 +00:00: JWT Module Redis client connected
30-04 19:09:44 +00:00: /root/JDMO/main/main/database/Maps
30-04 19:09:44 +00:00: JDM API Server running at https://2.56.246.74:443/
30-04 19:09:44 +00:00: JWT Module Redis client connected
30-04 19:12:34 +00:00: /root/JDMO/main/main/database/Maps
30-04 19:12:34 +00:00: JDM API Server running at https://2.56.246.74:443/
30-04 19:12:34 +00:00: JWT Module Redis client connected
