26-04 15:33:24 +00:00: /root/JDMO/main/main/database/Maps
26-04 15:33:24 +00:00: JDM API Server running at https://2.56.246.74:443/
26-04 15:33:24 +00:00: JWT Module Redis client connected
26-04 15:33:42 +00:00: Uploading file: jdmelody-nx-all.json as jdmelody-nx-all.2616eab3f2b9b96aaa1f4c1de4cd39db.json
26-04 15:33:43 +00:00: File uploaded: jdmelody-nx-all.2616eab3f2b9b96aaa1f4c1de4cd39db.json
26-04 15:33:43 +00:00: Updated local JSON file: data/songdb/NX/SongDB.json with URL: https://jdmo-cdn.c0llydoll.com/private/songdb/jdmelody-nx-all.2616eab3f2b9b96aaa1f4c1de4cd39db.json
26-04 15:33:43 +00:00: Uploading file: jdmelody-ps4-all.json as jdmelody-ps4-all.9cf34bf774fba6a3990c7b7eabdf4a83.json
26-04 15:33:43 +00:00: File uploaded: jdmelody-ps4-all.9cf34bf774fba6a3990c7b7eabdf4a83.json
26-04 15:33:43 +00:00: Updated local JSON file: data/songdb/PS4/SongDB.json with URL: https://jdmo-cdn.c0llydoll.com/private/songdb/jdmelody-ps4-all.9cf34bf774fba6a3990c7b7eabdf4a83.json
26-04 15:33:43 +00:00: Uploading file: jdmelody-pc-all.json as jdmelody-pc-all.88f250530cdde1f93a4bbac516d10d85.json
26-04 15:33:44 +00:00: File uploaded: jdmelody-pc-all.88f250530cdde1f93a4bbac516d10d85.json
26-04 15:33:44 +00:00: Updated local JSON file: data/songdb/PC/SongDB.json with URL: https://jdmo-cdn.c0llydoll.com/private/songdb/jdmelody-pc-all.88f250530cdde1f93a4bbac516d10d85.json
26-04 15:33:44 +00:00: Uploading file: jdmelody-nx-patreon.json as jdmelody-nx-patreon.af18f95324a8ac0daba98bb0a73f2429.json
26-04 15:33:44 +00:00: File uploaded: jdmelody-nx-patreon.af18f95324a8ac0daba98bb0a73f2429.json
26-04 15:33:44 +00:00: Updated local JSON file: data/songdb/NX/SongDB_Patreon.json with URL: https://jdmo-cdn.c0llydoll.com/private/songdb/jdmelody-nx-patreon.af18f95324a8ac0daba98bb0a73f2429.json
26-04 15:33:44 +00:00: Uploading file: jdmelody-ps4-patreon.json as jdmelody-ps4-patreon.ac3c168f9300262aaa55ec54353dd53b.json
26-04 15:33:45 +00:00: File uploaded: jdmelody-ps4-patreon.ac3c168f9300262aaa55ec54353dd53b.json
26-04 15:33:45 +00:00: Updated local JSON file: data/songdb/PS4/SongDB_Patreon.json with URL: https://jdmo-cdn.c0llydoll.com/private/songdb/jdmelody-ps4-patreon.ac3c168f9300262aaa55ec54353dd53b.json
26-04 15:33:45 +00:00: Uploading file: jdmelody-pc-patreon.json as jdmelody-pc-patreon.6248d820bd56bb593c8b9f604790ece5.json
26-04 15:33:46 +00:00: File uploaded: jdmelody-pc-patreon.6248d820bd56bb593c8b9f604790ece5.json
26-04 15:33:46 +00:00: Updated local JSON file: data/songdb/PC/SongDB_Patreon.json with URL: https://jdmo-cdn.c0llydoll.com/private/songdb/jdmelody-pc-patreon.6248d820bd56bb593c8b9f604790ece5.json
26-04 15:33:46 +00:00: Uploading file: jdmelody-nx-dev.json as jdmelody-nx-dev.02e434217ce6968568cd2df56aeaec39.json
26-04 15:33:46 +00:00: File uploaded: jdmelody-nx-dev.02e434217ce6968568cd2df56aeaec39.json
26-04 15:33:46 +00:00: Updated local JSON file: data/songdb/NX/SongDB_Dev.json with URL: https://jdmo-cdn.c0llydoll.com/private/songdb/jdmelody-nx-dev.02e434217ce6968568cd2df56aeaec39.json
26-04 15:33:46 +00:00: Uploading file: jdmelody-ps4-dev.json as jdmelody-ps4-dev.dc210e920f48b63dedc901c224dd5b9f.json
26-04 15:33:46 +00:00: File uploaded: jdmelody-ps4-dev.dc210e920f48b63dedc901c224dd5b9f.json
26-04 15:33:46 +00:00: Updated local JSON file: data/songdb/PS4/SongDB_Dev.json with URL: https://jdmo-cdn.c0llydoll.com/private/songdb/jdmelody-ps4-dev.dc210e920f48b63dedc901c224dd5b9f.json
26-04 15:33:46 +00:00: Uploading file: jdmelody-pc-dev.json as jdmelody-pc-dev.536377f92c9de484386fe7e44c349e45.json
26-04 15:33:47 +00:00: File uploaded: jdmelody-pc-dev.536377f92c9de484386fe7e44c349e45.json
26-04 15:33:47 +00:00: Updated local JSON file: data/songdb/PC/SongDB_Dev.json with URL: https://jdmo-cdn.c0llydoll.com/private/songdb/jdmelody-pc-dev.536377f92c9de484386fe7e44c349e45.json
26-04 15:42:29 +00:00: Uploading file: jdmelody-nx-all.json as jdmelody-nx-all.2616eab3f2b9b96aaa1f4c1de4cd39db.json
26-04 15:42:30 +00:00: File uploaded: jdmelody-nx-all.2616eab3f2b9b96aaa1f4c1de4cd39db.json
26-04 15:42:30 +00:00: Updated local JSON file: data/songdb/NX/SongDB.json with URL: https://jdmo-cdn.c0llydoll.com/private/songdb/jdmelody-nx-all.2616eab3f2b9b96aaa1f4c1de4cd39db.json
26-04 15:42:30 +00:00: Uploading file: jdmelody-ps4-all.json as jdmelody-ps4-all.9cf34bf774fba6a3990c7b7eabdf4a83.json
26-04 15:42:30 +00:00: File uploaded: jdmelody-ps4-all.9cf34bf774fba6a3990c7b7eabdf4a83.json
26-04 15:42:30 +00:00: Updated local JSON file: data/songdb/PS4/SongDB.json with URL: https://jdmo-cdn.c0llydoll.com/private/songdb/jdmelody-ps4-all.9cf34bf774fba6a3990c7b7eabdf4a83.json
26-04 15:42:30 +00:00: Uploading file: jdmelody-pc-all.json as jdmelody-pc-all.88f250530cdde1f93a4bbac516d10d85.json
26-04 15:42:30 +00:00: File uploaded: jdmelody-pc-all.88f250530cdde1f93a4bbac516d10d85.json
26-04 15:42:30 +00:00: Updated local JSON file: data/songdb/PC/SongDB.json with URL: https://jdmo-cdn.c0llydoll.com/private/songdb/jdmelody-pc-all.88f250530cdde1f93a4bbac516d10d85.json
26-04 15:42:30 +00:00: Uploading file: jdmelody-nx-patreon.json as jdmelody-nx-patreon.af18f95324a8ac0daba98bb0a73f2429.json
26-04 15:42:30 +00:00: File uploaded: jdmelody-nx-patreon.af18f95324a8ac0daba98bb0a73f2429.json
26-04 15:42:30 +00:00: Updated local JSON file: data/songdb/NX/SongDB_Patreon.json with URL: https://jdmo-cdn.c0llydoll.com/private/songdb/jdmelody-nx-patreon.af18f95324a8ac0daba98bb0a73f2429.json
26-04 15:42:30 +00:00: Uploading file: jdmelody-ps4-patreon.json as jdmelody-ps4-patreon.ac3c168f9300262aaa55ec54353dd53b.json
26-04 15:42:31 +00:00: File uploaded: jdmelody-ps4-patreon.ac3c168f9300262aaa55ec54353dd53b.json
26-04 15:42:31 +00:00: Updated local JSON file: data/songdb/PS4/SongDB_Patreon.json with URL: https://jdmo-cdn.c0llydoll.com/private/songdb/jdmelody-ps4-patreon.ac3c168f9300262aaa55ec54353dd53b.json
26-04 15:42:31 +00:00: Uploading file: jdmelody-pc-patreon.json as jdmelody-pc-patreon.6248d820bd56bb593c8b9f604790ece5.json
26-04 15:42:31 +00:00: File uploaded: jdmelody-pc-patreon.6248d820bd56bb593c8b9f604790ece5.json
26-04 15:42:31 +00:00: Updated local JSON file: data/songdb/PC/SongDB_Patreon.json with URL: https://jdmo-cdn.c0llydoll.com/private/songdb/jdmelody-pc-patreon.6248d820bd56bb593c8b9f604790ece5.json
26-04 15:42:31 +00:00: Uploading file: jdmelody-nx-dev.json as jdmelody-nx-dev.02e434217ce6968568cd2df56aeaec39.json
26-04 15:42:31 +00:00: File uploaded: jdmelody-nx-dev.02e434217ce6968568cd2df56aeaec39.json
26-04 15:42:31 +00:00: Updated local JSON file: data/songdb/NX/SongDB_Dev.json with URL: https://jdmo-cdn.c0llydoll.com/private/songdb/jdmelody-nx-dev.02e434217ce6968568cd2df56aeaec39.json
26-04 15:42:32 +00:00: Uploading file: jdmelody-ps4-dev.json as jdmelody-ps4-dev.dc210e920f48b63dedc901c224dd5b9f.json
26-04 15:42:32 +00:00: File uploaded: jdmelody-ps4-dev.dc210e920f48b63dedc901c224dd5b9f.json
26-04 15:42:32 +00:00: Updated local JSON file: data/songdb/PS4/SongDB_Dev.json with URL: https://jdmo-cdn.c0llydoll.com/private/songdb/jdmelody-ps4-dev.dc210e920f48b63dedc901c224dd5b9f.json
26-04 15:42:32 +00:00: Uploading file: jdmelody-pc-dev.json as jdmelody-pc-dev.536377f92c9de484386fe7e44c349e45.json
26-04 15:42:33 +00:00: File uploaded: jdmelody-pc-dev.536377f92c9de484386fe7e44c349e45.json
26-04 15:42:33 +00:00: Updated local JSON file: data/songdb/PC/SongDB_Dev.json with URL: https://jdmo-cdn.c0llydoll.com/private/songdb/jdmelody-pc-dev.536377f92c9de484386fe7e44c349e45.json
26-04 15:44:32 +00:00: Uploading file: jdmelody-nx-all.json as jdmelody-nx-all.2616eab3f2b9b96aaa1f4c1de4cd39db.json
26-04 15:44:33 +00:00: File uploaded: jdmelody-nx-all.2616eab3f2b9b96aaa1f4c1de4cd39db.json
26-04 15:44:33 +00:00: Updated local JSON file: data/songdb/NX/SongDB.json with URL: https://jdmo-cdn.c0llydoll.com/private/songdb/jdmelody-nx-all.2616eab3f2b9b96aaa1f4c1de4cd39db.json
26-04 15:44:33 +00:00: Uploading file: jdmelody-ps4-all.json as jdmelody-ps4-all.9cf34bf774fba6a3990c7b7eabdf4a83.json
26-04 15:44:33 +00:00: File uploaded: jdmelody-ps4-all.9cf34bf774fba6a3990c7b7eabdf4a83.json
26-04 15:44:33 +00:00: Updated local JSON file: data/songdb/PS4/SongDB.json with URL: https://jdmo-cdn.c0llydoll.com/private/songdb/jdmelody-ps4-all.9cf34bf774fba6a3990c7b7eabdf4a83.json
26-04 15:44:33 +00:00: Uploading file: jdmelody-pc-all.json as jdmelody-pc-all.88f250530cdde1f93a4bbac516d10d85.json
26-04 15:44:34 +00:00: File uploaded: jdmelody-pc-all.88f250530cdde1f93a4bbac516d10d85.json
26-04 15:44:34 +00:00: Updated local JSON file: data/songdb/PC/SongDB.json with URL: https://jdmo-cdn.c0llydoll.com/private/songdb/jdmelody-pc-all.88f250530cdde1f93a4bbac516d10d85.json
26-04 15:44:34 +00:00: Uploading file: jdmelody-nx-patreon.json as jdmelody-nx-patreon.af18f95324a8ac0daba98bb0a73f2429.json
26-04 15:44:34 +00:00: File uploaded: jdmelody-nx-patreon.af18f95324a8ac0daba98bb0a73f2429.json
26-04 15:44:34 +00:00: Updated local JSON file: data/songdb/NX/SongDB_Patreon.json with URL: https://jdmo-cdn.c0llydoll.com/private/songdb/jdmelody-nx-patreon.af18f95324a8ac0daba98bb0a73f2429.json
26-04 15:44:34 +00:00: Uploading file: jdmelody-ps4-patreon.json as jdmelody-ps4-patreon.ac3c168f9300262aaa55ec54353dd53b.json
26-04 15:44:34 +00:00: File uploaded: jdmelody-ps4-patreon.ac3c168f9300262aaa55ec54353dd53b.json
26-04 15:44:34 +00:00: Updated local JSON file: data/songdb/PS4/SongDB_Patreon.json with URL: https://jdmo-cdn.c0llydoll.com/private/songdb/jdmelody-ps4-patreon.ac3c168f9300262aaa55ec54353dd53b.json
26-04 15:44:34 +00:00: Uploading file: jdmelody-pc-patreon.json as jdmelody-pc-patreon.6248d820bd56bb593c8b9f604790ece5.json
26-04 15:44:35 +00:00: File uploaded: jdmelody-pc-patreon.6248d820bd56bb593c8b9f604790ece5.json
26-04 15:44:35 +00:00: Updated local JSON file: data/songdb/PC/SongDB_Patreon.json with URL: https://jdmo-cdn.c0llydoll.com/private/songdb/jdmelody-pc-patreon.6248d820bd56bb593c8b9f604790ece5.json
26-04 15:44:35 +00:00: Uploading file: jdmelody-nx-dev.json as jdmelody-nx-dev.02e434217ce6968568cd2df56aeaec39.json
26-04 15:44:35 +00:00: File uploaded: jdmelody-nx-dev.02e434217ce6968568cd2df56aeaec39.json
26-04 15:44:35 +00:00: Updated local JSON file: data/songdb/NX/SongDB_Dev.json with URL: https://jdmo-cdn.c0llydoll.com/private/songdb/jdmelody-nx-dev.02e434217ce6968568cd2df56aeaec39.json
26-04 15:44:35 +00:00: Uploading file: jdmelody-ps4-dev.json as jdmelody-ps4-dev.dc210e920f48b63dedc901c224dd5b9f.json
26-04 15:44:35 +00:00: File uploaded: jdmelody-ps4-dev.dc210e920f48b63dedc901c224dd5b9f.json
26-04 15:44:35 +00:00: Updated local JSON file: data/songdb/PS4/SongDB_Dev.json with URL: https://jdmo-cdn.c0llydoll.com/private/songdb/jdmelody-ps4-dev.dc210e920f48b63dedc901c224dd5b9f.json
26-04 15:44:35 +00:00: Uploading file: jdmelody-pc-dev.json as jdmelody-pc-dev.536377f92c9de484386fe7e44c349e45.json
26-04 15:44:36 +00:00: File uploaded: jdmelody-pc-dev.536377f92c9de484386fe7e44c349e45.json
26-04 15:44:36 +00:00: Updated local JSON file: data/songdb/PC/SongDB_Dev.json with URL: https://jdmo-cdn.c0llydoll.com/private/songdb/jdmelody-pc-dev.536377f92c9de484386fe7e44c349e45.json
26-04 15:51:04 +00:00: Saved data to /root/JDMO/main/main/database/Maps/Gnarly.json
26-04 15:55:32 +00:00: Saved data to /root/JDMO/main/main/database/Maps/Gnarly.json
26-04 15:55:55 +00:00: Saved data to /root/JDMO/main/main/database/Maps/Gnarly.json
26-04 15:56:02 +00:00: Uploading file: jdmelody-nx-all.json as jdmelody-nx-all.2616eab3f2b9b96aaa1f4c1de4cd39db.json
26-04 15:56:02 +00:00: File uploaded: jdmelody-nx-all.2616eab3f2b9b96aaa1f4c1de4cd39db.json
26-04 15:56:02 +00:00: Updated local JSON file: data/songdb/NX/SongDB.json with URL: https://jdmo-cdn.c0llydoll.com/private/songdb/jdmelody-nx-all.2616eab3f2b9b96aaa1f4c1de4cd39db.json
26-04 15:56:02 +00:00: Uploading file: jdmelody-ps4-all.json as jdmelody-ps4-all.9cf34bf774fba6a3990c7b7eabdf4a83.json
26-04 15:56:03 +00:00: File uploaded: jdmelody-ps4-all.9cf34bf774fba6a3990c7b7eabdf4a83.json
26-04 15:56:03 +00:00: Updated local JSON file: data/songdb/PS4/SongDB.json with URL: https://jdmo-cdn.c0llydoll.com/private/songdb/jdmelody-ps4-all.9cf34bf774fba6a3990c7b7eabdf4a83.json
26-04 15:56:03 +00:00: Uploading file: jdmelody-pc-all.json as jdmelody-pc-all.88f250530cdde1f93a4bbac516d10d85.json
26-04 15:56:04 +00:00: File uploaded: jdmelody-pc-all.88f250530cdde1f93a4bbac516d10d85.json
26-04 15:56:04 +00:00: Updated local JSON file: data/songdb/PC/SongDB.json with URL: https://jdmo-cdn.c0llydoll.com/private/songdb/jdmelody-pc-all.88f250530cdde1f93a4bbac516d10d85.json
26-04 15:56:04 +00:00: Uploading file: jdmelody-nx-patreon.json as jdmelody-nx-patreon.af18f95324a8ac0daba98bb0a73f2429.json
26-04 15:56:05 +00:00: File uploaded: jdmelody-nx-patreon.af18f95324a8ac0daba98bb0a73f2429.json
26-04 15:56:05 +00:00: Updated local JSON file: data/songdb/NX/SongDB_Patreon.json with URL: https://jdmo-cdn.c0llydoll.com/private/songdb/jdmelody-nx-patreon.af18f95324a8ac0daba98bb0a73f2429.json
26-04 15:56:05 +00:00: Uploading file: jdmelody-ps4-patreon.json as jdmelody-ps4-patreon.ac3c168f9300262aaa55ec54353dd53b.json
26-04 15:56:05 +00:00: File uploaded: jdmelody-ps4-patreon.ac3c168f9300262aaa55ec54353dd53b.json
26-04 15:56:05 +00:00: Updated local JSON file: data/songdb/PS4/SongDB_Patreon.json with URL: https://jdmo-cdn.c0llydoll.com/private/songdb/jdmelody-ps4-patreon.ac3c168f9300262aaa55ec54353dd53b.json
26-04 15:56:05 +00:00: Uploading file: jdmelody-pc-patreon.json as jdmelody-pc-patreon.6248d820bd56bb593c8b9f604790ece5.json
26-04 15:56:05 +00:00: File uploaded: jdmelody-pc-patreon.6248d820bd56bb593c8b9f604790ece5.json
26-04 15:56:05 +00:00: Updated local JSON file: data/songdb/PC/SongDB_Patreon.json with URL: https://jdmo-cdn.c0llydoll.com/private/songdb/jdmelody-pc-patreon.6248d820bd56bb593c8b9f604790ece5.json
26-04 15:56:05 +00:00: Uploading file: jdmelody-nx-dev.json as jdmelody-nx-dev.505648c40f0086b496fe1b7a5083c8bc.json
26-04 15:56:06 +00:00: File uploaded: jdmelody-nx-dev.505648c40f0086b496fe1b7a5083c8bc.json
26-04 15:56:06 +00:00: Updated local JSON file: data/songdb/NX/SongDB_Dev.json with URL: https://jdmo-cdn.c0llydoll.com/private/songdb/jdmelody-nx-dev.505648c40f0086b496fe1b7a5083c8bc.json
26-04 15:56:06 +00:00: Uploading file: jdmelody-ps4-dev.json as jdmelody-ps4-dev.c6d14d0965b41dbe7892c1a9ff44b019.json
26-04 15:56:06 +00:00: File uploaded: jdmelody-ps4-dev.c6d14d0965b41dbe7892c1a9ff44b019.json
26-04 15:56:06 +00:00: Updated local JSON file: data/songdb/PS4/SongDB_Dev.json with URL: https://jdmo-cdn.c0llydoll.com/private/songdb/jdmelody-ps4-dev.c6d14d0965b41dbe7892c1a9ff44b019.json
26-04 15:56:06 +00:00: Uploading file: jdmelody-pc-dev.json as jdmelody-pc-dev.0007b7c98596e4c516734f4445c39e21.json
26-04 15:56:09 +00:00: File uploaded: jdmelody-pc-dev.0007b7c98596e4c516734f4445c39e21.json
26-04 15:56:09 +00:00: Updated local JSON file: data/songdb/PC/SongDB_Dev.json with URL: https://jdmo-cdn.c0llydoll.com/private/songdb/jdmelody-pc-dev.0007b7c98596e4c516734f4445c39e21.json
26-04 16:04:49 +00:00: Saved data to /root/JDMO/main/main/database/Maps/Gnarly.json
26-04 16:05:58 +00:00: Saved data to /root/JDMO/main/main/database/Maps/Gnarly.json
26-04 16:06:38 +00:00: Saved data to /root/JDMO/main/main/database/Maps/Gnarly.json
26-04 16:11:28 +00:00: Saved data to /root/JDMO/main/main/database/Maps/Gnarly.json
26-04 16:13:16 +00:00: Saved data to /root/JDMO/main/main/database/Maps/Gnarly.json
26-04 16:13:57 +00:00: Saved data to /root/JDMO/main/main/database/Maps/Gnarly.json
26-04 18:32:55 +00:00: Uploading file: jdmelody-nx-all.json as jdmelody-nx-all.2616eab3f2b9b96aaa1f4c1de4cd39db.json
26-04 18:32:55 +00:00: File uploaded: jdmelody-nx-all.2616eab3f2b9b96aaa1f4c1de4cd39db.json
26-04 18:32:55 +00:00: Updated local JSON file: data/songdb/NX/SongDB.json with URL: https://jdmo-cdn.c0llydoll.com/private/songdb/jdmelody-nx-all.2616eab3f2b9b96aaa1f4c1de4cd39db.json
26-04 18:32:55 +00:00: Uploading file: jdmelody-ps4-all.json as jdmelody-ps4-all.9cf34bf774fba6a3990c7b7eabdf4a83.json
26-04 18:32:55 +00:00: File uploaded: jdmelody-ps4-all.9cf34bf774fba6a3990c7b7eabdf4a83.json
26-04 18:32:55 +00:00: Updated local JSON file: data/songdb/PS4/SongDB.json with URL: https://jdmo-cdn.c0llydoll.com/private/songdb/jdmelody-ps4-all.9cf34bf774fba6a3990c7b7eabdf4a83.json
26-04 18:32:55 +00:00: Uploading file: jdmelody-pc-all.json as jdmelody-pc-all.88f250530cdde1f93a4bbac516d10d85.json
26-04 18:32:55 +00:00: File uploaded: jdmelody-pc-all.88f250530cdde1f93a4bbac516d10d85.json
26-04 18:32:55 +00:00: Updated local JSON file: data/songdb/PC/SongDB.json with URL: https://jdmo-cdn.c0llydoll.com/private/songdb/jdmelody-pc-all.88f250530cdde1f93a4bbac516d10d85.json
26-04 18:32:55 +00:00: Uploading file: jdmelody-nx-patreon.json as jdmelody-nx-patreon.48811c93920eaab8e8851a069b1afd78.json
26-04 18:32:56 +00:00: File uploaded: jdmelody-nx-patreon.48811c93920eaab8e8851a069b1afd78.json
26-04 18:32:56 +00:00: Updated local JSON file: data/songdb/NX/SongDB_Patreon.json with URL: https://jdmo-cdn.c0llydoll.com/private/songdb/jdmelody-nx-patreon.48811c93920eaab8e8851a069b1afd78.json
26-04 18:32:56 +00:00: Uploading file: jdmelody-ps4-patreon.json as jdmelody-ps4-patreon.c994201c2fad20da2b4bec5a89cc616a.json
26-04 18:32:56 +00:00: File uploaded: jdmelody-ps4-patreon.c994201c2fad20da2b4bec5a89cc616a.json
26-04 18:32:56 +00:00: Updated local JSON file: data/songdb/PS4/SongDB_Patreon.json with URL: https://jdmo-cdn.c0llydoll.com/private/songdb/jdmelody-ps4-patreon.c994201c2fad20da2b4bec5a89cc616a.json
26-04 18:32:56 +00:00: Uploading file: jdmelody-pc-patreon.json as jdmelody-pc-patreon.e0162ec8bfd75da504106ee7ad5a87f8.json
26-04 18:32:56 +00:00: File uploaded: jdmelody-pc-patreon.e0162ec8bfd75da504106ee7ad5a87f8.json
26-04 18:32:56 +00:00: Updated local JSON file: data/songdb/PC/SongDB_Patreon.json with URL: https://jdmo-cdn.c0llydoll.com/private/songdb/jdmelody-pc-patreon.e0162ec8bfd75da504106ee7ad5a87f8.json
26-04 18:32:56 +00:00: Uploading file: jdmelody-nx-dev.json as jdmelody-nx-dev.c789c64d996cdec7656bf1f48377633c.json
26-04 18:32:57 +00:00: File uploaded: jdmelody-nx-dev.c789c64d996cdec7656bf1f48377633c.json
26-04 18:32:57 +00:00: Updated local JSON file: data/songdb/NX/SongDB_Dev.json with URL: https://jdmo-cdn.c0llydoll.com/private/songdb/jdmelody-nx-dev.c789c64d996cdec7656bf1f48377633c.json
26-04 18:32:57 +00:00: Uploading file: jdmelody-ps4-dev.json as jdmelody-ps4-dev.a7b2d6ef1fd293d27db527e08f99bf6f.json
26-04 18:32:58 +00:00: File uploaded: jdmelody-ps4-dev.a7b2d6ef1fd293d27db527e08f99bf6f.json
26-04 18:32:58 +00:00: Updated local JSON file: data/songdb/PS4/SongDB_Dev.json with URL: https://jdmo-cdn.c0llydoll.com/private/songdb/jdmelody-ps4-dev.a7b2d6ef1fd293d27db527e08f99bf6f.json
26-04 18:32:58 +00:00: Uploading file: jdmelody-pc-dev.json as jdmelody-pc-dev.73a8c2a9e8b5aabea60a0d720ca9507b.json
26-04 18:32:59 +00:00: File uploaded: jdmelody-pc-dev.73a8c2a9e8b5aabea60a0d720ca9507b.json
26-04 18:32:59 +00:00: Updated local JSON file: data/songdb/PC/SongDB_Dev.json with URL: https://jdmo-cdn.c0llydoll.com/private/songdb/jdmelody-pc-dev.73a8c2a9e8b5aabea60a0d720ca9507b.json
27-04 04:51:26 +00:00: Saved data to /root/JDMO/main/main/database/Maps/MJWannaBeRETAKE.json
27-04 04:58:45 +00:00: Saved data to /root/JDMO/main/main/database/Maps/MJWannaBeRETAKE.json
27-04 04:59:29 +00:00: Saved data to /root/JDMO/main/main/database/Maps/MJWannaBeRETAKE.json
27-04 04:59:55 +00:00: Saved data to /root/JDMO/main/main/database/Maps/MJWannaBeRETAKE.json
27-04 05:00:21 +00:00: Saved data to /root/JDMO/main/main/database/Maps/MJWannaBeRETAKE.json
27-04 05:13:13 +00:00: Saved data to /root/JDMO/main/main/database/Maps/MJSpeedDemon.json
27-04 05:15:21 +00:00: Saved data to /root/JDMO/main/main/database/Maps/MJSpeedDemon.json
27-04 05:15:47 +00:00: Saved data to /root/JDMO/main/main/database/Maps/MJSpeedDemon.json
27-04 05:16:21 +00:00: Uploading file: jdmelody-nx-all.json as jdmelody-nx-all.2616eab3f2b9b96aaa1f4c1de4cd39db.json
27-04 05:16:21 +00:00: File uploaded: jdmelody-nx-all.2616eab3f2b9b96aaa1f4c1de4cd39db.json
27-04 05:16:21 +00:00: Updated local JSON file: data/songdb/NX/SongDB.json with URL: https://jdmo-cdn.c0llydoll.com/private/songdb/jdmelody-nx-all.2616eab3f2b9b96aaa1f4c1de4cd39db.json
27-04 05:16:22 +00:00: Uploading file: jdmelody-ps4-all.json as jdmelody-ps4-all.9cf34bf774fba6a3990c7b7eabdf4a83.json
27-04 05:16:22 +00:00: File uploaded: jdmelody-ps4-all.9cf34bf774fba6a3990c7b7eabdf4a83.json
27-04 05:16:22 +00:00: Updated local JSON file: data/songdb/PS4/SongDB.json with URL: https://jdmo-cdn.c0llydoll.com/private/songdb/jdmelody-ps4-all.9cf34bf774fba6a3990c7b7eabdf4a83.json
27-04 05:16:22 +00:00: Uploading file: jdmelody-pc-all.json as jdmelody-pc-all.88f250530cdde1f93a4bbac516d10d85.json
27-04 05:16:25 +00:00: File uploaded: jdmelody-pc-all.88f250530cdde1f93a4bbac516d10d85.json
27-04 05:16:25 +00:00: Updated local JSON file: data/songdb/PC/SongDB.json with URL: https://jdmo-cdn.c0llydoll.com/private/songdb/jdmelody-pc-all.88f250530cdde1f93a4bbac516d10d85.json
27-04 05:16:25 +00:00: Uploading file: jdmelody-nx-patreon.json as jdmelody-nx-patreon.48811c93920eaab8e8851a069b1afd78.json
27-04 05:16:26 +00:00: File uploaded: jdmelody-nx-patreon.48811c93920eaab8e8851a069b1afd78.json
27-04 05:16:26 +00:00: Updated local JSON file: data/songdb/NX/SongDB_Patreon.json with URL: https://jdmo-cdn.c0llydoll.com/private/songdb/jdmelody-nx-patreon.48811c93920eaab8e8851a069b1afd78.json
27-04 05:16:26 +00:00: Uploading file: jdmelody-ps4-patreon.json as jdmelody-ps4-patreon.c994201c2fad20da2b4bec5a89cc616a.json
27-04 05:16:26 +00:00: File uploaded: jdmelody-ps4-patreon.c994201c2fad20da2b4bec5a89cc616a.json
27-04 05:16:26 +00:00: Updated local JSON file: data/songdb/PS4/SongDB_Patreon.json with URL: https://jdmo-cdn.c0llydoll.com/private/songdb/jdmelody-ps4-patreon.c994201c2fad20da2b4bec5a89cc616a.json
27-04 05:16:26 +00:00: Uploading file: jdmelody-pc-patreon.json as jdmelody-pc-patreon.e0162ec8bfd75da504106ee7ad5a87f8.json
27-04 05:16:26 +00:00: File uploaded: jdmelody-pc-patreon.e0162ec8bfd75da504106ee7ad5a87f8.json
27-04 05:16:26 +00:00: Updated local JSON file: data/songdb/PC/SongDB_Patreon.json with URL: https://jdmo-cdn.c0llydoll.com/private/songdb/jdmelody-pc-patreon.e0162ec8bfd75da504106ee7ad5a87f8.json
27-04 05:16:27 +00:00: Uploading file: jdmelody-nx-dev.json as jdmelody-nx-dev.285c70499d9188250e10a010c8db9366.json
27-04 05:16:27 +00:00: File uploaded: jdmelody-nx-dev.285c70499d9188250e10a010c8db9366.json
27-04 05:16:27 +00:00: Updated local JSON file: data/songdb/NX/SongDB_Dev.json with URL: https://jdmo-cdn.c0llydoll.com/private/songdb/jdmelody-nx-dev.285c70499d9188250e10a010c8db9366.json
27-04 05:16:27 +00:00: Uploading file: jdmelody-ps4-dev.json as jdmelody-ps4-dev.7e13ef66d378bc56545c118815ac1a55.json
27-04 05:16:28 +00:00: File uploaded: jdmelody-ps4-dev.7e13ef66d378bc56545c118815ac1a55.json
27-04 05:16:28 +00:00: Updated local JSON file: data/songdb/PS4/SongDB_Dev.json with URL: https://jdmo-cdn.c0llydoll.com/private/songdb/jdmelody-ps4-dev.7e13ef66d378bc56545c118815ac1a55.json
27-04 05:16:28 +00:00: Uploading file: jdmelody-pc-dev.json as jdmelody-pc-dev.1abcb54412d27213c347ef827d3ced4e.json
27-04 05:16:28 +00:00: File uploaded: jdmelody-pc-dev.1abcb54412d27213c347ef827d3ced4e.json
27-04 05:16:28 +00:00: Updated local JSON file: data/songdb/PC/SongDB_Dev.json with URL: https://jdmo-cdn.c0llydoll.com/private/songdb/jdmelody-pc-dev.1abcb54412d27213c347ef827d3ced4e.json
27-04 05:32:19 +00:00: Saved data to /root/JDMO/main/main/database/Maps/MJWorkingDayNight.json
27-04 05:32:43 +00:00: Saved data to /root/JDMO/main/main/database/Maps/MJWorkingDayNight.json
27-04 05:33:07 +00:00: Saved data to /root/JDMO/main/main/database/Maps/MJWorkingDayNight.json
27-04 05:42:18 +00:00: Saved data to /root/JDMO/main/main/database/Maps/MJWannaBeRETAKE.json
27-04 05:42:43 +00:00: Saved data to /root/JDMO/main/main/database/Maps/MJWannaBeRETAKE.json
27-04 14:03:13 +00:00: Saved data to /root/JDMO/main/main/database/Maps/Gnarly.json
27-04 14:03:31 +00:00: Saved data to /root/JDMO/main/main/database/Maps/Gnarly.json
27-04 18:59:21 +00:00: /root/JDMO/main/main/database/Maps
27-04 18:59:21 +00:00: JDM API Server running at https://2.56.246.74:443/
27-04 18:59:21 +00:00: JWT Module Redis client connected
27-04 19:04:07 +00:00: Saved data to /root/JDMO/main/main/database/Maps/MJThrillerRETAKE.json
27-04 19:04:08 +00:00: Saved data to /root/JDMO/main/main/database/Maps/MJThrillerRETAKE.json
27-04 19:04:09 +00:00: Saved data to /root/JDMO/main/main/database/Maps/MJThrillerRETAKE.json
27-04 19:09:13 +00:00: Saved data to /root/JDMO/main/main/database/Maps/MJWannaBeRETAKE.json
27-04 19:09:41 +00:00: Saved data to /root/JDMO/main/main/database/Maps/MJWannaBeRETAKE.json
27-04 19:10:49 +00:00: Saved data to /root/JDMO/main/main/database/Maps/MJWorkingDayNight.json
27-04 19:11:43 +00:00: Saved data to /root/JDMO/main/main/database/Maps/MJWorkingDayNight.json
28-04 07:23:50 +00:00: Saved data to /root/JDMO/main/main/database/Maps/MJWorkingDayNight.json
28-04 07:26:26 +00:00: Saved data to /root/JDMO/main/main/database/Maps/MJDontStop.json
28-04 07:39:34 +00:00: Uploading file: jdmelody-nx-all.json as jdmelody-nx-all.2616eab3f2b9b96aaa1f4c1de4cd39db.json
28-04 07:39:35 +00:00: File uploaded: jdmelody-nx-all.2616eab3f2b9b96aaa1f4c1de4cd39db.json
28-04 07:39:35 +00:00: Updated local JSON file: data/songdb/NX/SongDB.json with URL: https://jdmo-cdn.c0llydoll.com/private/songdb/jdmelody-nx-all.2616eab3f2b9b96aaa1f4c1de4cd39db.json
28-04 07:39:35 +00:00: Uploading file: jdmelody-ps4-all.json as jdmelody-ps4-all.9cf34bf774fba6a3990c7b7eabdf4a83.json
28-04 07:39:35 +00:00: File uploaded: jdmelody-ps4-all.9cf34bf774fba6a3990c7b7eabdf4a83.json
28-04 07:39:35 +00:00: Updated local JSON file: data/songdb/PS4/SongDB.json with URL: https://jdmo-cdn.c0llydoll.com/private/songdb/jdmelody-ps4-all.9cf34bf774fba6a3990c7b7eabdf4a83.json
28-04 07:39:35 +00:00: Uploading file: jdmelody-pc-all.json as jdmelody-pc-all.88f250530cdde1f93a4bbac516d10d85.json
28-04 07:39:35 +00:00: File uploaded: jdmelody-pc-all.88f250530cdde1f93a4bbac516d10d85.json
28-04 07:39:35 +00:00: Updated local JSON file: data/songdb/PC/SongDB.json with URL: https://jdmo-cdn.c0llydoll.com/private/songdb/jdmelody-pc-all.88f250530cdde1f93a4bbac516d10d85.json
28-04 07:39:35 +00:00: Uploading file: jdmelody-nx-patreon.json as jdmelody-nx-patreon.48811c93920eaab8e8851a069b1afd78.json
28-04 07:39:35 +00:00: File uploaded: jdmelody-nx-patreon.48811c93920eaab8e8851a069b1afd78.json
28-04 07:39:35 +00:00: Updated local JSON file: data/songdb/NX/SongDB_Patreon.json with URL: https://jdmo-cdn.c0llydoll.com/private/songdb/jdmelody-nx-patreon.48811c93920eaab8e8851a069b1afd78.json
28-04 07:39:35 +00:00: Uploading file: jdmelody-ps4-patreon.json as jdmelody-ps4-patreon.c994201c2fad20da2b4bec5a89cc616a.json
28-04 07:39:36 +00:00: File uploaded: jdmelody-ps4-patreon.c994201c2fad20da2b4bec5a89cc616a.json
28-04 07:39:36 +00:00: Updated local JSON file: data/songdb/PS4/SongDB_Patreon.json with URL: https://jdmo-cdn.c0llydoll.com/private/songdb/jdmelody-ps4-patreon.c994201c2fad20da2b4bec5a89cc616a.json
28-04 07:39:36 +00:00: Uploading file: jdmelody-pc-patreon.json as jdmelody-pc-patreon.e0162ec8bfd75da504106ee7ad5a87f8.json
28-04 07:39:37 +00:00: File uploaded: jdmelody-pc-patreon.e0162ec8bfd75da504106ee7ad5a87f8.json
28-04 07:39:37 +00:00: Updated local JSON file: data/songdb/PC/SongDB_Patreon.json with URL: https://jdmo-cdn.c0llydoll.com/private/songdb/jdmelody-pc-patreon.e0162ec8bfd75da504106ee7ad5a87f8.json
28-04 07:39:37 +00:00: Uploading file: jdmelody-nx-dev.json as jdmelody-nx-dev.5cedf78300558e1713d27930362f44a1.json
28-04 07:39:37 +00:00: File uploaded: jdmelody-nx-dev.5cedf78300558e1713d27930362f44a1.json
28-04 07:39:37 +00:00: Updated local JSON file: data/songdb/NX/SongDB_Dev.json with URL: https://jdmo-cdn.c0llydoll.com/private/songdb/jdmelody-nx-dev.5cedf78300558e1713d27930362f44a1.json
28-04 07:39:37 +00:00: Uploading file: jdmelody-ps4-dev.json as jdmelody-ps4-dev.777a99af8a129c0e367bf72253e0c566.json
28-04 07:39:37 +00:00: File uploaded: jdmelody-ps4-dev.777a99af8a129c0e367bf72253e0c566.json
28-04 07:39:37 +00:00: Updated local JSON file: data/songdb/PS4/SongDB_Dev.json with URL: https://jdmo-cdn.c0llydoll.com/private/songdb/jdmelody-ps4-dev.777a99af8a129c0e367bf72253e0c566.json
28-04 07:39:38 +00:00: Uploading file: jdmelody-pc-dev.json as jdmelody-pc-dev.23655ef6c1dba327e25fa94e9b5dbfd5.json
28-04 07:39:38 +00:00: File uploaded: jdmelody-pc-dev.23655ef6c1dba327e25fa94e9b5dbfd5.json
28-04 07:39:38 +00:00: Updated local JSON file: data/songdb/PC/SongDB_Dev.json with URL: https://jdmo-cdn.c0llydoll.com/private/songdb/jdmelody-pc-dev.23655ef6c1dba327e25fa94e9b5dbfd5.json
28-04 07:50:52 +00:00: Uploading file: jdmelody-nx-all.json as jdmelody-nx-all.2616eab3f2b9b96aaa1f4c1de4cd39db.json
28-04 07:50:52 +00:00: File uploaded: jdmelody-nx-all.2616eab3f2b9b96aaa1f4c1de4cd39db.json
28-04 07:50:52 +00:00: Updated local JSON file: data/songdb/NX/SongDB.json with URL: https://jdmo-cdn.c0llydoll.com/private/songdb/jdmelody-nx-all.2616eab3f2b9b96aaa1f4c1de4cd39db.json
28-04 07:50:52 +00:00: Uploading file: jdmelody-ps4-all.json as jdmelody-ps4-all.9cf34bf774fba6a3990c7b7eabdf4a83.json
28-04 07:50:53 +00:00: File uploaded: jdmelody-ps4-all.9cf34bf774fba6a3990c7b7eabdf4a83.json
28-04 07:50:53 +00:00: Updated local JSON file: data/songdb/PS4/SongDB.json with URL: https://jdmo-cdn.c0llydoll.com/private/songdb/jdmelody-ps4-all.9cf34bf774fba6a3990c7b7eabdf4a83.json
28-04 07:50:53 +00:00: Uploading file: jdmelody-pc-all.json as jdmelody-pc-all.88f250530cdde1f93a4bbac516d10d85.json
28-04 07:50:53 +00:00: File uploaded: jdmelody-pc-all.88f250530cdde1f93a4bbac516d10d85.json
28-04 07:50:53 +00:00: Updated local JSON file: data/songdb/PC/SongDB.json with URL: https://jdmo-cdn.c0llydoll.com/private/songdb/jdmelody-pc-all.88f250530cdde1f93a4bbac516d10d85.json
28-04 07:50:53 +00:00: Uploading file: jdmelody-nx-patreon.json as jdmelody-nx-patreon.48811c93920eaab8e8851a069b1afd78.json
28-04 07:50:54 +00:00: File uploaded: jdmelody-nx-patreon.48811c93920eaab8e8851a069b1afd78.json
28-04 07:50:54 +00:00: Updated local JSON file: data/songdb/NX/SongDB_Patreon.json with URL: https://jdmo-cdn.c0llydoll.com/private/songdb/jdmelody-nx-patreon.48811c93920eaab8e8851a069b1afd78.json
28-04 07:50:54 +00:00: Uploading file: jdmelody-ps4-patreon.json as jdmelody-ps4-patreon.c994201c2fad20da2b4bec5a89cc616a.json
28-04 07:50:54 +00:00: File uploaded: jdmelody-ps4-patreon.c994201c2fad20da2b4bec5a89cc616a.json
28-04 07:50:54 +00:00: Updated local JSON file: data/songdb/PS4/SongDB_Patreon.json with URL: https://jdmo-cdn.c0llydoll.com/private/songdb/jdmelody-ps4-patreon.c994201c2fad20da2b4bec5a89cc616a.json
28-04 07:50:54 +00:00: Uploading file: jdmelody-pc-patreon.json as jdmelody-pc-patreon.e0162ec8bfd75da504106ee7ad5a87f8.json
28-04 07:50:54 +00:00: File uploaded: jdmelody-pc-patreon.e0162ec8bfd75da504106ee7ad5a87f8.json
28-04 07:50:54 +00:00: Updated local JSON file: data/songdb/PC/SongDB_Patreon.json with URL: https://jdmo-cdn.c0llydoll.com/private/songdb/jdmelody-pc-patreon.e0162ec8bfd75da504106ee7ad5a87f8.json
28-04 07:50:54 +00:00: Uploading file: jdmelody-nx-dev.json as jdmelody-nx-dev.5cedf78300558e1713d27930362f44a1.json
28-04 07:50:54 +00:00: File uploaded: jdmelody-nx-dev.5cedf78300558e1713d27930362f44a1.json
28-04 07:50:54 +00:00: Updated local JSON file: data/songdb/NX/SongDB_Dev.json with URL: https://jdmo-cdn.c0llydoll.com/private/songdb/jdmelody-nx-dev.5cedf78300558e1713d27930362f44a1.json
28-04 07:50:54 +00:00: Uploading file: jdmelody-ps4-dev.json as jdmelody-ps4-dev.777a99af8a129c0e367bf72253e0c566.json
28-04 07:50:55 +00:00: File uploaded: jdmelody-ps4-dev.777a99af8a129c0e367bf72253e0c566.json
28-04 07:50:55 +00:00: Updated local JSON file: data/songdb/PS4/SongDB_Dev.json with URL: https://jdmo-cdn.c0llydoll.com/private/songdb/jdmelody-ps4-dev.777a99af8a129c0e367bf72253e0c566.json
28-04 07:50:55 +00:00: Uploading file: jdmelody-pc-dev.json as jdmelody-pc-dev.23655ef6c1dba327e25fa94e9b5dbfd5.json
28-04 07:50:55 +00:00: File uploaded: jdmelody-pc-dev.23655ef6c1dba327e25fa94e9b5dbfd5.json
28-04 07:50:55 +00:00: Updated local JSON file: data/songdb/PC/SongDB_Dev.json with URL: https://jdmo-cdn.c0llydoll.com/private/songdb/jdmelody-pc-dev.23655ef6c1dba327e25fa94e9b5dbfd5.json
28-04 07:51:34 +00:00: Uploading file: jdmelody-nx-all.json as jdmelody-nx-all.d60896672f5419c4c3e998e38fe31371.json
28-04 07:51:34 +00:00: File uploaded: jdmelody-nx-all.d60896672f5419c4c3e998e38fe31371.json
28-04 07:51:34 +00:00: Updated local JSON file: data/songdb/NX/SongDB.json with URL: https://jdmo-cdn.c0llydoll.com/private/songdb/jdmelody-nx-all.d60896672f5419c4c3e998e38fe31371.json
28-04 07:51:34 +00:00: Uploading file: jdmelody-ps4-all.json as jdmelody-ps4-all.ee9c899eac069551dacc5151fcaa21f6.json
28-04 07:51:35 +00:00: File uploaded: jdmelody-ps4-all.ee9c899eac069551dacc5151fcaa21f6.json
28-04 07:51:35 +00:00: Updated local JSON file: data/songdb/PS4/SongDB.json with URL: https://jdmo-cdn.c0llydoll.com/private/songdb/jdmelody-ps4-all.ee9c899eac069551dacc5151fcaa21f6.json
28-04 07:51:35 +00:00: Uploading file: jdmelody-pc-all.json as jdmelody-pc-all.26d8bf50d99721c106b3df56f6a8e3fb.json
28-04 07:51:36 +00:00: File uploaded: jdmelody-pc-all.26d8bf50d99721c106b3df56f6a8e3fb.json
28-04 07:51:36 +00:00: Updated local JSON file: data/songdb/PC/SongDB.json with URL: https://jdmo-cdn.c0llydoll.com/private/songdb/jdmelody-pc-all.26d8bf50d99721c106b3df56f6a8e3fb.json
28-04 07:51:36 +00:00: Uploading file: jdmelody-nx-patreon.json as jdmelody-nx-patreon.f7f8103c9702c0c89f08ed314d40bd8c.json
28-04 07:51:36 +00:00: File uploaded: jdmelody-nx-patreon.f7f8103c9702c0c89f08ed314d40bd8c.json
28-04 07:51:36 +00:00: Updated local JSON file: data/songdb/NX/SongDB_Patreon.json with URL: https://jdmo-cdn.c0llydoll.com/private/songdb/jdmelody-nx-patreon.f7f8103c9702c0c89f08ed314d40bd8c.json
28-04 07:51:36 +00:00: Uploading file: jdmelody-ps4-patreon.json as jdmelody-ps4-patreon.84f1c5f14a840fcd23d95fb5afa5623c.json
28-04 07:51:36 +00:00: File uploaded: jdmelody-ps4-patreon.84f1c5f14a840fcd23d95fb5afa5623c.json
28-04 07:51:36 +00:00: Updated local JSON file: data/songdb/PS4/SongDB_Patreon.json with URL: https://jdmo-cdn.c0llydoll.com/private/songdb/jdmelody-ps4-patreon.84f1c5f14a840fcd23d95fb5afa5623c.json
28-04 07:51:36 +00:00: Uploading file: jdmelody-pc-patreon.json as jdmelody-pc-patreon.7fdd7d0b1ec3dad435f0bceb6a6d09d9.json
28-04 07:51:37 +00:00: File uploaded: jdmelody-pc-patreon.7fdd7d0b1ec3dad435f0bceb6a6d09d9.json
28-04 07:51:37 +00:00: Updated local JSON file: data/songdb/PC/SongDB_Patreon.json with URL: https://jdmo-cdn.c0llydoll.com/private/songdb/jdmelody-pc-patreon.7fdd7d0b1ec3dad435f0bceb6a6d09d9.json
28-04 07:51:37 +00:00: Uploading file: jdmelody-nx-dev.json as jdmelody-nx-dev.5cedf78300558e1713d27930362f44a1.json
28-04 07:51:37 +00:00: File uploaded: jdmelody-nx-dev.5cedf78300558e1713d27930362f44a1.json
28-04 07:51:37 +00:00: Updated local JSON file: data/songdb/NX/SongDB_Dev.json with URL: https://jdmo-cdn.c0llydoll.com/private/songdb/jdmelody-nx-dev.5cedf78300558e1713d27930362f44a1.json
28-04 07:51:37 +00:00: Uploading file: jdmelody-ps4-dev.json as jdmelody-ps4-dev.777a99af8a129c0e367bf72253e0c566.json
28-04 07:51:37 +00:00: File uploaded: jdmelody-ps4-dev.777a99af8a129c0e367bf72253e0c566.json
28-04 07:51:37 +00:00: Updated local JSON file: data/songdb/PS4/SongDB_Dev.json with URL: https://jdmo-cdn.c0llydoll.com/private/songdb/jdmelody-ps4-dev.777a99af8a129c0e367bf72253e0c566.json
28-04 07:51:37 +00:00: Uploading file: jdmelody-pc-dev.json as jdmelody-pc-dev.23655ef6c1dba327e25fa94e9b5dbfd5.json
28-04 07:51:37 +00:00: File uploaded: jdmelody-pc-dev.23655ef6c1dba327e25fa94e9b5dbfd5.json
28-04 07:51:37 +00:00: Updated local JSON file: data/songdb/PC/SongDB_Dev.json with URL: https://jdmo-cdn.c0llydoll.com/private/songdb/jdmelody-pc-dev.23655ef6c1dba327e25fa94e9b5dbfd5.json
28-04 08:20:27 +00:00: Saved data to /root/JDMO/main/main/database/Maps/SurvivalDance.json
28-04 08:20:50 +00:00: Saved data to /root/JDMO/main/main/database/Maps/SurvivalDance.json
28-04 08:21:16 +00:00: Saved data to /root/JDMO/main/main/database/Maps/SurvivalDance.json
28-04 08:24:18 +00:00: Saved data to /root/JDMO/main/main/database/Maps/MJDontStop.json
28-04 08:24:45 +00:00: Saved data to /root/JDMO/main/main/database/Maps/MJDontStop.json
28-04 08:25:12 +00:00: Saved data to /root/JDMO/main/main/database/Maps/MJDontStop.json
28-04 08:42:22 +00:00: Saved data to /root/JDMO/main/main/database/Maps/MJBillieJeanRETAKE.json
28-04 08:42:48 +00:00: Saved data to /root/JDMO/main/main/database/Maps/MJBillieJeanRETAKE.json
28-04 08:43:12 +00:00: Saved data to /root/JDMO/main/main/database/Maps/MJBillieJeanRETAKE.json
28-04 08:49:44 +00:00: Saved data to /root/JDMO/main/main/database/Maps/UFORETAKE.json
28-04 08:50:10 +00:00: Saved data to /root/JDMO/main/main/database/Maps/UFORETAKE.json
28-04 08:50:40 +00:00: Saved data to /root/JDMO/main/main/database/Maps/UFORETAKE.json
28-04 08:53:25 +00:00: Uploading file: jdmelody-nx-all.json as jdmelody-nx-all.e067e3bd5fd4a16c697fddede10b4163.json
28-04 08:53:25 +00:00: File uploaded: jdmelody-nx-all.e067e3bd5fd4a16c697fddede10b4163.json
28-04 08:53:25 +00:00: Updated local JSON file: data/songdb/NX/SongDB.json with URL: https://jdmo-cdn.c0llydoll.com/private/songdb/jdmelody-nx-all.e067e3bd5fd4a16c697fddede10b4163.json
28-04 08:53:25 +00:00: Uploading file: jdmelody-ps4-all.json as jdmelody-ps4-all.f6f1d24c09b862caeaebaf3803c61161.json
28-04 08:53:26 +00:00: File uploaded: jdmelody-ps4-all.f6f1d24c09b862caeaebaf3803c61161.json
28-04 08:53:26 +00:00: Updated local JSON file: data/songdb/PS4/SongDB.json with URL: https://jdmo-cdn.c0llydoll.com/private/songdb/jdmelody-ps4-all.f6f1d24c09b862caeaebaf3803c61161.json
28-04 08:53:26 +00:00: Uploading file: jdmelody-pc-all.json as jdmelody-pc-all.a42e6ca3f44441ace4bb4b0f7ae8441c.json
28-04 08:53:26 +00:00: File uploaded: jdmelody-pc-all.a42e6ca3f44441ace4bb4b0f7ae8441c.json
28-04 08:53:26 +00:00: Updated local JSON file: data/songdb/PC/SongDB.json with URL: https://jdmo-cdn.c0llydoll.com/private/songdb/jdmelody-pc-all.a42e6ca3f44441ace4bb4b0f7ae8441c.json
28-04 08:53:26 +00:00: Uploading file: jdmelody-nx-patreon.json as jdmelody-nx-patreon.efeade517a620d85c5886cf6e5b363f3.json
28-04 08:53:26 +00:00: File uploaded: jdmelody-nx-patreon.efeade517a620d85c5886cf6e5b363f3.json
28-04 08:53:26 +00:00: Updated local JSON file: data/songdb/NX/SongDB_Patreon.json with URL: https://jdmo-cdn.c0llydoll.com/private/songdb/jdmelody-nx-patreon.efeade517a620d85c5886cf6e5b363f3.json
28-04 08:53:27 +00:00: Uploading file: jdmelody-ps4-patreon.json as jdmelody-ps4-patreon.1af10e705380421c849d54ea07d1ea2c.json
28-04 08:53:27 +00:00: File uploaded: jdmelody-ps4-patreon.1af10e705380421c849d54ea07d1ea2c.json
28-04 08:53:27 +00:00: Updated local JSON file: data/songdb/PS4/SongDB_Patreon.json with URL: https://jdmo-cdn.c0llydoll.com/private/songdb/jdmelody-ps4-patreon.1af10e705380421c849d54ea07d1ea2c.json
28-04 08:53:27 +00:00: Uploading file: jdmelody-pc-patreon.json as jdmelody-pc-patreon.32ab8f73ce1b469a8f30e98886d8c7ad.json
28-04 08:53:28 +00:00: File uploaded: jdmelody-pc-patreon.32ab8f73ce1b469a8f30e98886d8c7ad.json
28-04 08:53:28 +00:00: Updated local JSON file: data/songdb/PC/SongDB_Patreon.json with URL: https://jdmo-cdn.c0llydoll.com/private/songdb/jdmelody-pc-patreon.32ab8f73ce1b469a8f30e98886d8c7ad.json
28-04 08:53:28 +00:00: Uploading file: jdmelody-nx-dev.json as jdmelody-nx-dev.5cedf78300558e1713d27930362f44a1.json
28-04 08:53:28 +00:00: File uploaded: jdmelody-nx-dev.5cedf78300558e1713d27930362f44a1.json
28-04 08:53:28 +00:00: Updated local JSON file: data/songdb/NX/SongDB_Dev.json with URL: https://jdmo-cdn.c0llydoll.com/private/songdb/jdmelody-nx-dev.5cedf78300558e1713d27930362f44a1.json
28-04 08:53:28 +00:00: Uploading file: jdmelody-ps4-dev.json as jdmelody-ps4-dev.777a99af8a129c0e367bf72253e0c566.json
28-04 08:53:28 +00:00: File uploaded: jdmelody-ps4-dev.777a99af8a129c0e367bf72253e0c566.json
28-04 08:53:28 +00:00: Updated local JSON file: data/songdb/PS4/SongDB_Dev.json with URL: https://jdmo-cdn.c0llydoll.com/private/songdb/jdmelody-ps4-dev.777a99af8a129c0e367bf72253e0c566.json
28-04 08:53:28 +00:00: Uploading file: jdmelody-pc-dev.json as jdmelody-pc-dev.23655ef6c1dba327e25fa94e9b5dbfd5.json
28-04 08:53:28 +00:00: File uploaded: jdmelody-pc-dev.23655ef6c1dba327e25fa94e9b5dbfd5.json
28-04 08:53:28 +00:00: Updated local JSON file: data/songdb/PC/SongDB_Dev.json with URL: https://jdmo-cdn.c0llydoll.com/private/songdb/jdmelody-pc-dev.23655ef6c1dba327e25fa94e9b5dbfd5.json
28-04 08:53:34 +00:00: Uploading file: jdmelody-nx-all.json as jdmelody-nx-all.e067e3bd5fd4a16c697fddede10b4163.json
28-04 08:53:36 +00:00: File uploaded: jdmelody-nx-all.e067e3bd5fd4a16c697fddede10b4163.json
28-04 08:53:36 +00:00: Updated local JSON file: data/songdb/NX/SongDB.json with URL: https://jdmo-cdn.c0llydoll.com/private/songdb/jdmelody-nx-all.e067e3bd5fd4a16c697fddede10b4163.json
28-04 08:53:36 +00:00: Uploading file: jdmelody-ps4-all.json as jdmelody-ps4-all.f6f1d24c09b862caeaebaf3803c61161.json
28-04 08:53:36 +00:00: File uploaded: jdmelody-ps4-all.f6f1d24c09b862caeaebaf3803c61161.json
28-04 08:53:36 +00:00: Updated local JSON file: data/songdb/PS4/SongDB.json with URL: https://jdmo-cdn.c0llydoll.com/private/songdb/jdmelody-ps4-all.f6f1d24c09b862caeaebaf3803c61161.json
28-04 08:53:36 +00:00: Uploading file: jdmelody-pc-all.json as jdmelody-pc-all.a42e6ca3f44441ace4bb4b0f7ae8441c.json
28-04 08:53:36 +00:00: File uploaded: jdmelody-pc-all.a42e6ca3f44441ace4bb4b0f7ae8441c.json
28-04 08:53:36 +00:00: Updated local JSON file: data/songdb/PC/SongDB.json with URL: https://jdmo-cdn.c0llydoll.com/private/songdb/jdmelody-pc-all.a42e6ca3f44441ace4bb4b0f7ae8441c.json
28-04 08:53:36 +00:00: Uploading file: jdmelody-nx-patreon.json as jdmelody-nx-patreon.efeade517a620d85c5886cf6e5b363f3.json
28-04 08:53:37 +00:00: File uploaded: jdmelody-nx-patreon.efeade517a620d85c5886cf6e5b363f3.json
28-04 08:53:37 +00:00: Updated local JSON file: data/songdb/NX/SongDB_Patreon.json with URL: https://jdmo-cdn.c0llydoll.com/private/songdb/jdmelody-nx-patreon.efeade517a620d85c5886cf6e5b363f3.json
28-04 08:53:37 +00:00: Uploading file: jdmelody-ps4-patreon.json as jdmelody-ps4-patreon.1af10e705380421c849d54ea07d1ea2c.json
28-04 08:53:37 +00:00: File uploaded: jdmelody-ps4-patreon.1af10e705380421c849d54ea07d1ea2c.json
28-04 08:53:37 +00:00: Updated local JSON file: data/songdb/PS4/SongDB_Patreon.json with URL: https://jdmo-cdn.c0llydoll.com/private/songdb/jdmelody-ps4-patreon.1af10e705380421c849d54ea07d1ea2c.json
28-04 08:53:37 +00:00: Uploading file: jdmelody-pc-patreon.json as jdmelody-pc-patreon.32ab8f73ce1b469a8f30e98886d8c7ad.json
28-04 08:53:37 +00:00: File uploaded: jdmelody-pc-patreon.32ab8f73ce1b469a8f30e98886d8c7ad.json
28-04 08:53:37 +00:00: Updated local JSON file: data/songdb/PC/SongDB_Patreon.json with URL: https://jdmo-cdn.c0llydoll.com/private/songdb/jdmelody-pc-patreon.32ab8f73ce1b469a8f30e98886d8c7ad.json
28-04 08:53:37 +00:00: Uploading file: jdmelody-nx-dev.json as jdmelody-nx-dev.5cedf78300558e1713d27930362f44a1.json
28-04 08:53:37 +00:00: File uploaded: jdmelody-nx-dev.5cedf78300558e1713d27930362f44a1.json
28-04 08:53:37 +00:00: Updated local JSON file: data/songdb/NX/SongDB_Dev.json with URL: https://jdmo-cdn.c0llydoll.com/private/songdb/jdmelody-nx-dev.5cedf78300558e1713d27930362f44a1.json
28-04 08:53:37 +00:00: Uploading file: jdmelody-ps4-dev.json as jdmelody-ps4-dev.777a99af8a129c0e367bf72253e0c566.json
28-04 08:53:38 +00:00: File uploaded: jdmelody-ps4-dev.777a99af8a129c0e367bf72253e0c566.json
28-04 08:53:38 +00:00: Updated local JSON file: data/songdb/PS4/SongDB_Dev.json with URL: https://jdmo-cdn.c0llydoll.com/private/songdb/jdmelody-ps4-dev.777a99af8a129c0e367bf72253e0c566.json
28-04 08:53:38 +00:00: Uploading file: jdmelody-pc-dev.json as jdmelody-pc-dev.23655ef6c1dba327e25fa94e9b5dbfd5.json
28-04 08:53:38 +00:00: File uploaded: jdmelody-pc-dev.23655ef6c1dba327e25fa94e9b5dbfd5.json
28-04 08:53:38 +00:00: Updated local JSON file: data/songdb/PC/SongDB_Dev.json with URL: https://jdmo-cdn.c0llydoll.com/private/songdb/jdmelody-pc-dev.23655ef6c1dba327e25fa94e9b5dbfd5.json
28-04 08:56:37 +00:00: Saved data to /root/JDMO/main/main/database/Maps/MJSpeedDemon.json
28-04 08:57:01 +00:00: Saved data to /root/JDMO/main/main/database/Maps/MJSpeedDemon.json
28-04 08:57:26 +00:00: Saved data to /root/JDMO/main/main/database/Maps/MJSpeedDemon.json
28-04 08:57:46 +00:00: Uploading file: jdmelody-nx-all.json as jdmelody-nx-all.e067e3bd5fd4a16c697fddede10b4163.json
28-04 08:57:46 +00:00: File uploaded: jdmelody-nx-all.e067e3bd5fd4a16c697fddede10b4163.json
28-04 08:57:46 +00:00: Updated local JSON file: data/songdb/NX/SongDB.json with URL: https://jdmo-cdn.c0llydoll.com/private/songdb/jdmelody-nx-all.e067e3bd5fd4a16c697fddede10b4163.json
28-04 08:57:46 +00:00: Uploading file: jdmelody-ps4-all.json as jdmelody-ps4-all.f6f1d24c09b862caeaebaf3803c61161.json
28-04 08:57:47 +00:00: File uploaded: jdmelody-ps4-all.f6f1d24c09b862caeaebaf3803c61161.json
28-04 08:57:47 +00:00: Updated local JSON file: data/songdb/PS4/SongDB.json with URL: https://jdmo-cdn.c0llydoll.com/private/songdb/jdmelody-ps4-all.f6f1d24c09b862caeaebaf3803c61161.json
28-04 08:57:47 +00:00: Uploading file: jdmelody-pc-all.json as jdmelody-pc-all.a42e6ca3f44441ace4bb4b0f7ae8441c.json
28-04 08:57:47 +00:00: File uploaded: jdmelody-pc-all.a42e6ca3f44441ace4bb4b0f7ae8441c.json
28-04 08:57:47 +00:00: Updated local JSON file: data/songdb/PC/SongDB.json with URL: https://jdmo-cdn.c0llydoll.com/private/songdb/jdmelody-pc-all.a42e6ca3f44441ace4bb4b0f7ae8441c.json
28-04 08:57:47 +00:00: Uploading file: jdmelody-nx-patreon.json as jdmelody-nx-patreon.efeade517a620d85c5886cf6e5b363f3.json
28-04 08:57:47 +00:00: File uploaded: jdmelody-nx-patreon.efeade517a620d85c5886cf6e5b363f3.json
28-04 08:57:47 +00:00: Updated local JSON file: data/songdb/NX/SongDB_Patreon.json with URL: https://jdmo-cdn.c0llydoll.com/private/songdb/jdmelody-nx-patreon.efeade517a620d85c5886cf6e5b363f3.json
28-04 08:57:48 +00:00: Uploading file: jdmelody-ps4-patreon.json as jdmelody-ps4-patreon.1af10e705380421c849d54ea07d1ea2c.json
28-04 08:57:48 +00:00: File uploaded: jdmelody-ps4-patreon.1af10e705380421c849d54ea07d1ea2c.json
28-04 08:57:48 +00:00: Updated local JSON file: data/songdb/PS4/SongDB_Patreon.json with URL: https://jdmo-cdn.c0llydoll.com/private/songdb/jdmelody-ps4-patreon.1af10e705380421c849d54ea07d1ea2c.json
28-04 08:57:48 +00:00: Uploading file: jdmelody-pc-patreon.json as jdmelody-pc-patreon.32ab8f73ce1b469a8f30e98886d8c7ad.json
28-04 08:57:48 +00:00: File uploaded: jdmelody-pc-patreon.32ab8f73ce1b469a8f30e98886d8c7ad.json
28-04 08:57:48 +00:00: Updated local JSON file: data/songdb/PC/SongDB_Patreon.json with URL: https://jdmo-cdn.c0llydoll.com/private/songdb/jdmelody-pc-patreon.32ab8f73ce1b469a8f30e98886d8c7ad.json
28-04 08:57:49 +00:00: Uploading file: jdmelody-nx-dev.json as jdmelody-nx-dev.75a9580fecae418de4ed7740442beb9a.json
28-04 08:57:49 +00:00: File uploaded: jdmelody-nx-dev.75a9580fecae418de4ed7740442beb9a.json
28-04 08:57:49 +00:00: Updated local JSON file: data/songdb/NX/SongDB_Dev.json with URL: https://jdmo-cdn.c0llydoll.com/private/songdb/jdmelody-nx-dev.75a9580fecae418de4ed7740442beb9a.json
28-04 08:57:49 +00:00: Uploading file: jdmelody-ps4-dev.json as jdmelody-ps4-dev.546c7449ba15ef60619f018275959688.json
28-04 08:57:49 +00:00: File uploaded: jdmelody-ps4-dev.546c7449ba15ef60619f018275959688.json
28-04 08:57:49 +00:00: Updated local JSON file: data/songdb/PS4/SongDB_Dev.json with URL: https://jdmo-cdn.c0llydoll.com/private/songdb/jdmelody-ps4-dev.546c7449ba15ef60619f018275959688.json
28-04 08:57:49 +00:00: Uploading file: jdmelody-pc-dev.json as jdmelody-pc-dev.6cf55d077e91e77f45e74df3ccd74bab.json
28-04 08:57:49 +00:00: File uploaded: jdmelody-pc-dev.6cf55d077e91e77f45e74df3ccd74bab.json
28-04 08:57:49 +00:00: Updated local JSON file: data/songdb/PC/SongDB_Dev.json with URL: https://jdmo-cdn.c0llydoll.com/private/songdb/jdmelody-pc-dev.6cf55d077e91e77f45e74df3ccd74bab.json
28-04 09:16:42 +00:00: Saved data to /root/JDMO/main/main/database/Maps/MJDontStop.json
28-04 09:17:07 +00:00: Saved data to /root/JDMO/main/main/database/Maps/MJDontStop.json
28-04 10:17:31 +00:00: Uploading file: jdmelody-nx-all.json as jdmelody-nx-all.e30ba0155359f929507336e4ac0ef7cc.json
28-04 10:17:31 +00:00: File uploaded: jdmelody-nx-all.e30ba0155359f929507336e4ac0ef7cc.json
28-04 10:17:31 +00:00: Updated local JSON file: data/songdb/NX/SongDB.json with URL: https://jdmo-cdn.c0llydoll.com/private/songdb/jdmelody-nx-all.e30ba0155359f929507336e4ac0ef7cc.json
28-04 10:17:32 +00:00: Uploading file: jdmelody-ps4-all.json as jdmelody-ps4-all.f8e5be9032fb7afe7cb58146af945d11.json
28-04 10:17:32 +00:00: File uploaded: jdmelody-ps4-all.f8e5be9032fb7afe7cb58146af945d11.json
28-04 10:17:32 +00:00: Updated local JSON file: data/songdb/PS4/SongDB.json with URL: https://jdmo-cdn.c0llydoll.com/private/songdb/jdmelody-ps4-all.f8e5be9032fb7afe7cb58146af945d11.json
28-04 10:17:32 +00:00: Uploading file: jdmelody-pc-all.json as jdmelody-pc-all.fb6afa074f9ca03efb023c4c628426c4.json
28-04 10:17:32 +00:00: File uploaded: jdmelody-pc-all.fb6afa074f9ca03efb023c4c628426c4.json
28-04 10:17:32 +00:00: Updated local JSON file: data/songdb/PC/SongDB.json with URL: https://jdmo-cdn.c0llydoll.com/private/songdb/jdmelody-pc-all.fb6afa074f9ca03efb023c4c628426c4.json
28-04 10:17:32 +00:00: Uploading file: jdmelody-nx-patreon.json as jdmelody-nx-patreon.631e380810f97d4c4f255bde46dbc0e3.json
28-04 10:17:33 +00:00: File uploaded: jdmelody-nx-patreon.631e380810f97d4c4f255bde46dbc0e3.json
28-04 10:17:33 +00:00: Updated local JSON file: data/songdb/NX/SongDB_Patreon.json with URL: https://jdmo-cdn.c0llydoll.com/private/songdb/jdmelody-nx-patreon.631e380810f97d4c4f255bde46dbc0e3.json
28-04 10:17:33 +00:00: Uploading file: jdmelody-ps4-patreon.json as jdmelody-ps4-patreon.88a45da590663b869de71e240c77a37d.json
28-04 10:17:33 +00:00: File uploaded: jdmelody-ps4-patreon.88a45da590663b869de71e240c77a37d.json
28-04 10:17:33 +00:00: Updated local JSON file: data/songdb/PS4/SongDB_Patreon.json with URL: https://jdmo-cdn.c0llydoll.com/private/songdb/jdmelody-ps4-patreon.88a45da590663b869de71e240c77a37d.json
28-04 10:17:33 +00:00: Uploading file: jdmelody-pc-patreon.json as jdmelody-pc-patreon.dbd29d08704e1fc5634d747e8dfbdb40.json
28-04 10:17:33 +00:00: File uploaded: jdmelody-pc-patreon.dbd29d08704e1fc5634d747e8dfbdb40.json
28-04 10:17:33 +00:00: Updated local JSON file: data/songdb/PC/SongDB_Patreon.json with URL: https://jdmo-cdn.c0llydoll.com/private/songdb/jdmelody-pc-patreon.dbd29d08704e1fc5634d747e8dfbdb40.json
28-04 10:17:33 +00:00: Uploading file: jdmelody-nx-dev.json as jdmelody-nx-dev.75a9580fecae418de4ed7740442beb9a.json
28-04 10:17:33 +00:00: File uploaded: jdmelody-nx-dev.75a9580fecae418de4ed7740442beb9a.json
28-04 10:17:33 +00:00: Updated local JSON file: data/songdb/NX/SongDB_Dev.json with URL: https://jdmo-cdn.c0llydoll.com/private/songdb/jdmelody-nx-dev.75a9580fecae418de4ed7740442beb9a.json
28-04 10:17:33 +00:00: Uploading file: jdmelody-ps4-dev.json as jdmelody-ps4-dev.546c7449ba15ef60619f018275959688.json
28-04 10:17:33 +00:00: File uploaded: jdmelody-ps4-dev.546c7449ba15ef60619f018275959688.json
28-04 10:17:33 +00:00: Updated local JSON file: data/songdb/PS4/SongDB_Dev.json with URL: https://jdmo-cdn.c0llydoll.com/private/songdb/jdmelody-ps4-dev.546c7449ba15ef60619f018275959688.json
28-04 10:17:33 +00:00: Uploading file: jdmelody-pc-dev.json as jdmelody-pc-dev.6cf55d077e91e77f45e74df3ccd74bab.json
28-04 10:17:34 +00:00: File uploaded: jdmelody-pc-dev.6cf55d077e91e77f45e74df3ccd74bab.json
28-04 10:17:34 +00:00: Updated local JSON file: data/songdb/PC/SongDB_Dev.json with URL: https://jdmo-cdn.c0llydoll.com/private/songdb/jdmelody-pc-dev.6cf55d077e91e77f45e74df3ccd74bab.json
28-04 10:48:30 +00:00: Uploading file: jdmelody-nx-all.json as jdmelody-nx-all.5f379d66380daaa2a622af5d0dd8412c.json
28-04 10:48:30 +00:00: File uploaded: jdmelody-nx-all.5f379d66380daaa2a622af5d0dd8412c.json
28-04 10:48:30 +00:00: Updated local JSON file: data/songdb/NX/SongDB.json with URL: https://jdmo-cdn.c0llydoll.com/private/songdb/jdmelody-nx-all.5f379d66380daaa2a622af5d0dd8412c.json
28-04 10:48:30 +00:00: Uploading file: jdmelody-ps4-all.json as jdmelody-ps4-all.9e3e1ebf03a601880734000bbc12e53a.json
28-04 10:48:30 +00:00: File uploaded: jdmelody-ps4-all.9e3e1ebf03a601880734000bbc12e53a.json
28-04 10:48:30 +00:00: Updated local JSON file: data/songdb/PS4/SongDB.json with URL: https://jdmo-cdn.c0llydoll.com/private/songdb/jdmelody-ps4-all.9e3e1ebf03a601880734000bbc12e53a.json
28-04 10:48:30 +00:00: Uploading file: jdmelody-pc-all.json as jdmelody-pc-all.af7cb6f9248537e08861b1709d36864c.json
28-04 10:48:31 +00:00: File uploaded: jdmelody-pc-all.af7cb6f9248537e08861b1709d36864c.json
28-04 10:48:31 +00:00: Updated local JSON file: data/songdb/PC/SongDB.json with URL: https://jdmo-cdn.c0llydoll.com/private/songdb/jdmelody-pc-all.af7cb6f9248537e08861b1709d36864c.json
28-04 10:48:31 +00:00: Uploading file: jdmelody-nx-patreon.json as jdmelody-nx-patreon.408354bb771f718e72d2cdef3481d296.json
28-04 10:48:31 +00:00: File uploaded: jdmelody-nx-patreon.408354bb771f718e72d2cdef3481d296.json
28-04 10:48:31 +00:00: Updated local JSON file: data/songdb/NX/SongDB_Patreon.json with URL: https://jdmo-cdn.c0llydoll.com/private/songdb/jdmelody-nx-patreon.408354bb771f718e72d2cdef3481d296.json
28-04 10:48:31 +00:00: Uploading file: jdmelody-ps4-patreon.json as jdmelody-ps4-patreon.34e2e471f601f52da26c5d35dd2a6af4.json
28-04 10:48:31 +00:00: File uploaded: jdmelody-ps4-patreon.34e2e471f601f52da26c5d35dd2a6af4.json
28-04 10:48:31 +00:00: Updated local JSON file: data/songdb/PS4/SongDB_Patreon.json with URL: https://jdmo-cdn.c0llydoll.com/private/songdb/jdmelody-ps4-patreon.34e2e471f601f52da26c5d35dd2a6af4.json
28-04 10:48:31 +00:00: Uploading file: jdmelody-pc-patreon.json as jdmelody-pc-patreon.fec1512ad44f3314e367a0a4505724d0.json
28-04 10:48:31 +00:00: File uploaded: jdmelody-pc-patreon.fec1512ad44f3314e367a0a4505724d0.json
28-04 10:48:31 +00:00: Updated local JSON file: data/songdb/PC/SongDB_Patreon.json with URL: https://jdmo-cdn.c0llydoll.com/private/songdb/jdmelody-pc-patreon.fec1512ad44f3314e367a0a4505724d0.json
28-04 10:48:32 +00:00: Uploading file: jdmelody-nx-dev.json as jdmelody-nx-dev.1d0ed33ecd472172a6c3b6173426ff56.json
28-04 10:48:32 +00:00: File uploaded: jdmelody-nx-dev.1d0ed33ecd472172a6c3b6173426ff56.json
28-04 10:48:32 +00:00: Updated local JSON file: data/songdb/NX/SongDB_Dev.json with URL: https://jdmo-cdn.c0llydoll.com/private/songdb/jdmelody-nx-dev.1d0ed33ecd472172a6c3b6173426ff56.json
28-04 10:48:32 +00:00: Uploading file: jdmelody-ps4-dev.json as jdmelody-ps4-dev.a79acfa19cde614fbe41967b0df5fa13.json
28-04 10:48:32 +00:00: File uploaded: jdmelody-ps4-dev.a79acfa19cde614fbe41967b0df5fa13.json
28-04 10:48:32 +00:00: Updated local JSON file: data/songdb/PS4/SongDB_Dev.json with URL: https://jdmo-cdn.c0llydoll.com/private/songdb/jdmelody-ps4-dev.a79acfa19cde614fbe41967b0df5fa13.json
28-04 10:48:32 +00:00: Uploading file: jdmelody-pc-dev.json as jdmelody-pc-dev.e8f8b4748478d104a406aa35dced4be4.json
28-04 10:48:32 +00:00: File uploaded: jdmelody-pc-dev.e8f8b4748478d104a406aa35dced4be4.json
28-04 10:48:32 +00:00: Updated local JSON file: data/songdb/PC/SongDB_Dev.json with URL: https://jdmo-cdn.c0llydoll.com/private/songdb/jdmelody-pc-dev.e8f8b4748478d104a406aa35dced4be4.json
28-04 13:19:35 +00:00: Saved data to /root/JDMO/main/main/database/Maps/Power.json
28-04 13:19:46 +00:00: Uploading file: jdmelody-nx-all.json as jdmelody-nx-all.5f379d66380daaa2a622af5d0dd8412c.json
28-04 13:19:46 +00:00: File uploaded: jdmelody-nx-all.5f379d66380daaa2a622af5d0dd8412c.json
28-04 13:19:46 +00:00: Updated local JSON file: data/songdb/NX/SongDB.json with URL: https://jdmo-cdn.c0llydoll.com/private/songdb/jdmelody-nx-all.5f379d66380daaa2a622af5d0dd8412c.json
28-04 13:19:46 +00:00: Uploading file: jdmelody-ps4-all.json as jdmelody-ps4-all.9e3e1ebf03a601880734000bbc12e53a.json
28-04 13:19:47 +00:00: File uploaded: jdmelody-ps4-all.9e3e1ebf03a601880734000bbc12e53a.json
28-04 13:19:47 +00:00: Updated local JSON file: data/songdb/PS4/SongDB.json with URL: https://jdmo-cdn.c0llydoll.com/private/songdb/jdmelody-ps4-all.9e3e1ebf03a601880734000bbc12e53a.json
28-04 13:19:47 +00:00: Uploading file: jdmelody-pc-all.json as jdmelody-pc-all.af7cb6f9248537e08861b1709d36864c.json
28-04 13:19:47 +00:00: File uploaded: jdmelody-pc-all.af7cb6f9248537e08861b1709d36864c.json
28-04 13:19:47 +00:00: Updated local JSON file: data/songdb/PC/SongDB.json with URL: https://jdmo-cdn.c0llydoll.com/private/songdb/jdmelody-pc-all.af7cb6f9248537e08861b1709d36864c.json
28-04 13:19:47 +00:00: Uploading file: jdmelody-nx-patreon.json as jdmelody-nx-patreon.408354bb771f718e72d2cdef3481d296.json
28-04 13:19:47 +00:00: File uploaded: jdmelody-nx-patreon.408354bb771f718e72d2cdef3481d296.json
28-04 13:19:47 +00:00: Updated local JSON file: data/songdb/NX/SongDB_Patreon.json with URL: https://jdmo-cdn.c0llydoll.com/private/songdb/jdmelody-nx-patreon.408354bb771f718e72d2cdef3481d296.json
28-04 13:19:48 +00:00: Uploading file: jdmelody-ps4-patreon.json as jdmelody-ps4-patreon.34e2e471f601f52da26c5d35dd2a6af4.json
28-04 13:19:48 +00:00: File uploaded: jdmelody-ps4-patreon.34e2e471f601f52da26c5d35dd2a6af4.json
28-04 13:19:48 +00:00: Updated local JSON file: data/songdb/PS4/SongDB_Patreon.json with URL: https://jdmo-cdn.c0llydoll.com/private/songdb/jdmelody-ps4-patreon.34e2e471f601f52da26c5d35dd2a6af4.json
28-04 13:19:48 +00:00: Uploading file: jdmelody-pc-patreon.json as jdmelody-pc-patreon.fec1512ad44f3314e367a0a4505724d0.json
28-04 13:19:48 +00:00: File uploaded: jdmelody-pc-patreon.fec1512ad44f3314e367a0a4505724d0.json
28-04 13:19:48 +00:00: Updated local JSON file: data/songdb/PC/SongDB_Patreon.json with URL: https://jdmo-cdn.c0llydoll.com/private/songdb/jdmelody-pc-patreon.fec1512ad44f3314e367a0a4505724d0.json
28-04 13:19:48 +00:00: Uploading file: jdmelody-nx-dev.json as jdmelody-nx-dev.5c7aea3e169aa6caca29e5b57c9504d3.json
28-04 13:19:49 +00:00: File uploaded: jdmelody-nx-dev.5c7aea3e169aa6caca29e5b57c9504d3.json
28-04 13:19:49 +00:00: Updated local JSON file: data/songdb/NX/SongDB_Dev.json with URL: https://jdmo-cdn.c0llydoll.com/private/songdb/jdmelody-nx-dev.5c7aea3e169aa6caca29e5b57c9504d3.json
28-04 13:19:49 +00:00: Uploading file: jdmelody-ps4-dev.json as jdmelody-ps4-dev.55ac1942651fe742d953eab45d5d1d33.json
28-04 13:19:49 +00:00: File uploaded: jdmelody-ps4-dev.55ac1942651fe742d953eab45d5d1d33.json
28-04 13:19:49 +00:00: Updated local JSON file: data/songdb/PS4/SongDB_Dev.json with URL: https://jdmo-cdn.c0llydoll.com/private/songdb/jdmelody-ps4-dev.55ac1942651fe742d953eab45d5d1d33.json
28-04 13:19:49 +00:00: Uploading file: jdmelody-pc-dev.json as jdmelody-pc-dev.f9cbd604907ce0056086bc42dec49c5c.json
28-04 13:19:50 +00:00: File uploaded: jdmelody-pc-dev.f9cbd604907ce0056086bc42dec49c5c.json
28-04 13:19:50 +00:00: Updated local JSON file: data/songdb/PC/SongDB_Dev.json with URL: https://jdmo-cdn.c0llydoll.com/private/songdb/jdmelody-pc-dev.f9cbd604907ce0056086bc42dec49c5c.json
28-04 14:19:25 +00:00: Saved data to /root/JDMO/main/main/database/Maps/ProudMary.json
28-04 14:43:56 +00:00: Saved data to /root/JDMO/main/main/database/Maps/PumpUp.json
28-04 14:44:23 +00:00: Uploading file: jdmelody-nx-all.json as jdmelody-nx-all.5f379d66380daaa2a622af5d0dd8412c.json
28-04 14:44:23 +00:00: File uploaded: jdmelody-nx-all.5f379d66380daaa2a622af5d0dd8412c.json
28-04 14:44:23 +00:00: Updated local JSON file: data/songdb/NX/SongDB.json with URL: https://jdmo-cdn.c0llydoll.com/private/songdb/jdmelody-nx-all.5f379d66380daaa2a622af5d0dd8412c.json
28-04 14:44:23 +00:00: Uploading file: jdmelody-ps4-all.json as jdmelody-ps4-all.9e3e1ebf03a601880734000bbc12e53a.json
28-04 14:44:24 +00:00: File uploaded: jdmelody-ps4-all.9e3e1ebf03a601880734000bbc12e53a.json
28-04 14:44:24 +00:00: Updated local JSON file: data/songdb/PS4/SongDB.json with URL: https://jdmo-cdn.c0llydoll.com/private/songdb/jdmelody-ps4-all.9e3e1ebf03a601880734000bbc12e53a.json
28-04 14:44:24 +00:00: Uploading file: jdmelody-pc-all.json as jdmelody-pc-all.af7cb6f9248537e08861b1709d36864c.json
28-04 14:44:25 +00:00: File uploaded: jdmelody-pc-all.af7cb6f9248537e08861b1709d36864c.json
28-04 14:44:25 +00:00: Updated local JSON file: data/songdb/PC/SongDB.json with URL: https://jdmo-cdn.c0llydoll.com/private/songdb/jdmelody-pc-all.af7cb6f9248537e08861b1709d36864c.json
28-04 14:44:25 +00:00: Uploading file: jdmelody-nx-patreon.json as jdmelody-nx-patreon.408354bb771f718e72d2cdef3481d296.json
28-04 14:44:25 +00:00: File uploaded: jdmelody-nx-patreon.408354bb771f718e72d2cdef3481d296.json
28-04 14:44:25 +00:00: Updated local JSON file: data/songdb/NX/SongDB_Patreon.json with URL: https://jdmo-cdn.c0llydoll.com/private/songdb/jdmelody-nx-patreon.408354bb771f718e72d2cdef3481d296.json
28-04 14:44:25 +00:00: Uploading file: jdmelody-ps4-patreon.json as jdmelody-ps4-patreon.34e2e471f601f52da26c5d35dd2a6af4.json
28-04 14:44:25 +00:00: File uploaded: jdmelody-ps4-patreon.34e2e471f601f52da26c5d35dd2a6af4.json
28-04 14:44:25 +00:00: Updated local JSON file: data/songdb/PS4/SongDB_Patreon.json with URL: https://jdmo-cdn.c0llydoll.com/private/songdb/jdmelody-ps4-patreon.34e2e471f601f52da26c5d35dd2a6af4.json
28-04 14:44:25 +00:00: Uploading file: jdmelody-pc-patreon.json as jdmelody-pc-patreon.fec1512ad44f3314e367a0a4505724d0.json
28-04 14:44:25 +00:00: File uploaded: jdmelody-pc-patreon.fec1512ad44f3314e367a0a4505724d0.json
28-04 14:44:25 +00:00: Updated local JSON file: data/songdb/PC/SongDB_Patreon.json with URL: https://jdmo-cdn.c0llydoll.com/private/songdb/jdmelody-pc-patreon.fec1512ad44f3314e367a0a4505724d0.json
28-04 14:44:25 +00:00: Uploading file: jdmelody-nx-dev.json as jdmelody-nx-dev.8fbc18f7b42acc2c7839360fcfdfa041.json
28-04 14:44:26 +00:00: File uploaded: jdmelody-nx-dev.8fbc18f7b42acc2c7839360fcfdfa041.json
28-04 14:44:26 +00:00: Updated local JSON file: data/songdb/NX/SongDB_Dev.json with URL: https://jdmo-cdn.c0llydoll.com/private/songdb/jdmelody-nx-dev.8fbc18f7b42acc2c7839360fcfdfa041.json
28-04 14:44:26 +00:00: Uploading file: jdmelody-ps4-dev.json as jdmelody-ps4-dev.db0f6b68f51c1d7da92956f2bc162c85.json
28-04 14:44:26 +00:00: File uploaded: jdmelody-ps4-dev.db0f6b68f51c1d7da92956f2bc162c85.json
28-04 14:44:26 +00:00: Updated local JSON file: data/songdb/PS4/SongDB_Dev.json with URL: https://jdmo-cdn.c0llydoll.com/private/songdb/jdmelody-ps4-dev.db0f6b68f51c1d7da92956f2bc162c85.json
28-04 14:44:26 +00:00: Uploading file: jdmelody-pc-dev.json as jdmelody-pc-dev.b1d76fe07f9a3aa49d119f4296c0655b.json
28-04 14:44:27 +00:00: File uploaded: jdmelody-pc-dev.b1d76fe07f9a3aa49d119f4296c0655b.json
28-04 14:44:27 +00:00: Updated local JSON file: data/songdb/PC/SongDB_Dev.json with URL: https://jdmo-cdn.c0llydoll.com/private/songdb/jdmelody-pc-dev.b1d76fe07f9a3aa49d119f4296c0655b.json
28-04 15:53:03 +00:00: Saved data to /root/JDMO/main/main/database/Maps/Pon.json
28-04 15:53:12 +00:00: Uploading file: jdmelody-nx-all.json as jdmelody-nx-all.5f379d66380daaa2a622af5d0dd8412c.json
28-04 15:53:13 +00:00: File uploaded: jdmelody-nx-all.5f379d66380daaa2a622af5d0dd8412c.json
28-04 15:53:13 +00:00: Updated local JSON file: data/songdb/NX/SongDB.json with URL: https://jdmo-cdn.c0llydoll.com/private/songdb/jdmelody-nx-all.5f379d66380daaa2a622af5d0dd8412c.json
28-04 15:53:13 +00:00: Uploading file: jdmelody-ps4-all.json as jdmelody-ps4-all.9e3e1ebf03a601880734000bbc12e53a.json
28-04 15:53:13 +00:00: File uploaded: jdmelody-ps4-all.9e3e1ebf03a601880734000bbc12e53a.json
28-04 15:53:13 +00:00: Updated local JSON file: data/songdb/PS4/SongDB.json with URL: https://jdmo-cdn.c0llydoll.com/private/songdb/jdmelody-ps4-all.9e3e1ebf03a601880734000bbc12e53a.json
28-04 15:53:13 +00:00: Uploading file: jdmelody-pc-all.json as jdmelody-pc-all.af7cb6f9248537e08861b1709d36864c.json
28-04 15:53:13 +00:00: File uploaded: jdmelody-pc-all.af7cb6f9248537e08861b1709d36864c.json
28-04 15:53:13 +00:00: Updated local JSON file: data/songdb/PC/SongDB.json with URL: https://jdmo-cdn.c0llydoll.com/private/songdb/jdmelody-pc-all.af7cb6f9248537e08861b1709d36864c.json
28-04 15:53:13 +00:00: Uploading file: jdmelody-nx-patreon.json as jdmelody-nx-patreon.408354bb771f718e72d2cdef3481d296.json
28-04 15:53:14 +00:00: File uploaded: jdmelody-nx-patreon.408354bb771f718e72d2cdef3481d296.json
28-04 15:53:14 +00:00: Updated local JSON file: data/songdb/NX/SongDB_Patreon.json with URL: https://jdmo-cdn.c0llydoll.com/private/songdb/jdmelody-nx-patreon.408354bb771f718e72d2cdef3481d296.json
28-04 15:53:14 +00:00: Uploading file: jdmelody-ps4-patreon.json as jdmelody-ps4-patreon.34e2e471f601f52da26c5d35dd2a6af4.json
28-04 15:53:14 +00:00: File uploaded: jdmelody-ps4-patreon.34e2e471f601f52da26c5d35dd2a6af4.json
28-04 15:53:14 +00:00: Updated local JSON file: data/songdb/PS4/SongDB_Patreon.json with URL: https://jdmo-cdn.c0llydoll.com/private/songdb/jdmelody-ps4-patreon.34e2e471f601f52da26c5d35dd2a6af4.json
28-04 15:53:14 +00:00: Uploading file: jdmelody-pc-patreon.json as jdmelody-pc-patreon.fec1512ad44f3314e367a0a4505724d0.json
28-04 15:53:14 +00:00: File uploaded: jdmelody-pc-patreon.fec1512ad44f3314e367a0a4505724d0.json
28-04 15:53:14 +00:00: Updated local JSON file: data/songdb/PC/SongDB_Patreon.json with URL: https://jdmo-cdn.c0llydoll.com/private/songdb/jdmelody-pc-patreon.fec1512ad44f3314e367a0a4505724d0.json
28-04 15:53:14 +00:00: Uploading file: jdmelody-nx-dev.json as jdmelody-nx-dev.4e6d6fc0c4414c54cdba9257e0fc5092.json
28-04 15:53:15 +00:00: File uploaded: jdmelody-nx-dev.4e6d6fc0c4414c54cdba9257e0fc5092.json
28-04 15:53:15 +00:00: Updated local JSON file: data/songdb/NX/SongDB_Dev.json with URL: https://jdmo-cdn.c0llydoll.com/private/songdb/jdmelody-nx-dev.4e6d6fc0c4414c54cdba9257e0fc5092.json
28-04 15:53:15 +00:00: Uploading file: jdmelody-ps4-dev.json as jdmelody-ps4-dev.5a8e9531bb961fc0f1d6a4e249355471.json
28-04 15:53:15 +00:00: File uploaded: jdmelody-ps4-dev.5a8e9531bb961fc0f1d6a4e249355471.json
28-04 15:53:15 +00:00: Updated local JSON file: data/songdb/PS4/SongDB_Dev.json with URL: https://jdmo-cdn.c0llydoll.com/private/songdb/jdmelody-ps4-dev.5a8e9531bb961fc0f1d6a4e249355471.json
28-04 15:53:15 +00:00: Uploading file: jdmelody-pc-dev.json as jdmelody-pc-dev.b4a24161557bcef3b1c729ebfbf04b15.json
28-04 15:53:15 +00:00: File uploaded: jdmelody-pc-dev.b4a24161557bcef3b1c729ebfbf04b15.json
28-04 15:53:15 +00:00: Updated local JSON file: data/songdb/PC/SongDB_Dev.json with URL: https://jdmo-cdn.c0llydoll.com/private/songdb/jdmelody-pc-dev.b4a24161557bcef3b1c729ebfbf04b15.json
28-04 16:35:58 +00:00: /root/JDMO/main/main/database/Maps
28-04 16:35:58 +00:00: JDM API Server running at https://2.56.246.74:443/
28-04 16:35:58 +00:00: JWT Module Redis client connected
29-04 12:35:04 +00:00: Saved data to /root/JDMO/main/main/database/Maps/Rasputin.json
29-04 12:36:41 +00:00: Uploading file: jdmelody-nx-all.json as jdmelody-nx-all.5f379d66380daaa2a622af5d0dd8412c.json
29-04 12:36:41 +00:00: File uploaded: jdmelody-nx-all.5f379d66380daaa2a622af5d0dd8412c.json
29-04 12:36:41 +00:00: Updated local JSON file: data/songdb/NX/SongDB.json with URL: https://jdmo-cdn.c0llydoll.com/private/songdb/jdmelody-nx-all.5f379d66380daaa2a622af5d0dd8412c.json
29-04 12:36:41 +00:00: Uploading file: jdmelody-ps4-all.json as jdmelody-ps4-all.9e3e1ebf03a601880734000bbc12e53a.json
29-04 12:36:46 +00:00: File uploaded: jdmelody-ps4-all.9e3e1ebf03a601880734000bbc12e53a.json
29-04 12:36:46 +00:00: Updated local JSON file: data/songdb/PS4/SongDB.json with URL: https://jdmo-cdn.c0llydoll.com/private/songdb/jdmelody-ps4-all.9e3e1ebf03a601880734000bbc12e53a.json
29-04 12:36:46 +00:00: Uploading file: jdmelody-pc-all.json as jdmelody-pc-all.af7cb6f9248537e08861b1709d36864c.json
29-04 12:36:47 +00:00: File uploaded: jdmelody-pc-all.af7cb6f9248537e08861b1709d36864c.json
29-04 12:36:47 +00:00: Updated local JSON file: data/songdb/PC/SongDB.json with URL: https://jdmo-cdn.c0llydoll.com/private/songdb/jdmelody-pc-all.af7cb6f9248537e08861b1709d36864c.json
29-04 12:36:47 +00:00: Uploading file: jdmelody-nx-patreon.json as jdmelody-nx-patreon.408354bb771f718e72d2cdef3481d296.json
29-04 12:36:47 +00:00: File uploaded: jdmelody-nx-patreon.408354bb771f718e72d2cdef3481d296.json
29-04 12:36:47 +00:00: Updated local JSON file: data/songdb/NX/SongDB_Patreon.json with URL: https://jdmo-cdn.c0llydoll.com/private/songdb/jdmelody-nx-patreon.408354bb771f718e72d2cdef3481d296.json
29-04 12:36:47 +00:00: Uploading file: jdmelody-ps4-patreon.json as jdmelody-ps4-patreon.34e2e471f601f52da26c5d35dd2a6af4.json
29-04 12:36:48 +00:00: File uploaded: jdmelody-ps4-patreon.34e2e471f601f52da26c5d35dd2a6af4.json
29-04 12:36:48 +00:00: Updated local JSON file: data/songdb/PS4/SongDB_Patreon.json with URL: https://jdmo-cdn.c0llydoll.com/private/songdb/jdmelody-ps4-patreon.34e2e471f601f52da26c5d35dd2a6af4.json
29-04 12:36:48 +00:00: Uploading file: jdmelody-pc-patreon.json as jdmelody-pc-patreon.fec1512ad44f3314e367a0a4505724d0.json
29-04 12:36:48 +00:00: File uploaded: jdmelody-pc-patreon.fec1512ad44f3314e367a0a4505724d0.json
29-04 12:36:48 +00:00: Updated local JSON file: data/songdb/PC/SongDB_Patreon.json with URL: https://jdmo-cdn.c0llydoll.com/private/songdb/jdmelody-pc-patreon.fec1512ad44f3314e367a0a4505724d0.json
29-04 12:36:48 +00:00: Uploading file: jdmelody-nx-dev.json as jdmelody-nx-dev.30a7e7fe40a348744c97efad456cd97a.json
29-04 12:36:48 +00:00: File uploaded: jdmelody-nx-dev.30a7e7fe40a348744c97efad456cd97a.json
29-04 12:36:48 +00:00: Updated local JSON file: data/songdb/NX/SongDB_Dev.json with URL: https://jdmo-cdn.c0llydoll.com/private/songdb/jdmelody-nx-dev.30a7e7fe40a348744c97efad456cd97a.json
29-04 12:36:49 +00:00: Uploading file: jdmelody-ps4-dev.json as jdmelody-ps4-dev.55c4f256194abd655969c34f4528f504.json
29-04 12:36:49 +00:00: File uploaded: jdmelody-ps4-dev.55c4f256194abd655969c34f4528f504.json
29-04 12:36:49 +00:00: Updated local JSON file: data/songdb/PS4/SongDB_Dev.json with URL: https://jdmo-cdn.c0llydoll.com/private/songdb/jdmelody-ps4-dev.55c4f256194abd655969c34f4528f504.json
29-04 12:36:49 +00:00: Uploading file: jdmelody-pc-dev.json as jdmelody-pc-dev.360fb3a959c2b8d21327a85f5cf16a63.json
29-04 12:36:49 +00:00: File uploaded: jdmelody-pc-dev.360fb3a959c2b8d21327a85f5cf16a63.json
29-04 12:36:49 +00:00: Updated local JSON file: data/songdb/PC/SongDB_Dev.json with URL: https://jdmo-cdn.c0llydoll.com/private/songdb/jdmelody-pc-dev.360fb3a959c2b8d21327a85f5cf16a63.json
29-04 13:45:42 +00:00: Saved data to /root/JDMO/main/main/database/Maps/Rockafeller.json
29-04 13:45:57 +00:00: Uploading file: jdmelody-nx-all.json as jdmelody-nx-all.5f379d66380daaa2a622af5d0dd8412c.json
29-04 13:45:57 +00:00: File uploaded: jdmelody-nx-all.5f379d66380daaa2a622af5d0dd8412c.json
29-04 13:45:57 +00:00: Updated local JSON file: data/songdb/NX/SongDB.json with URL: https://jdmo-cdn.c0llydoll.com/private/songdb/jdmelody-nx-all.5f379d66380daaa2a622af5d0dd8412c.json
29-04 13:45:58 +00:00: Uploading file: jdmelody-ps4-all.json as jdmelody-ps4-all.9e3e1ebf03a601880734000bbc12e53a.json
29-04 13:45:58 +00:00: File uploaded: jdmelody-ps4-all.9e3e1ebf03a601880734000bbc12e53a.json
29-04 13:45:58 +00:00: Updated local JSON file: data/songdb/PS4/SongDB.json with URL: https://jdmo-cdn.c0llydoll.com/private/songdb/jdmelody-ps4-all.9e3e1ebf03a601880734000bbc12e53a.json
29-04 13:45:58 +00:00: Uploading file: jdmelody-pc-all.json as jdmelody-pc-all.af7cb6f9248537e08861b1709d36864c.json
29-04 13:45:58 +00:00: File uploaded: jdmelody-pc-all.af7cb6f9248537e08861b1709d36864c.json
29-04 13:45:58 +00:00: Updated local JSON file: data/songdb/PC/SongDB.json with URL: https://jdmo-cdn.c0llydoll.com/private/songdb/jdmelody-pc-all.af7cb6f9248537e08861b1709d36864c.json
29-04 13:45:58 +00:00: Uploading file: jdmelody-nx-patreon.json as jdmelody-nx-patreon.408354bb771f718e72d2cdef3481d296.json
29-04 13:45:58 +00:00: File uploaded: jdmelody-nx-patreon.408354bb771f718e72d2cdef3481d296.json
29-04 13:45:58 +00:00: Updated local JSON file: data/songdb/NX/SongDB_Patreon.json with URL: https://jdmo-cdn.c0llydoll.com/private/songdb/jdmelody-nx-patreon.408354bb771f718e72d2cdef3481d296.json
29-04 13:45:58 +00:00: Uploading file: jdmelody-ps4-patreon.json as jdmelody-ps4-patreon.34e2e471f601f52da26c5d35dd2a6af4.json
29-04 13:45:59 +00:00: File uploaded: jdmelody-ps4-patreon.34e2e471f601f52da26c5d35dd2a6af4.json
29-04 13:45:59 +00:00: Updated local JSON file: data/songdb/PS4/SongDB_Patreon.json with URL: https://jdmo-cdn.c0llydoll.com/private/songdb/jdmelody-ps4-patreon.34e2e471f601f52da26c5d35dd2a6af4.json
29-04 13:45:59 +00:00: Uploading file: jdmelody-pc-patreon.json as jdmelody-pc-patreon.fec1512ad44f3314e367a0a4505724d0.json
29-04 13:45:59 +00:00: File uploaded: jdmelody-pc-patreon.fec1512ad44f3314e367a0a4505724d0.json
29-04 13:45:59 +00:00: Updated local JSON file: data/songdb/PC/SongDB_Patreon.json with URL: https://jdmo-cdn.c0llydoll.com/private/songdb/jdmelody-pc-patreon.fec1512ad44f3314e367a0a4505724d0.json
29-04 13:45:59 +00:00: Uploading file: jdmelody-nx-dev.json as jdmelody-nx-dev.935b4c5831e38f8c5a33e5894be0f551.json
29-04 13:45:59 +00:00: File uploaded: jdmelody-nx-dev.935b4c5831e38f8c5a33e5894be0f551.json
29-04 13:45:59 +00:00: Updated local JSON file: data/songdb/NX/SongDB_Dev.json with URL: https://jdmo-cdn.c0llydoll.com/private/songdb/jdmelody-nx-dev.935b4c5831e38f8c5a33e5894be0f551.json
29-04 13:45:59 +00:00: Uploading file: jdmelody-ps4-dev.json as jdmelody-ps4-dev.4ae965efeb4e7c7034c1b9ea54a09f7e.json
29-04 13:46:00 +00:00: File uploaded: jdmelody-ps4-dev.4ae965efeb4e7c7034c1b9ea54a09f7e.json
29-04 13:46:00 +00:00: Updated local JSON file: data/songdb/PS4/SongDB_Dev.json with URL: https://jdmo-cdn.c0llydoll.com/private/songdb/jdmelody-ps4-dev.4ae965efeb4e7c7034c1b9ea54a09f7e.json
29-04 13:46:00 +00:00: Uploading file: jdmelody-pc-dev.json as jdmelody-pc-dev.16727b4fbd7a0134130b55c185f5ddf9.json
29-04 13:46:00 +00:00: File uploaded: jdmelody-pc-dev.16727b4fbd7a0134130b55c185f5ddf9.json
29-04 13:46:00 +00:00: Updated local JSON file: data/songdb/PC/SongDB_Dev.json with URL: https://jdmo-cdn.c0llydoll.com/private/songdb/jdmelody-pc-dev.16727b4fbd7a0134130b55c185f5ddf9.json
29-04 14:52:44 +00:00: Saved data to /root/JDMO/main/main/database/Maps/ShouldIStay.json
29-04 15:04:18 +00:00: Saved data to /root/JDMO/main/main/database/Maps/SkinToSkin.json
29-04 15:47:17 +00:00: Saved data to /root/JDMO/main/main/database/Maps/Song2.json
29-04 16:12:49 +00:00: Saved data to /root/JDMO/main/main/database/Maps/SOS.json
29-04 16:13:08 +00:00: Uploading file: jdmelody-nx-all.json as jdmelody-nx-all.5f379d66380daaa2a622af5d0dd8412c.json
29-04 16:13:09 +00:00: File uploaded: jdmelody-nx-all.5f379d66380daaa2a622af5d0dd8412c.json
29-04 16:13:09 +00:00: Updated local JSON file: data/songdb/NX/SongDB.json with URL: https://jdmo-cdn.c0llydoll.com/private/songdb/jdmelody-nx-all.5f379d66380daaa2a622af5d0dd8412c.json
29-04 16:13:09 +00:00: Uploading file: jdmelody-ps4-all.json as jdmelody-ps4-all.9e3e1ebf03a601880734000bbc12e53a.json
29-04 16:13:09 +00:00: File uploaded: jdmelody-ps4-all.9e3e1ebf03a601880734000bbc12e53a.json
29-04 16:13:09 +00:00: Updated local JSON file: data/songdb/PS4/SongDB.json with URL: https://jdmo-cdn.c0llydoll.com/private/songdb/jdmelody-ps4-all.9e3e1ebf03a601880734000bbc12e53a.json
29-04 16:13:09 +00:00: Uploading file: jdmelody-pc-all.json as jdmelody-pc-all.af7cb6f9248537e08861b1709d36864c.json
29-04 16:13:10 +00:00: File uploaded: jdmelody-pc-all.af7cb6f9248537e08861b1709d36864c.json
29-04 16:13:10 +00:00: Updated local JSON file: data/songdb/PC/SongDB.json with URL: https://jdmo-cdn.c0llydoll.com/private/songdb/jdmelody-pc-all.af7cb6f9248537e08861b1709d36864c.json
29-04 16:13:10 +00:00: Uploading file: jdmelody-nx-patreon.json as jdmelody-nx-patreon.408354bb771f718e72d2cdef3481d296.json
29-04 16:13:10 +00:00: File uploaded: jdmelody-nx-patreon.408354bb771f718e72d2cdef3481d296.json
29-04 16:13:10 +00:00: Updated local JSON file: data/songdb/NX/SongDB_Patreon.json with URL: https://jdmo-cdn.c0llydoll.com/private/songdb/jdmelody-nx-patreon.408354bb771f718e72d2cdef3481d296.json
29-04 16:13:10 +00:00: Uploading file: jdmelody-ps4-patreon.json as jdmelody-ps4-patreon.34e2e471f601f52da26c5d35dd2a6af4.json
29-04 16:13:10 +00:00: File uploaded: jdmelody-ps4-patreon.34e2e471f601f52da26c5d35dd2a6af4.json
29-04 16:13:10 +00:00: Updated local JSON file: data/songdb/PS4/SongDB_Patreon.json with URL: https://jdmo-cdn.c0llydoll.com/private/songdb/jdmelody-ps4-patreon.34e2e471f601f52da26c5d35dd2a6af4.json
29-04 16:13:10 +00:00: Uploading file: jdmelody-pc-patreon.json as jdmelody-pc-patreon.fec1512ad44f3314e367a0a4505724d0.json
29-04 16:13:11 +00:00: File uploaded: jdmelody-pc-patreon.fec1512ad44f3314e367a0a4505724d0.json
29-04 16:13:11 +00:00: Updated local JSON file: data/songdb/PC/SongDB_Patreon.json with URL: https://jdmo-cdn.c0llydoll.com/private/songdb/jdmelody-pc-patreon.fec1512ad44f3314e367a0a4505724d0.json
29-04 16:13:11 +00:00: Uploading file: jdmelody-nx-dev.json as jdmelody-nx-dev.91f25952847e481c7f56703bc4e23faa.json
29-04 16:13:11 +00:00: File uploaded: jdmelody-nx-dev.91f25952847e481c7f56703bc4e23faa.json
29-04 16:13:11 +00:00: Updated local JSON file: data/songdb/NX/SongDB_Dev.json with URL: https://jdmo-cdn.c0llydoll.com/private/songdb/jdmelody-nx-dev.91f25952847e481c7f56703bc4e23faa.json
29-04 16:13:11 +00:00: Uploading file: jdmelody-ps4-dev.json as jdmelody-ps4-dev.edc6f7925dcca11cccdceff77d735ef7.json
29-04 16:13:11 +00:00: File uploaded: jdmelody-ps4-dev.edc6f7925dcca11cccdceff77d735ef7.json
29-04 16:13:11 +00:00: Updated local JSON file: data/songdb/PS4/SongDB_Dev.json with URL: https://jdmo-cdn.c0llydoll.com/private/songdb/jdmelody-ps4-dev.edc6f7925dcca11cccdceff77d735ef7.json
29-04 16:13:11 +00:00: Uploading file: jdmelody-pc-dev.json as jdmelody-pc-dev.ccb7e61088799ba20aa362828f7af2f1.json
29-04 16:13:12 +00:00: File uploaded: jdmelody-pc-dev.ccb7e61088799ba20aa362828f7af2f1.json
29-04 16:13:12 +00:00: Updated local JSON file: data/songdb/PC/SongDB_Dev.json with URL: https://jdmo-cdn.c0llydoll.com/private/songdb/jdmelody-pc-dev.ccb7e61088799ba20aa362828f7af2f1.json
29-04 16:34:06 +00:00: Saved data to /root/JDMO/main/main/database/Maps/SoulBossaNova.json
29-04 16:52:17 +00:00: Saved data to /root/JDMO/main/main/database/Maps/SpiceUp.json
29-04 16:52:31 +00:00: Uploading file: jdmelody-nx-all.json as jdmelody-nx-all.5f379d66380daaa2a622af5d0dd8412c.json
29-04 16:52:31 +00:00: File uploaded: jdmelody-nx-all.5f379d66380daaa2a622af5d0dd8412c.json
29-04 16:52:31 +00:00: Updated local JSON file: data/songdb/NX/SongDB.json with URL: https://jdmo-cdn.c0llydoll.com/private/songdb/jdmelody-nx-all.5f379d66380daaa2a622af5d0dd8412c.json
29-04 16:52:31 +00:00: Uploading file: jdmelody-ps4-all.json as jdmelody-ps4-all.9e3e1ebf03a601880734000bbc12e53a.json
29-04 16:52:32 +00:00: File uploaded: jdmelody-ps4-all.9e3e1ebf03a601880734000bbc12e53a.json
29-04 16:52:32 +00:00: Updated local JSON file: data/songdb/PS4/SongDB.json with URL: https://jdmo-cdn.c0llydoll.com/private/songdb/jdmelody-ps4-all.9e3e1ebf03a601880734000bbc12e53a.json
29-04 16:52:32 +00:00: Uploading file: jdmelody-pc-all.json as jdmelody-pc-all.af7cb6f9248537e08861b1709d36864c.json
29-04 16:52:32 +00:00: File uploaded: jdmelody-pc-all.af7cb6f9248537e08861b1709d36864c.json
29-04 16:52:32 +00:00: Updated local JSON file: data/songdb/PC/SongDB.json with URL: https://jdmo-cdn.c0llydoll.com/private/songdb/jdmelody-pc-all.af7cb6f9248537e08861b1709d36864c.json
29-04 16:52:32 +00:00: Uploading file: jdmelody-nx-patreon.json as jdmelody-nx-patreon.408354bb771f718e72d2cdef3481d296.json
29-04 16:52:33 +00:00: File uploaded: jdmelody-nx-patreon.408354bb771f718e72d2cdef3481d296.json
29-04 16:52:33 +00:00: Updated local JSON file: data/songdb/NX/SongDB_Patreon.json with URL: https://jdmo-cdn.c0llydoll.com/private/songdb/jdmelody-nx-patreon.408354bb771f718e72d2cdef3481d296.json
29-04 16:52:33 +00:00: Uploading file: jdmelody-ps4-patreon.json as jdmelody-ps4-patreon.34e2e471f601f52da26c5d35dd2a6af4.json
29-04 16:52:33 +00:00: File uploaded: jdmelody-ps4-patreon.34e2e471f601f52da26c5d35dd2a6af4.json
29-04 16:52:33 +00:00: Updated local JSON file: data/songdb/PS4/SongDB_Patreon.json with URL: https://jdmo-cdn.c0llydoll.com/private/songdb/jdmelody-ps4-patreon.34e2e471f601f52da26c5d35dd2a6af4.json
29-04 16:52:33 +00:00: Uploading file: jdmelody-pc-patreon.json as jdmelody-pc-patreon.fec1512ad44f3314e367a0a4505724d0.json
29-04 16:52:33 +00:00: File uploaded: jdmelody-pc-patreon.fec1512ad44f3314e367a0a4505724d0.json
29-04 16:52:33 +00:00: Updated local JSON file: data/songdb/PC/SongDB_Patreon.json with URL: https://jdmo-cdn.c0llydoll.com/private/songdb/jdmelody-pc-patreon.fec1512ad44f3314e367a0a4505724d0.json
29-04 16:52:33 +00:00: Uploading file: jdmelody-nx-dev.json as jdmelody-nx-dev.8503344b382a1c8829628d0fe2588942.json
29-04 16:52:33 +00:00: File uploaded: jdmelody-nx-dev.8503344b382a1c8829628d0fe2588942.json
29-04 16:52:33 +00:00: Updated local JSON file: data/songdb/NX/SongDB_Dev.json with URL: https://jdmo-cdn.c0llydoll.com/private/songdb/jdmelody-nx-dev.8503344b382a1c8829628d0fe2588942.json
29-04 16:52:33 +00:00: Uploading file: jdmelody-ps4-dev.json as jdmelody-ps4-dev.f36eaa20608ed10347d5c3a8b2d2fc80.json
29-04 16:52:34 +00:00: File uploaded: jdmelody-ps4-dev.f36eaa20608ed10347d5c3a8b2d2fc80.json
29-04 16:52:34 +00:00: Updated local JSON file: data/songdb/PS4/SongDB_Dev.json with URL: https://jdmo-cdn.c0llydoll.com/private/songdb/jdmelody-ps4-dev.f36eaa20608ed10347d5c3a8b2d2fc80.json
29-04 16:52:34 +00:00: Uploading file: jdmelody-pc-dev.json as jdmelody-pc-dev.c0c1b09e4f6adb31bef30d44066544f9.json
29-04 16:52:34 +00:00: File uploaded: jdmelody-pc-dev.c0c1b09e4f6adb31bef30d44066544f9.json
29-04 16:52:34 +00:00: Updated local JSON file: data/songdb/PC/SongDB_Dev.json with URL: https://jdmo-cdn.c0llydoll.com/private/songdb/jdmelody-pc-dev.c0c1b09e4f6adb31bef30d44066544f9.json
29-04 18:14:05 +00:00: Saved data to /root/JDMO/main/main/database/Maps/SympathyDevil.json
29-04 18:57:37 +00:00: Saved data to /root/JDMO/main/main/database/Maps/RiverSide.json
29-04 19:01:15 +00:00: Saved data to /root/JDMO/main/main/database/Maps/RiverSide.json
29-04 19:01:45 +00:00: Saved data to /root/JDMO/main/main/database/Maps/RiverSide.json
29-04 19:02:54 +00:00: Saved data to /root/JDMO/main/main/database/Maps/RiverSide.json
29-04 19:03:03 +00:00: Uploading file: jdmelody-nx-all.json as jdmelody-nx-all.5f379d66380daaa2a622af5d0dd8412c.json
29-04 19:03:03 +00:00: File uploaded: jdmelody-nx-all.5f379d66380daaa2a622af5d0dd8412c.json
29-04 19:03:03 +00:00: Updated local JSON file: data/songdb/NX/SongDB.json with URL: https://jdmo-cdn.c0llydoll.com/private/songdb/jdmelody-nx-all.5f379d66380daaa2a622af5d0dd8412c.json
29-04 19:03:03 +00:00: Uploading file: jdmelody-ps4-all.json as jdmelody-ps4-all.9e3e1ebf03a601880734000bbc12e53a.json
29-04 19:03:04 +00:00: File uploaded: jdmelody-ps4-all.9e3e1ebf03a601880734000bbc12e53a.json
29-04 19:03:04 +00:00: Updated local JSON file: data/songdb/PS4/SongDB.json with URL: https://jdmo-cdn.c0llydoll.com/private/songdb/jdmelody-ps4-all.9e3e1ebf03a601880734000bbc12e53a.json
29-04 19:03:04 +00:00: Uploading file: jdmelody-pc-all.json as jdmelody-pc-all.af7cb6f9248537e08861b1709d36864c.json
29-04 19:03:04 +00:00: File uploaded: jdmelody-pc-all.af7cb6f9248537e08861b1709d36864c.json
29-04 19:03:04 +00:00: Updated local JSON file: data/songdb/PC/SongDB.json with URL: https://jdmo-cdn.c0llydoll.com/private/songdb/jdmelody-pc-all.af7cb6f9248537e08861b1709d36864c.json
29-04 19:03:04 +00:00: Uploading file: jdmelody-nx-patreon.json as jdmelody-nx-patreon.408354bb771f718e72d2cdef3481d296.json
29-04 19:03:04 +00:00: File uploaded: jdmelody-nx-patreon.408354bb771f718e72d2cdef3481d296.json
29-04 19:03:04 +00:00: Updated local JSON file: data/songdb/NX/SongDB_Patreon.json with URL: https://jdmo-cdn.c0llydoll.com/private/songdb/jdmelody-nx-patreon.408354bb771f718e72d2cdef3481d296.json
29-04 19:03:04 +00:00: Uploading file: jdmelody-ps4-patreon.json as jdmelody-ps4-patreon.34e2e471f601f52da26c5d35dd2a6af4.json
29-04 19:03:04 +00:00: File uploaded: jdmelody-ps4-patreon.34e2e471f601f52da26c5d35dd2a6af4.json
29-04 19:03:04 +00:00: Updated local JSON file: data/songdb/PS4/SongDB_Patreon.json with URL: https://jdmo-cdn.c0llydoll.com/private/songdb/jdmelody-ps4-patreon.34e2e471f601f52da26c5d35dd2a6af4.json
29-04 19:03:04 +00:00: Uploading file: jdmelody-pc-patreon.json as jdmelody-pc-patreon.fec1512ad44f3314e367a0a4505724d0.json
29-04 19:03:05 +00:00: File uploaded: jdmelody-pc-patreon.fec1512ad44f3314e367a0a4505724d0.json
29-04 19:03:05 +00:00: Updated local JSON file: data/songdb/PC/SongDB_Patreon.json with URL: https://jdmo-cdn.c0llydoll.com/private/songdb/jdmelody-pc-patreon.fec1512ad44f3314e367a0a4505724d0.json
29-04 19:03:05 +00:00: Uploading file: jdmelody-nx-dev.json as jdmelody-nx-dev.f0a15a7bfce8ab65202dac95867ba9bf.json
29-04 19:03:05 +00:00: File uploaded: jdmelody-nx-dev.f0a15a7bfce8ab65202dac95867ba9bf.json
29-04 19:03:05 +00:00: Updated local JSON file: data/songdb/NX/SongDB_Dev.json with URL: https://jdmo-cdn.c0llydoll.com/private/songdb/jdmelody-nx-dev.f0a15a7bfce8ab65202dac95867ba9bf.json
29-04 19:03:05 +00:00: Uploading file: jdmelody-ps4-dev.json as jdmelody-ps4-dev.e862f11c1c32a956d52aa432ae4278bf.json
29-04 19:03:06 +00:00: File uploaded: jdmelody-ps4-dev.e862f11c1c32a956d52aa432ae4278bf.json
29-04 19:03:06 +00:00: Updated local JSON file: data/songdb/PS4/SongDB_Dev.json with URL: https://jdmo-cdn.c0llydoll.com/private/songdb/jdmelody-ps4-dev.e862f11c1c32a956d52aa432ae4278bf.json
29-04 19:03:06 +00:00: Uploading file: jdmelody-pc-dev.json as jdmelody-pc-dev.c8314944fe8a8dfff8b0e2f7f295640a.json
29-04 19:03:06 +00:00: File uploaded: jdmelody-pc-dev.c8314944fe8a8dfff8b0e2f7f295640a.json
29-04 19:03:06 +00:00: Updated local JSON file: data/songdb/PC/SongDB_Dev.json with URL: https://jdmo-cdn.c0llydoll.com/private/songdb/jdmelody-pc-dev.c8314944fe8a8dfff8b0e2f7f295640a.json
29-04 19:14:41 +00:00: Saved data to /root/JDMO/main/main/database/Maps/ShoopShoopRETAKE.json
29-04 19:14:49 +00:00: Uploading file: jdmelody-nx-all.json as jdmelody-nx-all.5f379d66380daaa2a622af5d0dd8412c.json
29-04 19:14:49 +00:00: File uploaded: jdmelody-nx-all.5f379d66380daaa2a622af5d0dd8412c.json
29-04 19:14:49 +00:00: Updated local JSON file: data/songdb/NX/SongDB.json with URL: https://jdmo-cdn.c0llydoll.com/private/songdb/jdmelody-nx-all.5f379d66380daaa2a622af5d0dd8412c.json
29-04 19:14:49 +00:00: Uploading file: jdmelody-ps4-all.json as jdmelody-ps4-all.9e3e1ebf03a601880734000bbc12e53a.json
29-04 19:14:50 +00:00: File uploaded: jdmelody-ps4-all.9e3e1ebf03a601880734000bbc12e53a.json
29-04 19:14:50 +00:00: Updated local JSON file: data/songdb/PS4/SongDB.json with URL: https://jdmo-cdn.c0llydoll.com/private/songdb/jdmelody-ps4-all.9e3e1ebf03a601880734000bbc12e53a.json
29-04 19:14:50 +00:00: Uploading file: jdmelody-pc-all.json as jdmelody-pc-all.af7cb6f9248537e08861b1709d36864c.json
29-04 19:14:51 +00:00: File uploaded: jdmelody-pc-all.af7cb6f9248537e08861b1709d36864c.json
29-04 19:14:51 +00:00: Updated local JSON file: data/songdb/PC/SongDB.json with URL: https://jdmo-cdn.c0llydoll.com/private/songdb/jdmelody-pc-all.af7cb6f9248537e08861b1709d36864c.json
29-04 19:14:51 +00:00: Uploading file: jdmelody-nx-patreon.json as jdmelody-nx-patreon.408354bb771f718e72d2cdef3481d296.json
29-04 19:14:51 +00:00: File uploaded: jdmelody-nx-patreon.408354bb771f718e72d2cdef3481d296.json
29-04 19:14:51 +00:00: Updated local JSON file: data/songdb/NX/SongDB_Patreon.json with URL: https://jdmo-cdn.c0llydoll.com/private/songdb/jdmelody-nx-patreon.408354bb771f718e72d2cdef3481d296.json
29-04 19:14:51 +00:00: Uploading file: jdmelody-ps4-patreon.json as jdmelody-ps4-patreon.34e2e471f601f52da26c5d35dd2a6af4.json
29-04 19:14:52 +00:00: File uploaded: jdmelody-ps4-patreon.34e2e471f601f52da26c5d35dd2a6af4.json
29-04 19:14:52 +00:00: Updated local JSON file: data/songdb/PS4/SongDB_Patreon.json with URL: https://jdmo-cdn.c0llydoll.com/private/songdb/jdmelody-ps4-patreon.34e2e471f601f52da26c5d35dd2a6af4.json
29-04 19:14:52 +00:00: Uploading file: jdmelody-pc-patreon.json as jdmelody-pc-patreon.fec1512ad44f3314e367a0a4505724d0.json
29-04 19:14:52 +00:00: File uploaded: jdmelody-pc-patreon.fec1512ad44f3314e367a0a4505724d0.json
29-04 19:14:52 +00:00: Updated local JSON file: data/songdb/PC/SongDB_Patreon.json with URL: https://jdmo-cdn.c0llydoll.com/private/songdb/jdmelody-pc-patreon.fec1512ad44f3314e367a0a4505724d0.json
29-04 19:14:52 +00:00: Uploading file: jdmelody-nx-dev.json as jdmelody-nx-dev.6a7d73b0310a0780729e1736e4073d30.json
29-04 19:14:52 +00:00: File uploaded: jdmelody-nx-dev.6a7d73b0310a0780729e1736e4073d30.json
29-04 19:14:52 +00:00: Updated local JSON file: data/songdb/NX/SongDB_Dev.json with URL: https://jdmo-cdn.c0llydoll.com/private/songdb/jdmelody-nx-dev.6a7d73b0310a0780729e1736e4073d30.json
29-04 19:14:52 +00:00: Uploading file: jdmelody-ps4-dev.json as jdmelody-ps4-dev.3d3b30a195de7afd102903e8f92c1a2f.json
29-04 19:14:53 +00:00: File uploaded: jdmelody-ps4-dev.3d3b30a195de7afd102903e8f92c1a2f.json
29-04 19:14:53 +00:00: Updated local JSON file: data/songdb/PS4/SongDB_Dev.json with URL: https://jdmo-cdn.c0llydoll.com/private/songdb/jdmelody-ps4-dev.3d3b30a195de7afd102903e8f92c1a2f.json
29-04 19:14:53 +00:00: Uploading file: jdmelody-pc-dev.json as jdmelody-pc-dev.9b7767a866309ca31ccca8f5cfdf3c30.json
29-04 19:14:53 +00:00: File uploaded: jdmelody-pc-dev.9b7767a866309ca31ccca8f5cfdf3c30.json
29-04 19:14:53 +00:00: Updated local JSON file: data/songdb/PC/SongDB_Dev.json with URL: https://jdmo-cdn.c0llydoll.com/private/songdb/jdmelody-pc-dev.9b7767a866309ca31ccca8f5cfdf3c30.json
29-04 19:24:07 +00:00: Saved data to /root/JDMO/main/main/database/Maps/Song2.json
29-04 19:32:06 +00:00: Saved data to /root/JDMO/main/main/database/Maps/Song2.json
29-04 19:37:47 +00:00: Saved data to /root/JDMO/main/main/database/Maps/Song2.json
29-04 19:38:14 +00:00: Uploading file: jdmelody-nx-all.json as jdmelody-nx-all.5f379d66380daaa2a622af5d0dd8412c.json
29-04 19:38:14 +00:00: File uploaded: jdmelody-nx-all.5f379d66380daaa2a622af5d0dd8412c.json
29-04 19:38:14 +00:00: Updated local JSON file: data/songdb/NX/SongDB.json with URL: https://jdmo-cdn.c0llydoll.com/private/songdb/jdmelody-nx-all.5f379d66380daaa2a622af5d0dd8412c.json
29-04 19:38:14 +00:00: Uploading file: jdmelody-ps4-all.json as jdmelody-ps4-all.9e3e1ebf03a601880734000bbc12e53a.json
29-04 19:38:15 +00:00: File uploaded: jdmelody-ps4-all.9e3e1ebf03a601880734000bbc12e53a.json
29-04 19:38:15 +00:00: Updated local JSON file: data/songdb/PS4/SongDB.json with URL: https://jdmo-cdn.c0llydoll.com/private/songdb/jdmelody-ps4-all.9e3e1ebf03a601880734000bbc12e53a.json
29-04 19:38:15 +00:00: Uploading file: jdmelody-pc-all.json as jdmelody-pc-all.af7cb6f9248537e08861b1709d36864c.json
29-04 19:38:15 +00:00: File uploaded: jdmelody-pc-all.af7cb6f9248537e08861b1709d36864c.json
29-04 19:38:15 +00:00: Updated local JSON file: data/songdb/PC/SongDB.json with URL: https://jdmo-cdn.c0llydoll.com/private/songdb/jdmelody-pc-all.af7cb6f9248537e08861b1709d36864c.json
29-04 19:38:15 +00:00: Uploading file: jdmelody-nx-patreon.json as jdmelody-nx-patreon.408354bb771f718e72d2cdef3481d296.json
29-04 19:38:15 +00:00: File uploaded: jdmelody-nx-patreon.408354bb771f718e72d2cdef3481d296.json
29-04 19:38:15 +00:00: Updated local JSON file: data/songdb/NX/SongDB_Patreon.json with URL: https://jdmo-cdn.c0llydoll.com/private/songdb/jdmelody-nx-patreon.408354bb771f718e72d2cdef3481d296.json
29-04 19:38:15 +00:00: Uploading file: jdmelody-ps4-patreon.json as jdmelody-ps4-patreon.34e2e471f601f52da26c5d35dd2a6af4.json
29-04 19:38:16 +00:00: File uploaded: jdmelody-ps4-patreon.34e2e471f601f52da26c5d35dd2a6af4.json
29-04 19:38:16 +00:00: Updated local JSON file: data/songdb/PS4/SongDB_Patreon.json with URL: https://jdmo-cdn.c0llydoll.com/private/songdb/jdmelody-ps4-patreon.34e2e471f601f52da26c5d35dd2a6af4.json
29-04 19:38:16 +00:00: Uploading file: jdmelody-pc-patreon.json as jdmelody-pc-patreon.fec1512ad44f3314e367a0a4505724d0.json
29-04 19:38:16 +00:00: File uploaded: jdmelody-pc-patreon.fec1512ad44f3314e367a0a4505724d0.json
29-04 19:38:16 +00:00: Updated local JSON file: data/songdb/PC/SongDB_Patreon.json with URL: https://jdmo-cdn.c0llydoll.com/private/songdb/jdmelody-pc-patreon.fec1512ad44f3314e367a0a4505724d0.json
29-04 19:38:16 +00:00: Uploading file: jdmelody-nx-dev.json as jdmelody-nx-dev.199217b0ea16524e260105b9c5983901.json
29-04 19:38:17 +00:00: File uploaded: jdmelody-nx-dev.199217b0ea16524e260105b9c5983901.json
29-04 19:38:17 +00:00: Updated local JSON file: data/songdb/NX/SongDB_Dev.json with URL: https://jdmo-cdn.c0llydoll.com/private/songdb/jdmelody-nx-dev.199217b0ea16524e260105b9c5983901.json
29-04 19:38:17 +00:00: Uploading file: jdmelody-ps4-dev.json as jdmelody-ps4-dev.fb1ca8eee2345b60a261ecd3444ada7a.json
29-04 19:38:18 +00:00: File uploaded: jdmelody-ps4-dev.fb1ca8eee2345b60a261ecd3444ada7a.json
29-04 19:38:18 +00:00: Updated local JSON file: data/songdb/PS4/SongDB_Dev.json with URL: https://jdmo-cdn.c0llydoll.com/private/songdb/jdmelody-ps4-dev.fb1ca8eee2345b60a261ecd3444ada7a.json
29-04 19:38:18 +00:00: Uploading file: jdmelody-pc-dev.json as jdmelody-pc-dev.ef17034a2a18949a6501dd7d5fc5b474.json
29-04 19:38:18 +00:00: File uploaded: jdmelody-pc-dev.ef17034a2a18949a6501dd7d5fc5b474.json
29-04 19:38:18 +00:00: Updated local JSON file: data/songdb/PC/SongDB_Dev.json with URL: https://jdmo-cdn.c0llydoll.com/private/songdb/jdmelody-pc-dev.ef17034a2a18949a6501dd7d5fc5b474.json
29-04 20:21:55 +00:00: Saved data to /root/JDMO/main/main/database/Maps/TakeMeOut.json
29-04 20:37:55 +00:00: Saved data to /root/JDMO/main/main/database/Maps/ThatsNotMyName.json
29-04 20:49:24 +00:00: Saved data to /root/JDMO/main/main/database/Maps/TikTok.json
29-04 20:57:46 +00:00: Saved data to /root/JDMO/main/main/database/Maps/Toxic.json
29-04 21:36:46 +00:00: Saved data to /root/JDMO/main/main/database/Maps/VivaLasVegas.json
29-04 22:02:38 +00:00: Saved data to /root/JDMO/main/main/database/Maps/WakeMeUp.json
29-04 22:22:19 +00:00: Saved data to /root/JDMO/main/main/database/Maps/WhenIGrowUp.json
29-04 22:22:29 +00:00: Uploading file: jdmelody-nx-all.json as jdmelody-nx-all.5f379d66380daaa2a622af5d0dd8412c.json
29-04 22:22:29 +00:00: File uploaded: jdmelody-nx-all.5f379d66380daaa2a622af5d0dd8412c.json
29-04 22:22:29 +00:00: Updated local JSON file: data/songdb/NX/SongDB.json with URL: https://jdmo-cdn.c0llydoll.com/private/songdb/jdmelody-nx-all.5f379d66380daaa2a622af5d0dd8412c.json
29-04 22:22:29 +00:00: Uploading file: jdmelody-ps4-all.json as jdmelody-ps4-all.9e3e1ebf03a601880734000bbc12e53a.json
29-04 22:22:30 +00:00: File uploaded: jdmelody-ps4-all.9e3e1ebf03a601880734000bbc12e53a.json
29-04 22:22:30 +00:00: Updated local JSON file: data/songdb/PS4/SongDB.json with URL: https://jdmo-cdn.c0llydoll.com/private/songdb/jdmelody-ps4-all.9e3e1ebf03a601880734000bbc12e53a.json
29-04 22:22:30 +00:00: Uploading file: jdmelody-pc-all.json as jdmelody-pc-all.af7cb6f9248537e08861b1709d36864c.json
29-04 22:22:30 +00:00: File uploaded: jdmelody-pc-all.af7cb6f9248537e08861b1709d36864c.json
29-04 22:22:30 +00:00: Updated local JSON file: data/songdb/PC/SongDB.json with URL: https://jdmo-cdn.c0llydoll.com/private/songdb/jdmelody-pc-all.af7cb6f9248537e08861b1709d36864c.json
29-04 22:22:30 +00:00: Uploading file: jdmelody-nx-patreon.json as jdmelody-nx-patreon.408354bb771f718e72d2cdef3481d296.json
29-04 22:22:30 +00:00: File uploaded: jdmelody-nx-patreon.408354bb771f718e72d2cdef3481d296.json
29-04 22:22:30 +00:00: Updated local JSON file: data/songdb/NX/SongDB_Patreon.json with URL: https://jdmo-cdn.c0llydoll.com/private/songdb/jdmelody-nx-patreon.408354bb771f718e72d2cdef3481d296.json
29-04 22:22:30 +00:00: Uploading file: jdmelody-ps4-patreon.json as jdmelody-ps4-patreon.34e2e471f601f52da26c5d35dd2a6af4.json
29-04 22:22:32 +00:00: File uploaded: jdmelody-ps4-patreon.34e2e471f601f52da26c5d35dd2a6af4.json
29-04 22:22:32 +00:00: Updated local JSON file: data/songdb/PS4/SongDB_Patreon.json with URL: https://jdmo-cdn.c0llydoll.com/private/songdb/jdmelody-ps4-patreon.34e2e471f601f52da26c5d35dd2a6af4.json
29-04 22:22:32 +00:00: Uploading file: jdmelody-pc-patreon.json as jdmelody-pc-patreon.fec1512ad44f3314e367a0a4505724d0.json
29-04 22:22:32 +00:00: File uploaded: jdmelody-pc-patreon.fec1512ad44f3314e367a0a4505724d0.json
29-04 22:22:32 +00:00: Updated local JSON file: data/songdb/PC/SongDB_Patreon.json with URL: https://jdmo-cdn.c0llydoll.com/private/songdb/jdmelody-pc-patreon.fec1512ad44f3314e367a0a4505724d0.json
29-04 22:22:32 +00:00: Uploading file: jdmelody-nx-dev.json as jdmelody-nx-dev.48ddc9115fc0fd11e12373bf25afa501.json
29-04 22:22:33 +00:00: File uploaded: jdmelody-nx-dev.48ddc9115fc0fd11e12373bf25afa501.json
29-04 22:22:33 +00:00: Updated local JSON file: data/songdb/NX/SongDB_Dev.json with URL: https://jdmo-cdn.c0llydoll.com/private/songdb/jdmelody-nx-dev.48ddc9115fc0fd11e12373bf25afa501.json
29-04 22:22:33 +00:00: Uploading file: jdmelody-ps4-dev.json as jdmelody-ps4-dev.5947cc754dd3ba50d6f848c25cad3572.json
29-04 22:22:34 +00:00: File uploaded: jdmelody-ps4-dev.5947cc754dd3ba50d6f848c25cad3572.json
29-04 22:22:34 +00:00: Updated local JSON file: data/songdb/PS4/SongDB_Dev.json with URL: https://jdmo-cdn.c0llydoll.com/private/songdb/jdmelody-ps4-dev.5947cc754dd3ba50d6f848c25cad3572.json
29-04 22:22:34 +00:00: Uploading file: jdmelody-pc-dev.json as jdmelody-pc-dev.e8be4e69f5f3e71ec5aa14abae461f2e.json
29-04 22:22:34 +00:00: File uploaded: jdmelody-pc-dev.e8be4e69f5f3e71ec5aa14abae461f2e.json
29-04 22:22:34 +00:00: Updated local JSON file: data/songdb/PC/SongDB_Dev.json with URL: https://jdmo-cdn.c0llydoll.com/private/songdb/jdmelody-pc-dev.e8be4e69f5f3e71ec5aa14abae461f2e.json
29-04 23:28:47 +00:00: Saved data to /root/JDMO/main/main/database/Maps/WhenIGrowUp.json
29-04 23:32:19 +00:00: Uploading file: jdmelody-nx-all.json as jdmelody-nx-all.5f379d66380daaa2a622af5d0dd8412c.json
29-04 23:32:19 +00:00: File uploaded: jdmelody-nx-all.5f379d66380daaa2a622af5d0dd8412c.json
29-04 23:32:19 +00:00: Updated local JSON file: data/songdb/NX/SongDB.json with URL: https://jdmo-cdn.c0llydoll.com/private/songdb/jdmelody-nx-all.5f379d66380daaa2a622af5d0dd8412c.json
29-04 23:32:19 +00:00: Uploading file: jdmelody-ps4-all.json as jdmelody-ps4-all.9e3e1ebf03a601880734000bbc12e53a.json
29-04 23:32:20 +00:00: File uploaded: jdmelody-ps4-all.9e3e1ebf03a601880734000bbc12e53a.json
29-04 23:32:20 +00:00: Updated local JSON file: data/songdb/PS4/SongDB.json with URL: https://jdmo-cdn.c0llydoll.com/private/songdb/jdmelody-ps4-all.9e3e1ebf03a601880734000bbc12e53a.json
29-04 23:32:20 +00:00: Uploading file: jdmelody-pc-all.json as jdmelody-pc-all.af7cb6f9248537e08861b1709d36864c.json
29-04 23:32:21 +00:00: File uploaded: jdmelody-pc-all.af7cb6f9248537e08861b1709d36864c.json
29-04 23:32:21 +00:00: Updated local JSON file: data/songdb/PC/SongDB.json with URL: https://jdmo-cdn.c0llydoll.com/private/songdb/jdmelody-pc-all.af7cb6f9248537e08861b1709d36864c.json
29-04 23:32:21 +00:00: Uploading file: jdmelody-nx-patreon.json as jdmelody-nx-patreon.408354bb771f718e72d2cdef3481d296.json
29-04 23:32:21 +00:00: File uploaded: jdmelody-nx-patreon.408354bb771f718e72d2cdef3481d296.json
29-04 23:32:21 +00:00: Updated local JSON file: data/songdb/NX/SongDB_Patreon.json with URL: https://jdmo-cdn.c0llydoll.com/private/songdb/jdmelody-nx-patreon.408354bb771f718e72d2cdef3481d296.json
29-04 23:32:21 +00:00: Uploading file: jdmelody-ps4-patreon.json as jdmelody-ps4-patreon.34e2e471f601f52da26c5d35dd2a6af4.json
29-04 23:32:22 +00:00: File uploaded: jdmelody-ps4-patreon.34e2e471f601f52da26c5d35dd2a6af4.json
29-04 23:32:22 +00:00: Updated local JSON file: data/songdb/PS4/SongDB_Patreon.json with URL: https://jdmo-cdn.c0llydoll.com/private/songdb/jdmelody-ps4-patreon.34e2e471f601f52da26c5d35dd2a6af4.json
29-04 23:32:22 +00:00: Uploading file: jdmelody-pc-patreon.json as jdmelody-pc-patreon.fec1512ad44f3314e367a0a4505724d0.json
29-04 23:32:22 +00:00: File uploaded: jdmelody-pc-patreon.fec1512ad44f3314e367a0a4505724d0.json
29-04 23:32:22 +00:00: Updated local JSON file: data/songdb/PC/SongDB_Patreon.json with URL: https://jdmo-cdn.c0llydoll.com/private/songdb/jdmelody-pc-patreon.fec1512ad44f3314e367a0a4505724d0.json
29-04 23:32:22 +00:00: Uploading file: jdmelody-nx-dev.json as jdmelody-nx-dev.66cfab41d7103280fb2e9882754b01cc.json
29-04 23:32:22 +00:00: File uploaded: jdmelody-nx-dev.66cfab41d7103280fb2e9882754b01cc.json
29-04 23:32:22 +00:00: Updated local JSON file: data/songdb/NX/SongDB_Dev.json with URL: https://jdmo-cdn.c0llydoll.com/private/songdb/jdmelody-nx-dev.66cfab41d7103280fb2e9882754b01cc.json
29-04 23:32:22 +00:00: Uploading file: jdmelody-ps4-dev.json as jdmelody-ps4-dev.f0312d8df5cf52b0111503c1674e9106.json
29-04 23:32:23 +00:00: File uploaded: jdmelody-ps4-dev.f0312d8df5cf52b0111503c1674e9106.json
29-04 23:32:23 +00:00: Updated local JSON file: data/songdb/PS4/SongDB_Dev.json with URL: https://jdmo-cdn.c0llydoll.com/private/songdb/jdmelody-ps4-dev.f0312d8df5cf52b0111503c1674e9106.json
29-04 23:32:24 +00:00: Uploading file: jdmelody-pc-dev.json as jdmelody-pc-dev.20d8e5400334b6df9ddc31b7b0d0634c.json
29-04 23:32:24 +00:00: File uploaded: jdmelody-pc-dev.20d8e5400334b6df9ddc31b7b0d0634c.json
29-04 23:32:24 +00:00: Updated local JSON file: data/songdb/PC/SongDB_Dev.json with URL: https://jdmo-cdn.c0llydoll.com/private/songdb/jdmelody-pc-dev.20d8e5400334b6df9ddc31b7b0d0634c.json
30-04 00:16:31 +00:00: Saved data to /root/JDMO/main/main/database/Maps/Futebol.json
30-04 00:35:58 +00:00: Saved data to /root/JDMO/main/main/database/Maps/KattiKalandal.json
30-04 00:36:41 +00:00: Uploading file: jdmelody-nx-all.json as jdmelody-nx-all.5f379d66380daaa2a622af5d0dd8412c.json
30-04 00:36:41 +00:00: File uploaded: jdmelody-nx-all.5f379d66380daaa2a622af5d0dd8412c.json
30-04 00:36:41 +00:00: Updated local JSON file: data/songdb/NX/SongDB.json with URL: https://jdmo-cdn.c0llydoll.com/private/songdb/jdmelody-nx-all.5f379d66380daaa2a622af5d0dd8412c.json
30-04 00:36:41 +00:00: Uploading file: jdmelody-ps4-all.json as jdmelody-ps4-all.9e3e1ebf03a601880734000bbc12e53a.json
30-04 00:36:41 +00:00: File uploaded: jdmelody-ps4-all.9e3e1ebf03a601880734000bbc12e53a.json
30-04 00:36:41 +00:00: Updated local JSON file: data/songdb/PS4/SongDB.json with URL: https://jdmo-cdn.c0llydoll.com/private/songdb/jdmelody-ps4-all.9e3e1ebf03a601880734000bbc12e53a.json
30-04 00:36:41 +00:00: Uploading file: jdmelody-pc-all.json as jdmelody-pc-all.af7cb6f9248537e08861b1709d36864c.json
30-04 00:36:41 +00:00: File uploaded: jdmelody-pc-all.af7cb6f9248537e08861b1709d36864c.json
30-04 00:36:41 +00:00: Updated local JSON file: data/songdb/PC/SongDB.json with URL: https://jdmo-cdn.c0llydoll.com/private/songdb/jdmelody-pc-all.af7cb6f9248537e08861b1709d36864c.json
30-04 00:36:41 +00:00: Uploading file: jdmelody-nx-patreon.json as jdmelody-nx-patreon.408354bb771f718e72d2cdef3481d296.json
30-04 00:36:42 +00:00: File uploaded: jdmelody-nx-patreon.408354bb771f718e72d2cdef3481d296.json
30-04 00:36:42 +00:00: Updated local JSON file: data/songdb/NX/SongDB_Patreon.json with URL: https://jdmo-cdn.c0llydoll.com/private/songdb/jdmelody-nx-patreon.408354bb771f718e72d2cdef3481d296.json
30-04 00:36:42 +00:00: Uploading file: jdmelody-ps4-patreon.json as jdmelody-ps4-patreon.34e2e471f601f52da26c5d35dd2a6af4.json
30-04 00:36:43 +00:00: File uploaded: jdmelody-ps4-patreon.34e2e471f601f52da26c5d35dd2a6af4.json
30-04 00:36:43 +00:00: Updated local JSON file: data/songdb/PS4/SongDB_Patreon.json with URL: https://jdmo-cdn.c0llydoll.com/private/songdb/jdmelody-ps4-patreon.34e2e471f601f52da26c5d35dd2a6af4.json
30-04 00:36:43 +00:00: Uploading file: jdmelody-pc-patreon.json as jdmelody-pc-patreon.fec1512ad44f3314e367a0a4505724d0.json
30-04 00:36:43 +00:00: File uploaded: jdmelody-pc-patreon.fec1512ad44f3314e367a0a4505724d0.json
30-04 00:36:43 +00:00: Updated local JSON file: data/songdb/PC/SongDB_Patreon.json with URL: https://jdmo-cdn.c0llydoll.com/private/songdb/jdmelody-pc-patreon.fec1512ad44f3314e367a0a4505724d0.json
30-04 00:36:43 +00:00: Uploading file: jdmelody-nx-dev.json as jdmelody-nx-dev.6d4079c432eff78a51773718b4c250b3.json
30-04 00:36:44 +00:00: File uploaded: jdmelody-nx-dev.6d4079c432eff78a51773718b4c250b3.json
30-04 00:36:44 +00:00: Updated local JSON file: data/songdb/NX/SongDB_Dev.json with URL: https://jdmo-cdn.c0llydoll.com/private/songdb/jdmelody-nx-dev.6d4079c432eff78a51773718b4c250b3.json
30-04 00:36:44 +00:00: Uploading file: jdmelody-ps4-dev.json as jdmelody-ps4-dev.2b8cfcef51b9358e274e1a618e999ecd.json
30-04 00:36:45 +00:00: File uploaded: jdmelody-ps4-dev.2b8cfcef51b9358e274e1a618e999ecd.json
30-04 00:36:45 +00:00: Updated local JSON file: data/songdb/PS4/SongDB_Dev.json with URL: https://jdmo-cdn.c0llydoll.com/private/songdb/jdmelody-ps4-dev.2b8cfcef51b9358e274e1a618e999ecd.json
30-04 00:36:45 +00:00: Uploading file: jdmelody-pc-dev.json as jdmelody-pc-dev.b67c9fb72700e8e6fa7ab0e71d04a7a6.json
30-04 00:48:11 +00:00: Saved data to /root/JDMO/main/main/database/Maps/MonsterMash.json
30-04 11:47:04 +00:00: Saved data to /root/JDMO/main/main/database/Maps/ComeOn.json
30-04 11:47:45 +00:00: Saved data to /root/JDMO/main/main/database/Maps/WalkLike.json
30-04 11:48:29 +00:00: Saved data to /root/JDMO/main/main/database/Maps/WhenIGrowUp.json
30-04 11:52:07 +00:00: Saved data to /root/JDMO/main/main/database/Maps/ComeOn.json
30-04 17:06:56 +00:00: /root/JDMO/main/main/database/Maps
30-04 17:06:56 +00:00: JDM API Server running at https://2.56.246.74:443/
30-04 17:06:56 +00:00: JWT Module Redis client connected
30-04 17:12:05 +00:00: /root/JDMO/main/main/database/Maps
30-04 17:12:05 +00:00: JDM API Server running at https://2.56.246.74:443/
30-04 17:12:05 +00:00: JWT Module Redis client connected
30-04 17:15:37 +00:00: /root/JDMO/main/main/database/Maps
30-04 17:15:37 +00:00: JDM API Server running at https://2.56.246.74:443/
30-04 17:15:37 +00:00: JWT Module Redis client connected
30-04 17:19:22 +00:00: /root/JDMO/main/main/database/Maps
30-04 17:19:22 +00:00: JDM API Server running at https://2.56.246.74:443/
30-04 17:19:22 +00:00: JWT Module Redis client connected
30-04 17:43:51 +00:00: /root/JDMO/main/main/database/Maps
30-04 17:43:51 +00:00: JDM API Server running at https://2.56.246.74:443/
30-04 17:43:51 +00:00: JWT Module Redis client connected
30-04 17:46:42 +00:00: /root/JDMO/main/main/database/Maps
30-04 17:46:42 +00:00: JDM API Server running at https://2.56.246.74:443/
30-04 17:46:42 +00:00: JWT Module Redis client connected
30-04 17:50:11 +00:00: /root/JDMO/main/main/database/Maps
30-04 17:50:11 +00:00: JDM API Server running at https://2.56.246.74:443/
30-04 17:50:11 +00:00: JWT Module Redis client connected
30-04 17:55:59 +00:00: /root/JDMO/main/main/database/Maps
30-04 17:55:59 +00:00: JDM API Server running at https://2.56.246.74:443/
30-04 17:55:59 +00:00: JWT Module Redis client connected
30-04 18:25:47 +00:00: /root/JDMO/main/main/database/Maps
30-04 18:25:47 +00:00: JDM API Server running at https://2.56.246.74:443/
30-04 18:25:47 +00:00: JWT Module Redis client connected
30-04 18:29:02 +00:00: /root/JDMO/main/main/database/Maps
30-04 18:29:02 +00:00: JDM API Server running at https://2.56.246.74:443/
30-04 18:29:02 +00:00: JWT Module Redis client connected
30-04 18:51:21 +00:00: /root/JDMO/main/main/database/Maps
30-04 18:51:21 +00:00: JDM API Server running at https://2.56.246.74:443/
30-04 18:51:21 +00:00: JWT Module Redis client connected
30-04 18:51:33 +00:00: /root/JDMO/main/main/database/Maps
30-04 18:51:33 +00:00: JDM API Server running at https://2.56.246.74:443/
30-04 18:51:33 +00:00: JWT Module Redis client connected
30-04 18:51:49 +00:00: /root/JDMO/main/main/database/Maps
30-04 18:51:49 +00:00: JDM API Server running at https://2.56.246.74:443/
30-04 18:51:49 +00:00: JWT Module Redis client connected
30-04 18:52:24 +00:00: /root/JDMO/main/main/database/Maps
30-04 18:52:24 +00:00: JDM API Server running at https://2.56.246.74:443/
30-04 18:52:24 +00:00: JWT Module Redis client connected
30-04 18:53:08 +00:00: /root/JDMO/main/main/database/Maps
30-04 18:53:08 +00:00: JDM API Server running at https://2.56.246.74:443/
30-04 18:53:08 +00:00: JWT Module Redis client connected
30-04 19:09:44 +00:00: /root/JDMO/main/main/database/Maps
30-04 19:09:44 +00:00: JDM API Server running at https://2.56.246.74:443/
30-04 19:09:44 +00:00: JWT Module Redis client connected
30-04 19:12:35 +00:00: /root/JDMO/main/main/database/Maps
30-04 19:12:35 +00:00: JDM API Server running at https://2.56.246.74:443/
30-04 19:12:35 +00:00: JWT Module Redis client connected
